seed,total_length,pre_length,material_redescription,raw_cs_argmax,pi0,pi1,q0,q1,bf,log_bf,recombination_error,T0,null_mean,null_sd,Q50,Q90,Q95,Q99,p_CRT,E_null,selective_material_redescription,p00,p01,p10,p11,switch_count,switch_rate,mean_dwell,max_dwell,occupancy_min_fraction,cue_context_mix_balance,realized_cue_outcome_contrast,marker_accuracy,marker_informative_count,population
788500,32,24,True,True,0.07258064516129031,0.9274193548387097,1.9239808268340758e-07,0.9999998076019173,406765.2515890969,12.915991520602281,0.0,2.9592493162845575,0.018048190078543146,2.067699556682793,0.019623805205938538,2.526026605395569,3.3067147380087083,4.6736027694639715,0.069,-0.34746542172415085,False,0.8812986434522418,0.11870135654775818,0.2740212771016096,0.7259787228983903,3,0.13043478260869565,6.0,10,0.20833333333333334,0.20833333333333334,0.5873015873015873,0.8947368421052632,19,consumed_v243_genuine_noncriterial
788501,32,24,False,False,0.07258064516129031,0.9274193548387097,0.12920459748274316,0.8707954025172568,0.5274518611730991,-0.6396976762358428,0.0,0.21508682985638772,0.3159839178522631,1.202889837482999,0.3673282295827993,1.7783265280134377,2.1932254327587,3.121220556564271,0.561,-1.9781386029023122,False,0.6206243472324287,0.37937565276757124,0.060971907539590676,0.9390280924604092,2,0.08695652173913043,8.0,20,0.08333333333333333,0.08333333333333333,0.5714285714285714,0.8888888888888888,18,consumed_v243_genuine_noncriterial
788502,32,24,True,True,0.07258064516129031,0.9274193548387097,4.5541862856268975e-08,0.9999999544581372,1718437.9621901796,14.356926274643786,0.0,0.6928164952665882,-3.2949014229098403,2.0080290389515043,-3.264363711319778,-0.8009551439967026,-0.05714417461153576,1.4234775636281303,0.022,0.7499606698781239,True,0.6819418440045659,0.3180581559954341,0.18299321674004917,0.8170067832599508,3,0.13043478260869565,6.0,9,0.4166666666666667,0.4166666666666667,0.4611111111111112,0.8666666666666667,15,consumed_v243_genuine_noncriterial
788503,32,24,True,True,0.07258064516129031,0.9274193548387097,3.6203945231544705e-08,0.9999999637960547,2161666.8081708397,14.58639015252525,1.1754943508222875e-38,3.4402934480664706,-0.49417432316426857,2.090096645395735,-0.4247797260652795,2.1059644195880773,2.8819022239985745,4.070776775271851,0.029,0.5583912240678961,True,0.5421952053802112,0.4578047946197889,0.11707802824346351,0.8829219717565365,5,0.21739130434782608,4.0,7,0.3333333333333333,0.3333333333333333,0.5666666666666667,0.9523809523809523,21,consumed_v243_genuine_noncriterial
788504,32,24,True,True,0.07258064516129031,0.9274193548387097,9.008668540783476e-08,0.9999999099133147,868728.4048764531,13.674785817856012,0.0,2.9940896481097767,0.9304886579473944,2.0542215043895378,0.8820028729944984,3.5436204330535177,4.275937821885488,5.663211847583213,0.17,-1.2818481737757117,False,0.7177357921661994,0.2822642078338004,0.20564617885111242,0.7943538211488874,3,0.13043478260869565,6.0,12,0.25,0.25,0.2777777777777778,0.95,20,consumed_v243_genuine_noncriterial
788505,32,24,True,True,0.07258064516129031,0.9274193548387097,3.0309966647124847e-05,0.9999696900333529,2581.939412602242,7.856296105833923,0.0,6.773422201793963,2.4765912656262734,1.7357560622120909,2.461224496452978,4.718713702807889,5.350669934224749,6.437896496210634,0.008,1.422752267569214,True,0.802692835662206,0.197307164337794,0.4701308967099526,0.5298691032900473,7,0.30434782608695654,3.0,11,0.25,0.25,0.5857142857142857,1.0,22,consumed_v243_genuine_noncriterial
788506,32,24,True,True,0.07258064516129031,0.9274193548387097,0.003791476215300961,0.996208523784699,20.56300525506091,3.0234935998984067,0.0,2.607193995198713,2.325846235547918,1.5806906797125992,2.23097727549714,4.495604241108005,4.93087747156111,5.846584960327483,0.413,-2.323683476362397,False,0.9619301792382526,0.0380698207617474,0.07045104130206388,0.9295489586979362,2,0.08695652173913043,8.0,14,0.3333333333333333,0.3333333333333333,0.08888888888888886,0.9047619047619048,21,consumed_v243_genuine_noncriterial
788507,32,24,False,False,0.07258064516129031,0.9274193548387097,1.6078801320528537e-13,0.9999999999998392,486733233436.28546,26.910982034660474,0.0,-0.7569526340968493,2.1323555343971092,2.4516209441069283,2.2978637648466225,5.167428968818975,6.033834599791083,7.398844118957401,0.875,-6.790787233887933,False,0.9399268752888752,0.06007312471112479,0.13999841668089869,0.8600015833191014,1,0.043478260869565216,12.0,14,0.4166666666666667,0.4166666666666667,0.7000000000000001,0.9090909090909091,22,consumed_v243_genuine_noncriterial
788508,32,24,True,True,0.07258064516129031,0.9274193548387097,2.2592525976581113e-10,0.9999999997740747,346401591.5203975,19.663109329100422,0.0,2.1290930635621814,0.814574192060636,2.2179203128761804,0.8909766133584868,3.756042348883771,4.364943741799149,5.669036118001452,0.286,-2.235850678236967,False,0.9769301488022386,0.02306985119776132,0.05059498594788443,0.9494050140521155,3,0.13043478260869565,6.0,12,0.4583333333333333,0.4583333333333333,0.35000000000000003,1.0,20,consumed_v243_genuine_noncriterial
788509,32,24,True,True,0.07258064516129031,0.9274193548387097,4.603232061922815e-07,0.9999995396767938,170012.792071214,12.043628960679179,0.0,2.186870586608505,2.5558295207840915,2.2037630801029513,2.4923989831929783,5.338156082342843,6.291652938773863,7.635584321087135,0.567,-4.104782352165358,False,0.8946858586574423,0.10531414134255782,0.15106969105336693,0.848930308946633,4,0.17391304347826086,4.8,11,0.25,0.25,0.1873015873015873,0.8636363636363636,22,consumed_v243_genuine_noncriterial
788510,32,24,False,False,0.07258064516129031,0.9274193548387097,0.6099910885910065,0.3900089114089936,0.05003751221276723,-2.9949823105911846,0.0,-1.1487801362217116,-1.6755835507288852,0.7631398726685633,-1.4026482505175584,-0.8936074943784744,-0.4578445727612428,-0.39275794616149473,0.336,-0.6909355634604688,False,0.9937525766377384,0.006247423362261543,0.08628727154558001,0.91371272845442,0,0.0,24.0,24,0.0,0.0,0.0,0.9583333333333334,24,consumed_v243_genuine_noncriterial
788511,32,24,True,True,0.07258064516129031,0.9274193548387097,0.0007114630817380367,0.9992885369182619,109.92164154846822,4.699767762391533,0.0,2.0559094519969827,0.4140598705811012,1.2171404126337544,0.18231952256882122,2.0482077888601404,2.6873226669803456,3.863123118655456,0.098,-0.6314132149833629,False,0.9101244680776714,0.08987553192232858,0.28742826983695496,0.712571730163045,2,0.08695652173913043,8.0,20,0.125,0.125,0.7619047619047619,1.0,23,consumed_v243_genuine_noncriterial
788512,32,24,True,True,0.07258064516129031,0.9274193548387097,4.967464997743054e-09,0.9999999950325349,15754689.607680526,16.572648631784933,0.0,2.4386185222456747,2.7000159386654343,2.5000305256060185,2.6829174431021916,5.91945991557983,6.825303263670953,8.503264504808188,0.544,-4.386684741425279,False,0.798681362531761,0.20131863746823897,0.11326394315796998,0.88673605684203,3,0.13043478260869565,6.0,12,0.375,0.375,0.3999999999999999,0.8695652173913043,23,consumed_v243_genuine_noncriterial
788513,32,24,True,True,0.07258064516129031,0.9274193548387097,1.300550802450247e-10,0.9999999998699449,601751730.1715183,20.215355509856423,0.0,5.60967900873983,1.1461462487615603,2.3800223998575984,1.1543387954275086,4.251320184920894,5.0769084648144,6.86160768816791,0.036,0.5327705439254302,True,0.6963096784187764,0.30369032158122355,0.08790789116115057,0.9120921088388495,3,0.13043478260869565,6.0,8,0.4583333333333333,0.4583333333333333,0.4888888888888889,0.95,20,consumed_v243_genuine_noncriterial
788514,32,24,False,False,0.07258064516129031,0.9274193548387097,0.15827759954559234,0.8417224004544076,0.41619235559046286,-0.8766077323453829,0.0,-0.00021505532668886218,-0.4048119407693922,1.0753623946186661,-0.5389678055576375,1.084831851560853,1.5333521100734913,2.473991828811614,0.304,-1.5335671654001801,False,0.946714084311491,0.05328591568850914,0.13357462409724136,0.8664253759027587,3,0.13043478260869565,6.0,14,0.16666666666666666,0.16666666666666666,0.42063492063492053,0.95,20,consumed_v243_genuine_noncriterial
788515,32,24,True,True,0.07258064516129031,0.9274193548387097,1.132488830870603e-11,0.9999999999886751,6910520212.739577,22.656310755935642,0.0,3.901056477640827,-0.5749789889386623,2.3065681171765506,-0.5518708049726251,2.4410449289263463,3.245018266091524,4.507750363843035,0.02,0.6560382115493031,True,0.7644182357228109,0.23558176427718908,0.140678593041449,0.859321406958551,3,0.13043478260869565,6.0,11,0.375,0.375,0.5166666666666667,0.8888888888888888,18,consumed_v243_genuine_noncriterial
788516,32,24,False,True,0.07258064516129031,0.9274193548387097,0.9246219791347935,0.07537802086520647,0.006380066223967799,-5.054576801747053,0.0,-1.0735539645329863,-1.1259747495415628,0.47326286875385126,-1.1346214198332856,-0.6227540844623567,-0.20306856023801334,0.04028290144642499,0.41,-0.870485404294973,False,0.9364286176560112,0.06357138234398875,0.04772525057600251,0.9522747494239975,0,0.0,24.0,24,0.0,0.0,0.0,1.0,22,consumed_v243_genuine_noncriterial
788517,32,24,True,True,0.07258064516129031,0.9274193548387097,5.240808380635885e-10,0.9999999994759192,149329767.1660085,18.82166762084124,0.0,2.2768950334508555,2.8308812059521533,2.4317718571270603,2.843111407022973,5.992012306268242,6.740672315864886,8.341136987265635,0.583,-4.46377728241403,False,0.7584913822684072,0.24150861773159268,0.2176623876816649,0.7823376123183351,3,0.13043478260869565,6.0,14,0.3333333333333333,0.3333333333333333,0.4777777777777778,1.0,22,consumed_v243_genuine_noncriterial
788518,32,24,True,True,0.07258064516129031,0.9274193548387097,2.825057818860087e-07,0.9999997174942182,277023.87871002074,12.531858986183378,0.0,2.2968498125951036,1.054979641322968,1.780186777842469,1.011794861759147,3.2598608096600667,4.066638837917882,5.477697905861106,0.239,-1.7697890253227784,False,0.9281553605104214,0.0718446394895785,0.2941105947153966,0.7058894052846033,1,0.043478260869565216,12.0,19,0.20833333333333334,0.20833333333333334,0.8412698412698413,0.95,20,consumed_v243_genuine_noncriterial
788519,32,24,True,True,0.07258064516129031,0.9274193548387097,7.226756028001473e-11,0.9999999999277326,1082932220.9899526,20.80293821850996,0.0,4.165350440845007,0.10599345204949996,2.3209438231559414,0.14975607660546553,3.010083438818529,3.816439702317902,5.21505605877325,0.033,0.34891073852710486,True,0.7185165179527327,0.28148348204726725,0.11902096734343126,0.8809790326565687,6,0.2608695652173913,3.4285714285714284,7,0.4583333333333333,0.4583333333333333,0.5833333333333334,1.0,18,consumed_v243_genuine_noncriterial
788520,32,24,True,True,0.07258064516129031,0.9274193548387097,2.078489661499458e-09,0.9999999979215104,37652758.56416536,17.44391677816269,0.0,2.0443663857418377,0.7837809404103744,2.277396340363759,0.9303381526716243,3.57448974749745,4.391125694820844,5.5510322237332606,0.306,-2.3467593090790064,False,0.9735298042413028,0.02647019575869725,0.35571650306494856,0.6442834969350513,1,0.043478260869565216,12.0,17,0.2916666666666667,0.2916666666666667,0.3111111111111111,0.95,20,consumed_v243_genuine_noncriterial
788521,32,24,True,True,0.07258064516129031,0.9274193548387097,4.2958442561076486e-09,0.9999999957041558,18217808.785258666,16.717910178307925,0.0,6.438190026907961,2.942183138560038,2.3651269724257444,3.040422336393718,5.877122353696267,6.746300667528537,8.258076701947203,0.063,-0.30811064062057625,False,0.816363455332808,0.183636544667192,0.16577122748737286,0.8342287725126272,5,0.21739130434782608,4.0,6,0.375,0.375,0.3999999999999999,1.0,22,consumed_v243_genuine_noncriterial
788522,32,24,True,True,0.07258064516129031,0.9274193548387097,9.12514762403929e-09,0.9999999908748525,8576394.824003162,15.96452419947963,0.0,2.86392340185326,3.45909408814155,2.2832796898767334,3.505413653285501,6.329089361762843,7.108713363136548,8.736826660129339,0.616,-4.2447899612832884,False,0.6994709111692495,0.3005290888307504,0.2735999622190636,0.7264000377809364,6,0.2608695652173913,3.4285714285714284,7,0.4166666666666667,0.4166666666666667,0.638888888888889,0.9565217391304348,23,consumed_v243_genuine_noncriterial
788523,32,24,True,True,0.07258064516129031,0.9274193548387097,0.0026391745121755825,0.9973608254878245,29.57528011613627,3.3869388812020578,5.877471754111438e-39,2.086501797668887,2.2734070167991534,1.8105404313263562,2.1447753628922426,4.652637324380264,5.432692012162401,6.4360129597726985,0.517,-3.346190214493514,False,0.4195609243617213,0.5804390756382788,0.1534098632560041,0.846590136743996,4,0.17391304347826086,4.8,15,0.25,0.25,0.09682539682539681,0.9,20,consumed_v243_genuine_noncriterial
788524,32,24,True,True,0.07258064516129031,0.9274193548387097,1.271569964533721e-06,0.9999987284300355,61546.570172207634,11.027549405806617,0.0,2.489223740767626,0.8146628969477697,1.920302454884448,0.8114147662891374,3.2388174208549123,4.074808803887888,5.2424517754538655,0.193,-1.585585063120262,False,0.736405290376293,0.26359470962370696,0.13018539585810876,0.8698146041418913,4,0.17391304347826086,4.8,14,0.25,0.25,0.7269841269841271,0.9473684210526315,19,consumed_v243_genuine_noncriterial
788525,32,24,False,False,0.07258064516129031,0.9274193548387097,0.01307513459499783,0.9869248654050021,5.907212472725098,1.776174057328637,0.0,1.1058599628867694,2.652347218311358,1.7419933825387315,2.6616809552314624,4.95286383926247,5.519073536599917,7.156310325556323,0.779,-4.413213573713148,False,0.6781267686781064,0.32187323132189355,0.07657849177299138,0.9234215082270086,3,0.13043478260869565,6.0,15,0.08333333333333333,0.08333333333333333,0.7142857142857143,0.7727272727272727,22,consumed_v243_genuine_noncriterial
788526,32,24,True,True,0.07258064516129031,0.9274193548387097,1.9169671033804837e-10,0.9999999998083032,408253586.67973745,19.827399075274695,0.0,6.24578583179081,1.0178877408841633,2.3615569301018398,0.9807753868630847,4.093972568756341,4.895946905660436,6.3511832930336904,0.015,1.3498389261303743,True,0.7513594009414535,0.24864059905854644,0.22185752574998116,0.7781424742500188,6,0.2608695652173913,3.4285714285714284,5,0.4583333333333333,0.375,0.5777777777777777,1.0,20,consumed_v243_genuine_noncriterial
788527,32,24,False,False,0.07258064516129031,0.9274193548387097,8.403829780465723e-05,0.9999159617021953,931.1741753367312,6.83644634392158,0.0,-1.4761460590524749,-2.048962510026148,1.7468197943216512,-1.9384974056322806,0.14271501852855573,0.7670161425627927,1.7610735060950267,0.395,-2.2431622016152675,False,0.8666558347188948,0.13334416528110524,0.3145882638199558,0.6854117361800441,3,0.13043478260869565,6.0,16,0.20833333333333334,0.20833333333333334,0.6825396825396824,0.9375,16,consumed_v243_genuine_noncriterial
788528,32,24,True,True,0.07258064516129031,0.9274193548387097,3.080474638171941e-06,0.9999969195253618,25405.37990958302,10.142716238042492,0.0,5.639892709351869,0.22871998269010185,2.1678516878096596,0.26517023538016304,2.9825069768895927,3.827509963166657,5.429145412260593,0.008,1.8123827461852122,True,0.4941307726826036,0.5058692273173964,0.405336655011699,0.5946633449883009,10,0.43478260869565216,2.1818181818181817,10,0.25,0.25,0.746031746031746,0.9473684210526315,19,consumed_v243_genuine_noncriterial
788529,32,24,True,True,0.07258064516129031,0.9274193548387097,8.373714046038359e-14,0.9999999999999163,934601649100.2135,27.56338623170959,0.0,6.650752135222971,2.333623025952067,2.4954475471853805,2.3887646556923583,5.47490801746819,6.3713179686528285,7.654809932649455,0.037,0.27943416657014275,True,0.8088136994785101,0.19118630052148977,0.02742660073818021,0.9725733992618198,2,0.08695652173913043,8.0,11,0.4583333333333333,0.4583333333333333,0.6833333333333332,0.9545454545454546,22,consumed_v243_genuine_noncriterial
788530,32,24,False,False,0.07258064516129031,0.9274193548387097,0.3729392965445661,0.6270607034554339,0.13158794575227822,-2.0280798619133042,0.0,-0.19763029590134584,-1.6828191102056944,0.9134921675991983,-2.031250060674154,-0.37071062574787006,-0.2023353984599241,1.9884793031791328,0.049,0.004705102558578256,False,0.9057610471573906,0.09423895284260939,0.15525308330933346,0.8447469166906666,2,0.08695652173913043,8.0,13,0.08333333333333333,0.08333333333333333,0.9285714285714286,0.9473684210526315,19,consumed_v243_genuine_noncriterial
788531,32,24,True,True,0.07258064516129031,0.9274193548387097,0.004261441491969991,0.99573855850803,18.28662099322405,2.9061696992019206,0.0,4.3900923934127976,0.4473064428509888,1.5844142682393112,0.40624893931791894,2.535524470731708,3.0396843658545265,4.159974925937878,0.007,1.350408027558271,True,0.8234594943489296,0.1765405056510704,0.184920724614307,0.8150792753856929,6,0.2608695652173913,3.4285714285714284,15,0.16666666666666666,0.16666666666666666,0.8095238095238096,0.8947368421052632,19,consumed_v243_genuine_noncriterial
788532,32,24,False,False,0.07258064516129031,0.9274193548387097,2.9838443879098825e-10,0.9999999997016156,262282007.2620667,19.38493084645709,0.0,0.14588311315448266,1.9185513101221925,2.252487415258913,2.0206231578594105,4.750906490903506,5.540653107240809,7.031724558520445,0.779,-5.394769994086326,False,0.8786129456641074,0.12138705433589271,0.18403101206335534,0.8159689879366446,1,0.043478260869565216,12.0,15,0.375,0.375,0.13333333333333333,0.9523809523809523,21,consumed_v243_genuine_noncriterial
788533,32,24,True,True,0.07258064516129031,0.9274193548387097,8.294184716901557e-06,0.9999917058152831,9435.553116587038,9.152240079993932,0.0,4.477010056280827,1.2521096082019336,1.3883559727595127,1.1788424796143628,3.0789186658742556,3.593530021368493,4.767735214357138,0.015,0.883480034912334,True,0.8844776662940695,0.11552233370593046,0.30090879199099635,0.6990912080090036,5,0.21739130434782608,4.0,9,0.2916666666666667,0.2916666666666667,0.38888888888888884,1.0,22,consumed_v243_genuine_noncriterial
788534,32,24,False,False,0.07258064516129031,0.9274193548387097,0.00026106195678344727,0.9997389380432165,299.7006518815383,5.7027841494338265,0.0,1.191137921512544,2.1931356795805006,1.6648860498777431,2.156335841943493,4.433503270201529,5.099117960258043,6.083747352408958,0.686,-3.9079800387454995,False,0.8019007343483009,0.19809926565169916,0.16366610373493556,0.8363338962650644,2,0.08695652173913043,8.0,18,0.125,0.125,0.8095238095238096,0.9523809523809523,21,consumed_v243_genuine_noncriterial
788535,32,24,True,True,0.07258064516129031,0.9274193548387097,0.00018955569139063547,0.9998104443086093,412.7865230420808,6.022930565965028,2.465190328815662e-32,4.664352966784829,0.2886617533173467,1.6859382007290271,0.31274256213558704,2.4699812147497684,3.0884985024220626,4.265929132641324,0.006,1.5758544643627665,True,0.9565085476380915,0.0434914523619085,0.4648624328396734,0.5351375671603267,1,0.043478260869565216,12.0,23,0.041666666666666664,0.041666666666666664,0.5714285714285714,0.8636363636363636,22,consumed_v243_genuine_noncriterial
788536,32,24,False,False,0.07258064516129031,0.9274193548387097,0.12950988353274925,0.8704901164672507,0.5260240500905669,-0.6424083446840332,0.0,0.9959632992172585,-0.14934202091008972,1.246462887672565,-0.12680218217804673,1.3812724542223227,1.9259043055376068,2.594238922999446,0.164,-0.9299410063203484,False,0.8944987805964558,0.10550121940354422,0.46749300734444754,0.5325069926555526,2,0.08695652173913043,8.0,15,0.041666666666666664,0.041666666666666664,0.7142857142857143,0.8888888888888888,18,consumed_v243_genuine_noncriterial
788537,32,24,True,True,0.07258064516129031,0.9274193548387097,7.650131765257347e-09,0.9999999923498682,10230002.746087166,16.14083540636249,0.0,3.7257432820001153,1.3060975535638224,2.4677870357009817,1.3524973848363362,4.399511161122901,5.15182860234413,6.933686907503251,0.171,-1.426085320344015,False,0.830976161051965,0.1690238389480349,0.6142715424081991,0.3857284575918008,8,0.34782608695652173,2.6666666666666665,6,0.4166666666666667,0.4166666666666667,0.41111111111111115,1.0,22,consumed_v243_genuine_noncriterial
788538,32,24,True,True,0.07258064516129031,0.9274193548387097,0.00011502167147070504,0.9998849783285293,680.3228197663541,6.522567420469688,0.0,1.2016209287907635,-1.19888682177829,2.122181384161428,-1.226081137744862,1.6169982094972863,2.218030536822678,3.252955593769362,0.147,-1.0164096080319145,False,0.8040699941988901,0.19593000580110975,0.316553159651786,0.683446840348214,6,0.2608695652173913,3.4285714285714284,9,0.20833333333333334,0.20833333333333334,0.373015873015873,0.8888888888888888,18,consumed_v243_genuine_noncriterial
788539,32,24,True,True,0.07258064516129031,0.9274193548387097,9.486873673872124e-08,0.9999999051312632,824938.3815054516,13.623063973443148,0.0,4.504684284067818,0.3198802013854263,1.8028337155045941,0.3519251522968587,2.6565850292240576,3.133808504804489,4.521047852639007,0.011,1.3708757792633293,True,0.948498331678412,0.051501668321588055,0.22305148162487146,0.7769485183751286,2,0.08695652173913043,8.0,14,0.2916666666666667,0.2916666666666667,0.7111111111111111,1.0,19,consumed_v243_genuine_noncriterial
788540,32,24,True,True,0.07258064516129031,0.9274193548387097,2.698616423290578e-13,0.9999999999997301,290003680737.1401,26.39315945204342,0.0,7.239323411659402,2.5678038389006845,2.6590593791851016,2.597859503419691,6.076589204200088,7.012940340804104,8.828263509802623,0.041,0.22638307085529874,True,0.8822356559995105,0.11776434400048955,0.09747747711819622,0.9025225228818037,4,0.17391304347826086,4.8,10,0.4583333333333333,0.4583333333333333,0.7833333333333333,0.9545454545454546,22,consumed_v243_genuine_noncriterial
788541,32,24,False,False,0.07258064516129031,0.9274193548387097,0.7875590927563403,0.2124409072436597,0.021110555747537136,-3.857982091199507,0.0,-2.036445763489194,-0.4957943748085297,1.0046357283180216,-0.5508370585450257,0.7732085911860022,1.2291614026643147,2.6944841698808117,0.987,-3.265607166153509,False,0.8968449120301021,0.10315508796989793,0.1988630606471276,0.8011369393528724,2,0.08695652173913043,8.0,16,0.041666666666666664,0.041666666666666664,-0.2857142857142857,0.95,20,consumed_v243_genuine_noncriterial
788542,32,24,True,True,0.07258064516129031,0.9274193548387097,4.141432171924357e-09,0.9999999958585679,18897054.44692593,16.754516618515098,0.0,4.600995770483683,0.31246217691826134,2.0214627771053366,0.30524533941276744,2.8606260736497537,3.625267048661691,5.200306704932434,0.02,0.9757287218219921,True,0.9169399704391796,0.08306002956082033,0.10730830420504098,0.892691695794959,2,0.08695652173913043,8.0,18,0.25,0.25,0.888888888888889,0.9473684210526315,19,consumed_v243_genuine_noncriterial
788543,32,24,True,True,0.07258064516129031,0.9274193548387097,3.884050725965905e-07,0.9999996115949275,201492.83490327327,12.213509100943957,0.0,7.874225223206745,3.508235235121155,2.294688825664946,3.5418718544458345,6.505394109925966,7.4376600350991176,9.18641085943694,0.033,0.4365651881076271,True,0.8432740865477414,0.1567259134522584,0.19226871069585036,0.8077312893041495,6,0.2608695652173913,3.4285714285714284,7,0.3333333333333333,0.3333333333333333,0.6555555555555556,0.9565217391304348,23,consumed_v243_genuine_noncriterial
788544,32,24,True,True,0.07258064516129031,0.9274193548387097,4.813813098388986e-10,0.9999999995186187,162575629.60584262,18.90665386442208,0.0,4.4428616474262155,0.7255001176608799,2.2946741003944897,0.7297141518872546,3.5522691542473623,4.281328002566931,6.323839020120348,0.047,0.16153364485928456,True,0.9390547273094194,0.060945272690580504,0.10783733563454964,0.8921626643654503,1,0.043478260869565216,12.0,16,0.3333333333333333,0.3333333333333333,0.3666666666666667,0.95,20,consumed_v243_genuine_noncriterial
788545,32,24,True,True,0.07258064516129031,0.9274193548387097,3.078301655745251e-09,0.9999999969216984,25423391.88176803,17.05118024841058,0.0,2.603923968969801,-0.2520255283470281,2.216554974880924,-0.1819621373274356,2.5754119830378097,3.368302103346056,4.796566054687969,0.097,-0.7643781343762552,False,0.954132870183756,0.04586712981624403,0.07237715745489716,0.9276228425451029,1,0.043478260869565216,12.0,14,0.4166666666666667,0.4166666666666667,0.44999999999999996,0.9444444444444444,18,consumed_v243_genuine_noncriterial
788546,32,24,True,True,0.07258064516129031,0.9274193548387097,0.0002675698267511401,0.9997324301732489,292.40938811338884,5.678154834451135,0.0,4.9637002886642865,3.2457471024696765,1.7692746832641033,3.124053799020543,5.499213673617438,6.366279870727777,7.768739612441829,0.159,-1.40257958206349,False,0.4512705003125511,0.5487294996874488,0.15294759866431729,0.8470524013356826,7,0.30434782608695654,3.0,7,0.25,0.25,0.7666666666666667,0.9090909090909091,22,consumed_v243_genuine_noncriterial
788547,32,24,True,True,0.07258064516129031,0.9274193548387097,5.8994851895586765e-09,0.9999999941005148,13265711.598366246,16.40069318892225,0.0,5.269603224002949,1.8874949317458845,2.291562680665528,1.9488655823632892,4.753173738015514,5.513220051893979,7.2678310645146365,0.067,-0.24361682789103067,False,0.8623898152790143,0.13761018472098577,0.04250030482509998,0.9574996951749001,4,0.17391304347826086,4.8,13,0.4166666666666667,0.4166666666666667,0.4388888888888889,0.9047619047619048,21,consumed_v243_genuine_noncriterial
788548,32,24,True,True,0.07258064516129031,0.9274193548387097,5.3263511009518054e-06,0.9999946736488989,14693.070591302867,9.59513127328167,0.0,4.273896342014811,2.138452948578676,2.173575275228054,2.180564751415147,4.838199913455702,5.792445358269671,7.096729997060354,0.159,-1.5185490162548598,False,0.8423448905754731,0.15765510942452693,0.1919149422489848,0.8080850577510151,5,0.21739130434782608,4.0,8,0.2916666666666667,0.2916666666666667,0.48253968253968255,0.85,20,consumed_v243_genuine_noncriterial
788549,32,24,False,False,0.07258064516129031,0.9274193548387097,1.5661032982329363e-05,0.9999843389670177,4997.093359515922,8.51661169428273,0.0,-1.5594106952969975,1.981358844708449,2.1759253494993445,1.9641166267502335,4.801764754378405,5.439821052013167,7.012985175346969,0.942,-6.999231747310165,False,0.8054239611291297,0.19457603887087024,0.23557323222739698,0.7644267677726029,6,0.2608695652173913,3.4285714285714284,10,0.375,0.375,0.061111111111111095,0.9545454545454546,22,consumed_v243_genuine_noncriterial
788550,32,24,False,False,0.07258064516129031,0.9274193548387097,0.00012318645447553588,0.9998768135455245,635.225920084515,6.453980715278769,0.0,0.022559088223738755,0.720722278718271,1.7900412869230131,0.7477330468537701,3.016903215542602,3.6475634156421397,4.581918134583475,0.661,-3.625004327418401,False,0.8876929297193404,0.11230707028065946,0.2413056000106791,0.758694399989321,4,0.17391304347826086,4.8,13,0.20833333333333334,0.20833333333333334,0.19047619047619047,0.9545454545454546,22,consumed_v243_genuine_noncriterial
788551,32,24,True,True,0.07258064516129031,0.9274193548387097,7.661526795932632e-08,0.999999923384732,1021478.6902629808,13.836761831801443,0.0,6.582606243820413,3.080320029838366,2.075858134293889,3.07288208925383,5.743052939807514,6.5393936148562055,8.315058989499798,0.047,0.04321262896420741,True,0.8132919230200708,0.18670807697992917,0.17634055107276903,0.823659448927231,6,0.2608695652173913,3.4285714285714284,7,0.4166666666666667,0.3333333333333333,0.5111111111111111,1.0,21,consumed_v243_genuine_noncriterial
788552,32,24,True,True,0.07258064516129031,0.9274193548387097,2.5996490655926474e-12,0.9999999999974003,30104397782.310875,24.127937103753453,0.0,9.030807771661403,3.0871043362299218,2.5694595846485164,3.0940788678286255,6.437110233470838,7.27666220740956,9.342519541051786,0.013,1.7541455642518429,True,0.9582412562100261,0.041758743789973955,0.28761776510046877,0.7123822348995313,3,0.13043478260869565,6.0,12,0.4583333333333333,0.4583333333333333,0.5722222222222222,0.8695652173913043,23,consumed_v243_genuine_noncriterial
788553,32,24,True,True,0.07258064516129031,0.9274193548387097,2.820715919035667e-07,0.999999717928408,277450.29891845584,12.533397093131214,0.0,4.063970912395984,0.5497091758339436,2.2567574189684687,0.567459530753011,3.426680202738686,4.151345664316322,5.537552154520657,0.053,-0.08737475192033806,False,0.7589499651715041,0.24105003482849582,0.07429731854458543,0.9257026814554147,2,0.08695652173913043,8.0,10,0.25,0.25,0.8333333333333334,0.8333333333333334,18,consumed_v243_genuine_noncriterial
788554,32,24,False,False,0.07258064516129031,0.9274193548387097,0.001831566832093516,0.9981684331679064,42.6506574499283,3.753042688823059,0.0,0.6001522649275957,2.362518719587353,1.6591243257751658,2.30924682076494,4.491143340944858,5.1301253168141265,6.593569809145373,0.847,-4.529973051886531,False,0.8298733380915622,0.1701266619084379,0.2392654805142749,0.7607345194857251,4,0.17391304347826086,4.8,13,0.25,0.25,-0.09206349206349207,1.0,19,consumed_v243_genuine_noncriterial
788555,32,24,False,False,0.07258064516129031,0.9274193548387097,5.3453227542146554e-05,0.9999465467724579,1464.021722681674,7.288942532308495,0.0,-0.15417434913180883,-0.31998739217517325,1.86126362948419,-0.36055664551407585,2.1903851188343872,2.7146959709448275,3.92091925024617,0.461,-2.8688703200766366,False,0.5012509263025738,0.49874907369742616,0.3882038172451163,0.6117961827548837,11,0.4782608695652174,2.0,10,0.375,0.375,0.44444444444444436,0.8235294117647058,17,consumed_v243_genuine_noncriterial
788556,32,24,True,True,0.07258064516129031,0.9274193548387097,1.1333640112179244e-09,0.9999999988666359,69051839.2166161,18.050368073476662,0.0,4.934416049139436,1.1174815755166796,2.284399622511112,1.1353810929503825,4.054189035725734,5.029309186845815,6.532074692199464,0.054,-0.09489313770637864,False,0.7193544468986004,0.28064555310139966,0.34779772626586053,0.6522022737341394,9,0.391304347826087,2.4,6,0.375,0.375,0.36111111111111116,0.9047619047619048,21,consumed_v243_genuine_noncriterial
788557,32,24,True,True,0.07258064516129031,0.9274193548387097,9.205098095578422e-11,0.9999999999079491,850190500.3663703,20.560971000416014,0.0,5.809962688521711,2.249401535667268,2.313764513798743,2.1964059888731855,5.311726173164002,6.12209294046057,7.626057773196299,0.071,-0.3121302519388589,False,0.5525654789947547,0.4474345210052452,0.34284762718865053,0.6571523728113494,6,0.2608695652173913,3.4285714285714284,7,0.4166666666666667,0.4166666666666667,0.43333333333333335,1.0,21,consumed_v243_genuine_noncriterial
788558,32,24,True,True,0.07258064516129031,0.9274193548387097,8.515610092912877e-10,0.999999999148439,91902833.31984194,18.336242417316846,0.0,2.836390707795041,2.3210111820741335,2.613297907515248,2.283753895260378,5.744859380447995,6.720056661026128,8.488735345809541,0.422,-3.8836659532310867,False,0.6627145946133757,0.33728540538662427,0.10197670964421668,0.8980232903557834,4,0.17391304347826086,4.8,8,0.4166666666666667,0.4166666666666667,0.24444444444444446,1.0,23,consumed_v243_genuine_noncriterial
788559,32,24,True,True,0.07258064516129031,0.9274193548387097,1.6735121675273766e-08,0.9999999832648783,4676444.532288234,15.358048663840872,0.0,2.9019587761921244,0.5457403964519522,2.373674895296422,0.5236089664954418,3.5477121481440834,4.4728288353349095,6.1138238473840545,0.159,-1.570870059142785,False,0.9159412424141525,0.0840587575858475,0.20156948995777538,0.7984305100422244,2,0.08695652173913043,8.0,14,0.25,0.25,0.7222222222222222,0.8421052631578947,19,consumed_v243_genuine_noncriterial
788560,32,24,True,True,0.07258064516129031,0.9274193548387097,3.465569835076565e-09,0.9999999965344302,22582395.686240666,16.932681208765562,0.0,3.8282676986614073,4.548316952533872,2.238821967691096,4.628115707486363,7.312370929595913,8.150092935376414,9.965454736134014,0.629,-4.321825236715006,False,0.8399770026225356,0.16002299737746442,0.19010885606369593,0.809891143936304,4,0.17391304347826086,4.8,13,0.4166666666666667,0.4166666666666667,0.25,1.0,23,consumed_v243_genuine_noncriterial
788561,32,24,True,True,0.07258064516129031,0.9274193548387097,0.0005060060145547265,0.9994939939854454,154.58565085109905,5.040748317169829,0.0,5.4437797927113465,0.3425893088412739,1.2224136664419103,0.12496810262788283,2.0818675180121247,2.6590567966542173,3.745460376182474,0.001,2.784722996057129,True,0.9345797080950449,0.06542029190495512,0.4542574569124911,0.5457425430875089,3,0.13043478260869565,6.0,17,0.20833333333333334,0.20833333333333334,0.9047619047619048,0.9523809523809523,21,consumed_v243_genuine_noncriterial
788562,32,24,True,True,0.07258064516129031,0.9274193548387097,8.044732340037924e-11,0.9999999999195527,972821297.850073,20.69571096228569,0.0,4.024516589771153,0.2400099827341478,2.3767878820279327,0.37332508236630124,3.188675367688443,4.010356390808405,5.393302031089597,0.049,0.014160198962748005,True,0.8715641430931952,0.12843585690680487,0.15734799073757177,0.8426520092624283,6,0.2608695652173913,3.4285714285714284,7,0.4583333333333333,0.4583333333333333,0.6166666666666667,1.0,19,consumed_v243_genuine_noncriterial
788563,32,24,True,True,0.07258064516129031,0.9274193548387097,1.7945398439948047e-09,0.9999999982054603,43610549.90596332,17.590809649369426,0.0,8.480660709999366,2.043752016459552,2.215032377341706,2.064514356750577,4.767976335989447,5.604439211459306,7.276255502775339,0.002,2.87622149854006,True,0.5084126056746847,0.4915873943253154,0.13205574706357825,0.8679442529364217,4,0.17391304347826086,4.8,8,0.375,0.375,0.7111111111111111,1.0,20,consumed_v243_genuine_noncriterial
788564,32,24,True,True,0.07258064516129031,0.9274193548387097,7.502220207936686e-15,0.9999999999999925,10431694537894.729,29.97586983942405,0.0,6.755898518486113,3.924478273841537,2.6866508045096107,4.006849409183875,7.376308665893282,8.504932951567126,10.365852256615982,0.142,-1.7490344330810128,False,0.8682407806595259,0.13175921934047413,0.18242933414140725,0.8175706658585927,4,0.17391304347826086,4.8,9,0.4583333333333333,0.4583333333333333,0.8333333333333334,0.9583333333333334,24,consumed_v243_genuine_noncriterial
788565,32,24,True,True,0.07258064516129031,0.9274193548387097,1.60172053064797e-14,0.999999999999984,4886050223353.008,29.21740536774381,0.0,7.386717612808074,4.076379132974727,2.4707321542642733,4.100977432629605,7.2282340073442874,7.967575899576641,9.315614669061906,0.092,-0.5808582867685672,False,0.9122059886554528,0.08779401134454717,0.22606474765701862,0.7739352523429813,3,0.13043478260869565,6.0,9,0.4583333333333333,0.4583333333333333,0.5555555555555555,0.9565217391304348,23,consumed_v243_genuine_noncriterial
788566,32,24,True,True,0.07258064516129031,0.9274193548387097,0.0014502121069708575,0.9985497878930292,53.88685856988383,3.9868866368687303,0.0,5.673171908536123,2.4956607228980903,1.7236572715968235,2.4392575063415918,4.816075780953222,5.363749048588464,6.673972643345003,0.032,0.3094228599476585,True,0.7269981499549383,0.27300185004506167,0.17968776045011414,0.8203122395498859,5,0.21739130434782608,4.0,10,0.20833333333333334,0.20833333333333334,0.5000000000000001,1.0,22,consumed_v243_genuine_noncriterial
788567,32,24,True,True,0.07258064516129031,0.9274193548387097,8.830701519908709e-07,0.999999116929848,88623.53718891004,11.39215275807237,0.0,1.6140533976177003,0.6949531655824139,1.7805114469606198,0.7334341362295953,2.9241228222009603,3.5142050668972584,4.907512738401248,0.313,-1.9001516692795581,False,0.8674085009244856,0.13259149907551426,0.1507694808862143,0.8492305191137858,5,0.21739130434782608,4.0,7,0.3333333333333333,0.3333333333333333,0.5888888888888889,1.0,19,consumed_v243_genuine_noncriterial
788568,32,24,True,True,0.07258064516129031,0.9274193548387097,1.1159627420927047e-06,0.9999988840372578,70128.49020590467,11.158084412793649,0.0,4.610975026514936,-0.9810069514036276,2.072686954190392,-0.9304512070341704,1.7287422117869855,2.351684561607231,3.7333336154613592,0.003,2.259290464907705,True,0.8304987868778414,0.1695012131221587,0.46857593048077073,0.5314240695192292,7,0.30434782608695654,3.0,6,0.4166666666666667,0.4166666666666667,0.5444444444444445,0.9444444444444444,18,consumed_v243_genuine_noncriterial
788569,32,24,False,False,0.07258064516129031,0.9274193548387097,0.6303147155304685,0.3696852844695315,0.04590070819416203,-3.0812747329679535,0.0,-1.412159969277695,-0.8509285117215005,1.0578943776622873,-1.1921397396027569,0.6922564957319607,1.0985751365851746,1.9600885670065482,0.586,-2.5107351058628695,False,0.9705461348650766,0.02945386513492337,0.523633846548653,0.47636615345134703,0,0.0,24.0,24,0.0,0.0,0.0,0.8947368421052632,19,consumed_v243_genuine_noncriterial
788570,32,24,True,True,0.07258064516129031,0.9274193548387097,8.808179527983106e-09,0.9999999911918205,8885021.998842219,15.999877495520803,0.0,2.4019230649356693,1.7748228659466834,2.109119577776698,1.8393714161274746,4.412969946887063,5.141552076766345,6.585241752453243,0.403,-2.739629011830676,False,0.7021128354537598,0.29788716454624015,0.4834992294818847,0.5165007705181154,9,0.391304347826087,2.4,6,0.375,0.2916666666666667,0.3333333333333333,0.9523809523809523,21,consumed_v243_genuine_noncriterial
788571,32,24,False,True,0.07258064516129031,0.9274193548387097,0.8958831304138625,0.10411686958613754,0.009095245209556825,-4.700003506456653,0.0,-0.7868471794092513,-0.4083228015913125,0.7444280719233155,-0.7083314040194133,1.025777684932993,1.545560566901881,1.7490862871779873,0.608,-2.3324077463111323,False,0.8069019962380998,0.1930980037619001,0.009188349406817233,0.9908116505931828,0,0.0,24.0,24,0.0,0.0,0.0,0.9523809523809523,21,consumed_v243_genuine_noncriterial
788572,32,24,True,True,0.07258064516129031,0.9274193548387097,0.0005327678451013429,0.9994672321548987,146.81662080320277,4.989184330501696,0.0,4.137680110527079,-0.5490747303975857,1.0450894919998102,-0.4958101272409481,0.7401072043007947,1.306138618286941,2.8064500686897405,0.002,2.8315414922401376,True,0.9523925966352966,0.047607403364703496,0.3130939517876726,0.6869060482123275,1,0.043478260869565216,12.0,21,0.125,0.125,0.7142857142857143,1.0,20,consumed_v243_genuine_noncriterial
788573,32,24,False,False,0.07258064516129031,0.9274193548387097,1.4541012789212517e-11,0.999999999985459,5382078311.776085,22.4063404398283,0.0,-1.1032756664429249,3.5305647039153816,2.26827588819195,3.485927627236725,6.4588480566001145,7.263793614261129,8.599198487933874,0.98,-8.367069280704055,False,0.885215155999721,0.11478484400027898,0.05366917361762616,0.946330826382374,1,0.043478260869565216,12.0,15,0.375,0.375,0.6444444444444444,1.0,23,consumed_v243_genuine_noncriterial
788574,32,24,True,True,0.07258064516129031,0.9274193548387097,5.283988842312455e-07,0.9999994716011158,148109.37446645251,11.905706296473118,3.009265538105056e-36,6.428027426915559,2.3764157772603873,1.734187541273779,2.4563161647439724,4.634628037558176,5.167069596587702,6.386483804098271,0.009,1.2609578303278575,True,0.7182437845255183,0.2817562154744817,0.38595600534277735,0.6140439946572226,9,0.391304347826087,2.4,5,0.375,0.20833333333333334,0.6825396825396827,1.0,20,consumed_v243_genuine_noncriterial
788575,32,24,True,True,0.07258064516129031,0.9274193548387097,6.258908521425278e-11,0.999999999937411,1250391650.4358425,20.946722659534725,0.0,8.593440830853664,2.069912624323899,2.447856463244114,2.130795867876613,5.29751130393546,5.932449921137023,7.508612478327727,0.003,2.6609909097166415,True,0.8069262699977249,0.19307373000227504,0.10198403954040076,0.8980159604595993,4,0.17391304347826086,4.8,11,0.4166666666666667,0.4166666666666667,0.7000000000000001,0.9545454545454546,22,consumed_v243_genuine_noncriterial
788576,32,24,True,True,0.07258064516129031,0.9274193548387097,3.504237177797062e-05,0.999964957628222,2233.2428756414056,7.711210012446514,0.0,1.043248933183641,-0.22236274639647216,1.7491622637097424,-0.18850807830714333,2.015181979896088,2.5633985975654543,3.4943768147395993,0.247,-1.5201496643818133,False,0.8315715712388341,0.1684284287611659,0.35972898504273443,0.6402710149572656,8,0.34782608695652173,2.6666666666666665,8,0.375,0.375,0.3888888888888889,0.8947368421052632,19,consumed_v243_genuine_noncriterial
788577,32,24,False,True,0.07258064516129031,0.9274193548387097,0.0742889724926658,0.9257110275073341,0.9752046306198023,-0.025107952446731918,0.0,1.394307985922239,-0.2153036625143305,1.0909982679315988,-0.2038029099595502,1.1948522944362538,1.5723526421345588,2.381768513729995,0.072,-0.1780446562123199,False,0.829158173353082,0.17084182664691802,0.05805236382191934,0.9419476361780806,4,0.17391304347826086,4.8,14,0.16666666666666666,0.16666666666666666,0.5952380952380952,0.95,20,consumed_v243_genuine_noncriterial
788578,32,24,False,False,0.07258064516129031,0.9274193548387097,1.2569780120394198e-05,0.9999874302198797,6226.034591990984,8.736494907039923,0.0,0.4318809047857779,3.5696226286754182,1.7525445811340072,3.563481700176886,5.804915397355099,6.581990200791521,7.581002976004232,0.962,-6.150109296005743,False,0.7371345392848699,0.26286546071513006,0.11080126135248425,0.8891987386475158,3,0.13043478260869565,6.0,16,0.16666666666666666,0.16666666666666666,0.8412698412698413,0.9047619047619048,21,consumed_v243_genuine_noncriterial
788579,32,24,True,True,0.07258064516129031,0.9274193548387097,3.0007018744807155e-10,0.9999999996999299,260808546.85131654,19.37929715914895,0.0,7.340987050958844,2.6524250092804547,2.415348332940907,2.6404500615480795,5.791828677175705,6.565730887293295,7.972778140605627,0.028,0.7752561636655493,True,0.7717848785535266,0.22821512144647343,0.1462199644747407,0.8537800355252593,8,0.34782608695652173,2.6666666666666665,6,0.4583333333333333,0.375,0.5777777777777778,1.0,21,consumed_v243_genuine_noncriterial
788580,32,24,False,False,0.07258064516129031,0.9274193548387097,1.0580636213048552e-07,0.9999998941936379,739661.2047601107,13.5139475289383,0.0,0.7719578117361302,-1.0335240839043975,2.1266135499504095,-0.9413351184253114,1.6124268804789443,2.3203569724924122,3.6630849219486885,0.197,-1.548399160756282,False,0.8625662243551051,0.13743377564489476,0.21015265891737722,0.7898473410826229,4,0.17391304347826086,4.8,9,0.2916666666666667,0.2916666666666667,0.5333333333333333,0.9411764705882353,17,consumed_v243_genuine_noncriterial
788581,32,24,False,False,0.07258064516129031,0.9274193548387097,1.165825897156833e-06,0.9999988341741028,67129.04432602493,11.114372080663205,0.0,1.155824960303386,-0.6862669594595479,2.174600391205582,-0.6459316633811882,2.080242407237188,2.905934233171865,3.9039971014557615,0.206,-1.750109272868479,False,0.7625051085665354,0.23749489143346447,0.35063939005082106,0.649360609949179,5,0.21739130434782608,4.0,9,0.375,0.375,0.5555555555555555,0.8888888888888888,18,consumed_v243_genuine_noncriterial
788582,32,24,True,True,0.07258064516129031,0.9274193548387097,8.974577603550885e-09,0.9999999910254224,8720284.376603344,15.9811624073492,0.0,2.628526455666533,-1.094192575628218,2.170035019542793,-1.071119364598475,1.6435218409295502,2.427503018786769,3.547727152516272,0.041,0.20102343687976365,True,0.8211592695596142,0.17884073044038593,0.2408632110632878,0.7591367889367123,3,0.13043478260869565,6.0,9,0.5,0.5,0.5,0.8421052631578947,19,consumed_v243_genuine_noncriterial
788583,32,24,True,True,0.07258064516129031,0.9274193548387097,3.0564043786593235e-05,0.9999694359562133,2560.475248072408,7.847948164022219,0.0,4.684040722675839,1.1930121396822977,1.5903788596849184,1.088556734652801,3.2837213002030428,3.9386302650764944,4.953931329224067,0.016,0.7454104575993443,True,0.6002371135428404,0.3997628864571595,0.19087367336621244,0.8091263266337876,2,0.08695652173913043,8.0,12,0.2916666666666667,0.2916666666666667,0.5,1.0,19,consumed_v243_genuine_noncriterial
788584,32,24,True,True,0.07258064516129031,0.9274193548387097,1.2966819681766998e-12,0.9999999999987033,60354714174.949745,24.823504895357193,0.0,4.587366972765455,0.5204992351214442,2.44196269910566,0.6102734505837559,3.5006917052734217,4.262329929818847,6.427834838876912,0.041,0.32503704294660807,True,0.8785659149059803,0.12143408509401964,0.13053674726993322,0.8694632527300667,5,0.21739130434782608,4.0,8,0.4583333333333333,0.4583333333333333,0.5833333333333334,1.0,20,consumed_v243_genuine_noncriterial
788585,32,24,False,True,0.07258064516129031,0.9274193548387097,0.06884829879511094,0.9311517012048891,1.058453776037251,0.05680914133103254,0.0,2.231081244130207,1.035347271512122,1.343163203400978,0.9841690479164572,2.8511742420713944,3.2765049820075323,4.451890376559745,0.201,-1.0454237378773255,False,0.7591024182044702,0.24089758179552967,0.0971740192558369,0.9028259807441631,2,0.08695652173913043,8.0,14,0.041666666666666664,0.041666666666666664,0.7142857142857143,0.95,20,consumed_v243_genuine_noncriterial
788586,32,24,True,True,0.07258064516129031,0.9274193548387097,4.324285548440726e-07,0.9999995675714453,180979.80544139212,12.106140731876323,0.0,2.3611764236660018,1.6511272873388327,2.2187723794328975,1.6793133743401558,4.466939382188636,5.2210916483004,6.595455195859564,0.39,-2.8599152246343986,False,0.535002183721313,0.46499781627868697,0.23488635905375743,0.7651136409462426,10,0.43478260869565216,2.1818181818181817,5,0.4166666666666667,0.3333333333333333,0.39365079365079364,0.9,20,consumed_v243_genuine_noncriterial
788587,32,24,False,False,0.07258064516129031,0.9274193548387097,5.146550007260921e-06,0.9999948534499927,15206.393930171891,9.629471271685354,0.0,-0.6972017159181685,1.1455023223663987,1.6507836468949402,1.1027528318636577,3.2820818392218953,3.8495382261752624,5.093243219218495,0.87,-4.546739942093431,False,0.896134145558409,0.10386585444159098,0.22646053345936554,0.7735394665406345,1,0.043478260869565216,12.0,19,0.20833333333333334,0.20833333333333334,0.24603174603174602,1.0,22,consumed_v243_genuine_noncriterial
788588,32,24,True,True,0.07258064516129031,0.9274193548387097,1.1370733537802672e-06,0.9999988629266462,68826.50122499607,11.139344141977736,0.0,4.438115386436335,1.2078682281469613,2.088306949523208,1.212118539452086,3.90786664112962,4.645606116963057,6.061731680512338,0.06,-0.20749073052672173,False,0.9133391525866816,0.08666084741331842,0.43036230840931494,0.5696376915906849,3,0.13043478260869565,6.0,13,0.20833333333333334,0.20833333333333334,0.2380952380952381,0.9,20,consumed_v243_genuine_noncriterial
788589,32,24,True,True,0.07258064516129031,0.9274193548387097,2.860979692066251e-10,0.9999999997139021,273545701.00532836,19.426979262778797,3.009265538105056e-36,7.626808384224772,4.331314593239637,2.3699023803706982,4.445785100786446,7.245454259053597,8.24077461817777,9.740748992588147,0.075,-0.6139662339529988,False,0.8734403952432686,0.1265596047567315,0.19824662030363965,0.8017533796963603,7,0.30434782608695654,3.0,6,0.4583333333333333,0.375,0.4777777777777778,0.9545454545454546,22,consumed_v243_genuine_noncriterial
788590,32,24,True,True,0.07258064516129031,0.9274193548387097,2.6022781957328697e-06,0.9999973977218043,30073.904487610944,10.311413114164838,0.0,1.300451558893608,-0.13219237200617912,1.7704031407271945,-0.15808320023111166,2.1244436402233715,2.70205573589696,4.160686260946667,0.212,-1.4016041770033518,False,0.7755630254460454,0.22443697455395453,0.20670577052288003,0.79329422947712,2,0.08695652173913043,8.0,17,0.2916666666666667,0.2916666666666667,0.3111111111111111,1.0,19,consumed_v243_genuine_noncriterial
788591,32,24,True,True,0.07258064516129031,0.9274193548387097,2.0822371557097826e-06,0.9999979177628443,37584.91504818519,10.53435805335054,0.0,4.707341936651177,2.4208816283739925,1.923893354536538,2.262888891498805,4.907593982903705,5.6896455033967595,7.317901770029609,0.12,-0.9823035667455828,False,0.8902987978593041,0.109701202140696,0.08302649461471737,0.9169735053852828,3,0.13043478260869565,6.0,11,0.25,0.25,0.4936507936507937,0.9523809523809523,21,consumed_v243_genuine_noncriterial
788592,32,24,True,True,0.07258064516129031,0.9274193548387097,1.161006620689854e-09,0.9999999988389934,67407771.91077048,18.02627087948364,0.0,4.636044190819053,2.898449064201335,2.423747532715749,2.8406915715967855,6.101606252674845,6.998799068153659,8.344792631861905,0.238,-2.3627548773346057,False,0.6939550914815236,0.30604490851847654,0.17043196995400967,0.8295680300459904,5,0.21739130434782608,4.0,9,0.3333333333333333,0.3333333333333333,0.4222222222222222,0.9090909090909091,22,consumed_v243_genuine_noncriterial
788593,32,24,False,False,0.07258064516129031,0.9274193548387097,7.116384576877359e-07,0.9999992883615423,109972.71581704395,11.607987575981161,0.0,0.30632929878674675,-0.4808974688216595,1.960680600770401,-0.46960617319680553,2.008995658673907,2.701892853769909,3.9280859254890492,0.356,-2.395563554983162,False,0.8501589906824918,0.14984100931750824,0.12949813960117534,0.8705018603988246,2,0.08695652173913043,8.0,16,0.20833333333333334,0.20833333333333334,0.5158730158730159,0.95,20,consumed_v243_genuine_noncriterial
788594,32,24,True,True,0.07258064516129031,0.9274193548387097,0.0005736724100224795,0.9994263275899775,136.34257478148294,4.9151706507605954,0.0,4.659626883388978,0.8853659890328522,1.2471953659362458,0.7918613812067574,2.5483688097576627,3.3458362850638865,4.387950623582141,0.008,1.3137905983250917,True,0.9538059954339506,0.046194004566049426,0.212429376514008,0.7875706234859919,1,0.043478260869565216,12.0,21,0.125,0.125,0.7619047619047619,0.9047619047619048,21,consumed_v243_genuine_noncriterial
788595,32,24,False,False,0.07258064516129031,0.9274193548387097,0.0008961418157809252,0.9991038581842191,87.25263719484269,4.4688077863546045,0.0,0.40460218256357594,0.8314266276405359,1.5708436494504292,0.8353464170427947,2.927411560152483,3.491047952651528,4.618483120638446,0.6,-3.086445770087952,False,0.7510082361890456,0.24899176381095445,0.13899905090052278,0.8610009490994772,5,0.21739130434782608,4.0,15,0.25,0.25,0.34603174603174597,1.0,21,consumed_v243_genuine_noncriterial
788596,32,24,True,True,0.07258064516129031,0.9274193548387097,1.58443429346501e-09,0.9999999984155656,49393572.05534162,17.71533085335455,0.0,3.496438020789148,1.3498335187477222,2.202886903950069,1.3003525916057492,4.149930790410108,4.985138128199689,6.464956402567692,0.166,-1.488700107410541,False,0.713889498536416,0.286110501463584,0.07956226360982908,0.920437736390171,3,0.13043478260869565,6.0,10,0.375,0.375,0.5,1.0,21,consumed_v243_genuine_noncriterial
788597,32,24,False,True,0.07258064516129031,0.9274193548387097,0.9471384264091296,0.052861573590870424,0.0043678860454345195,-5.433476129379267,0.0,-1.4858213068324537,-1.162209792810922,0.4013781284920488,-1.1353342507318454,-0.6997749393529489,-0.2073251334760544,0.14502786729904327,0.752,-1.2784961733563993,False,0.88759625626122,0.11240374373877997,0.0208146767803213,0.9791853232196788,0,0.0,24.0,24,0.0,0.0,0.0,1.0,22,consumed_v243_genuine_noncriterial
788598,32,24,True,True,0.07258064516129031,0.9274193548387097,8.910181060760918e-07,0.9999991089818938,87833.00732014776,11.383192646563483,0.0,2.479815727619406,2.1274098704630475,2.2177325413993447,2.212747687304124,4.844620691372953,5.865750355111386,7.151585874385864,0.449,-3.38593462749198,False,0.7052191013077836,0.29478089869221635,0.2507071836668083,0.7492928163331917,6,0.2608695652173913,3.4285714285714284,8,0.25,0.25,0.42063492063492064,0.9047619047619048,21,consumed_v243_genuine_noncriterial
788599,32,24,True,True,0.07258064516129031,0.9274193548387097,4.044336704705268e-08,0.999999959556633,1935072.970285432,14.475655594476812,0.0,5.075621784066509,2.427779632693907,2.091865271514442,2.5364688456378985,4.936605189874237,5.78494778020559,7.4633507039691676,0.092,-0.7093259961390803,False,0.8186888935441684,0.18131110645583157,0.2198922609289163,0.7801077390710837,3,0.13043478260869565,6.0,13,0.375,0.375,0.3999999999999999,0.9523809523809523,21,consumed_v243_genuine_noncriterial
788600,32,24,False,False,0.07258064516129031,0.9274193548387097,0.005725497429353601,0.9942745025706464,13.590572368222627,2.609376344143169,9.183549615799121e-41,0.13408399897350898,0.14831732234401715,1.5566582917911953,0.17138840966658986,2.1373966396349746,2.776486478501613,3.742549533052421,0.513,-2.642402479528104,False,0.615514152989567,0.38448584701043287,0.05936651661472414,0.9406334833852757,3,0.13043478260869565,6.0,12,0.16666666666666666,0.16666666666666666,0.3174603174603175,0.9411764705882353,17,consumed_v243_genuine_noncriterial
788601,32,24,True,True,0.07258064516129031,0.9274193548387097,2.044661678532508e-06,0.9999979553383215,38275.62788010272,10.552568624835558,0.0,6.053881151544292,2.063312750336559,1.8124274154389095,2.055829580345241,4.4093999156030845,5.095433329372746,6.34082313042364,0.013,0.9584478221715464,True,0.9278946770197175,0.0721053229802825,0.11848494650020983,0.8815150534997901,3,0.13043478260869565,6.0,9,0.25,0.25,0.5555555555555556,0.95,20,consumed_v243_genuine_noncriterial
788602,32,24,False,False,0.07258064516129031,0.9274193548387097,8.719316941823015e-06,0.9999912806830582,8975.495179961763,9.102253385089284,0.0,1.0391819230443542,1.6597739418893147,1.641841042334862,1.5743679013491243,3.854063883901292,4.498386145475215,5.600973075418738,0.641,-3.459204222430861,False,0.876117953658065,0.1238820463419351,0.2490296111427844,0.7509703888572156,2,0.08695652173913043,8.0,17,0.20833333333333334,0.20833333333333334,0.7380952380952381,0.9473684210526315,19,consumed_v243_genuine_noncriterial
788603,32,24,True,True,0.07258064516129031,0.9274193548387097,3.7396544810579046e-08,0.9999999626034551,2092729.877450929,14.553979933113958,0.0,3.8991223945005116,2.3088653637609577,2.275886964426401,2.3931195253525366,5.287636318263542,5.996625047148033,7.426249515514328,0.244,-2.0975026526475213,False,0.6824770405389285,0.3175229594610714,0.2476686419762991,0.7523313580237008,7,0.30434782608695654,3.0,10,0.4166666666666667,0.3333333333333333,0.4222222222222222,0.95,20,consumed_v243_genuine_noncriterial
788604,32,24,True,True,0.07258064516129031,0.9274193548387097,2.4843477390850505e-10,0.9999999997515653,315015761.7411363,19.568133232811533,0.0,4.907404481339364,1.4580980180767993,2.211634339798767,1.426615291957169,4.322527715823156,5.022886213938544,6.421870137121795,0.057,-0.11548173259918038,False,0.7962433378497427,0.20375666215025726,0.27982444821907004,0.72017555178093,5,0.21739130434782608,4.0,7,0.4166666666666667,0.4166666666666667,0.6333333333333333,0.9523809523809523,21,consumed_v243_genuine_noncriterial
788605,32,24,False,False,0.07258064516129031,0.9274193548387097,1.2315606303894736e-08,0.9999999876843937,6354609.482493583,15.664691010283796,0.0,0.3751818989100615,1.4974215863742533,2.3083275328619335,1.4669760009578514,4.506095839667092,5.338029837951708,6.518284958793448,0.683,-4.962847939041646,False,0.8221352787812964,0.1778647212187035,0.16558567967750024,0.8344143203224998,5,0.21739130434782608,4.0,7,0.5,0.4166666666666667,0.4388888888888889,0.95,20,consumed_v243_genuine_noncriterial
788606,32,24,True,True,0.07258064516129031,0.9274193548387097,4.911804181113179e-08,0.9999999508819581,1593322.1854023528,14.28133181916565,0.0,3.9123873786807417,2.197219876261791,2.090348744620682,2.228443561570056,4.8720776771374865,5.681604706393951,7.204921841581722,0.198,-1.7692173277132097,False,0.8008238651942392,0.19917613480576085,0.114209640741257,0.885790359258743,5,0.21739130434782608,4.0,13,0.3333333333333333,0.3333333333333333,0.8611111111111112,0.9,20,consumed_v243_genuine_noncriterial
788607,32,24,False,False,0.07258064516129031,0.9274193548387097,0.0012220310766990095,0.998777968923301,63.96337527001496,4.158310658149602,0.0,-1.9726126458662345,-1.348259277844851,1.9352932174104538,-1.3659108229218115,1.138159063284728,1.8772022472233076,3.180613123516469,0.635,-3.849814893089542,False,0.5338533659728047,0.4661466340271953,0.18444657113572727,0.8155534288642728,9,0.391304347826087,2.4,5,0.3333333333333333,0.3333333333333333,0.36111111111111116,0.9375,16,consumed_v243_genuine_noncriterial
788608,32,24,True,True,0.07258064516129031,0.9274193548387097,3.6363931427268304e-10,0.9999999996363607,215215644.91256565,19.187151083017262,0.0,3.5068765384829272,2.3758068828420122,2.5041836839102656,2.393574700939405,5.411312801782634,6.336537143582458,8.335118765827872,0.335,-2.8296606050995305,False,0.8834035553097379,0.11659644469026206,0.03244237221451172,0.9675576277854884,5,0.21739130434782608,4.0,8,0.4166666666666667,0.4166666666666667,0.27222222222222225,0.8636363636363636,22,consumed_v243_genuine_noncriterial
788609,32,24,True,True,0.07258064516129031,0.9274193548387097,4.68933973264642e-08,0.9999999531066027,1668910.1314298026,14.32768135543618,4.70197740328915e-38,2.559434107624006,1.364674639672806,2.133069510074533,1.3253477438955197,4.0348878451197026,4.84444170352006,6.367428500423998,0.303,-2.2850075958960536,False,0.7965321431957099,0.20346785680429022,0.24554606437545579,0.7544539356245441,4,0.17391304347826086,4.8,12,0.3333333333333333,0.3333333333333333,0.38888888888888884,1.0,20,consumed_v243_genuine_noncriterial
788610,32,24,False,False,0.07258064516129031,0.9274193548387097,1.0944910273052805e-05,0.9999890550897269,7150.356746158457,8.874917529010977,0.0,0.4157802325610238,2.1461765694225554,1.799165911986384,2.091327202406592,4.467933424013432,5.331269023475837,6.1828544015251214,0.836,-4.9154887909148135,False,0.772626968626425,0.227373031373575,0.15035775142708174,0.8496422485729184,4,0.17391304347826086,4.8,14,0.20833333333333334,0.20833333333333334,0.4253968253968254,0.9523809523809523,21,consumed_v243_genuine_noncriterial
788611,32,24,True,True,0.07258064516129031,0.9274193548387097,1.894880832884344e-07,0.9999998105119168,413012.0130910199,12.931231958907597,0.0,7.170555285477377,1.355014811865159,1.9658761087363759,1.3515662632520433,3.984760206330695,4.672775730153628,5.924892694286605,0.002,2.497779555323749,True,0.7778160810980174,0.2221839189019827,0.3427366331128798,0.6572633668871203,3,0.13043478260869565,6.0,17,0.25,0.25,0.6984126984126983,0.9090909090909091,22,consumed_v243_genuine_noncriterial
788612,32,24,True,True,0.07258064516129031,0.9274193548387097,6.743905357942685e-07,0.9999993256094643,116046.7305411625,11.66174823845921,0.0,5.097053547403259,3.2222048543160264,2.071791476256055,3.169694720081279,5.955532484439928,6.782658830950121,8.36075672285,0.171,-1.6856052835468613,False,0.6834369720821206,0.31656302791787944,0.1605962291969569,0.8394037708030432,7,0.30434782608695654,3.0,12,0.3333333333333333,0.3333333333333333,0.4333333333333333,0.9545454545454546,22,consumed_v243_genuine_noncriterial
788613,32,24,True,True,0.07258064516129031,0.9274193548387097,5.182432828088857e-12,0.9999999999948175,15101183587.105425,23.438038960947498,0.0,3.9763879465693,1.6327959152774045,2.5042421819705427,1.7688749807676325,4.725685369236155,5.717881614917857,7.229160879360521,0.161,-1.7414936683485571,False,0.6095900623110908,0.3904099376889091,0.23586427893380654,0.7641357210661934,3,0.13043478260869565,6.0,8,0.4166666666666667,0.4166666666666667,0.5888888888888889,0.9545454545454546,22,consumed_v243_genuine_noncriterial
788614,32,24,True,True,0.07258064516129031,0.9274193548387097,1.2610354563926573e-09,0.9999999987389645,62060800.17004604,17.9436251103923,0.0,3.878958485933842,-0.635849603028414,2.3576724325709177,-0.6085829211715335,2.320259095868317,3.2190170566960266,4.974249171251255,0.026,0.6599414292378154,True,0.38353266031468447,0.6164673396853154,0.39806805586102234,0.6019319441389777,12,0.5217391304347826,1.8461538461538463,4,0.3333333333333333,0.3333333333333333,0.5222222222222223,0.9444444444444444,18,consumed_v243_genuine_noncriterial
788615,32,24,True,True,0.07258064516129031,0.9274193548387097,3.4752081723126715e-05,0.9999652479182769,2251.898187296317,7.719528778333638,0.0,3.2500256332036392,1.1598560785507552,1.5839411296862926,1.184676057793843,3.207646605663434,3.8018006498457146,4.816178124706465,0.096,-0.5517750166420754,False,0.8239259334473252,0.1760740665526748,0.19145576462389985,0.8085442353761002,4,0.17391304347826086,4.8,14,0.2916666666666667,0.2916666666666667,0.43333333333333335,1.0,20,consumed_v243_genuine_noncriterial
788616,32,24,True,True,0.07258064516129031,0.9274193548387097,0.008519599466962012,0.991480400533038,9.107719042836026,2.2091223004305833,0.0,2.364285245276905,-0.04548966934647994,1.0447554020050451,-0.07944883972278038,1.233108522858215,1.6394474716201322,2.607368071198364,0.017,0.724837773656773,True,0.8626133649673914,0.13738663503260873,0.2563263452105877,0.7436736547894123,3,0.13043478260869565,6.0,13,0.16666666666666666,0.16666666666666666,0.4603174603174603,1.0,18,consumed_v243_genuine_noncriterial
788617,32,24,True,True,0.07258064516129031,0.9274193548387097,0.0008123743135753196,0.9991876256864247,96.25771167095672,4.56702909121505,0.0,3.3465693416886064,2.3428929852529445,1.9253434693217406,2.3798315572590867,4.71568414329781,5.403631471309501,7.065040033112739,0.313,-2.057062129620894,False,0.7415368051600976,0.25846319483990243,0.23386537570748614,0.7661346242925139,11,0.4782608695652174,2.0,6,0.375,0.2916666666666667,0.3111111111111111,0.85,20,consumed_v243_genuine_noncriterial
788618,32,24,False,False,0.07258064516129031,0.9274193548387097,5.866575156405803e-14,0.9999999999999414,1334012903248.305,27.91921273597513,0.0,-0.42609576072557953,2.2160061078924995,2.5717255377629504,2.288121513088141,5.338150443920339,6.410069542605202,8.41761464383091,0.863,-6.836165303330781,False,0.7461530337849469,0.25384696621505315,0.08538578531254103,0.914614214687459,3,0.13043478260869565,6.0,10,0.4166666666666667,0.4166666666666667,0.4388888888888889,1.0,22,consumed_v243_genuine_noncriterial
788619,32,24,False,False,0.07258064516129031,0.9274193548387097,0.3878191497949232,0.6121808502050767,0.12353646201730327,-2.09121892748206,1.1754943508222875e-38,-0.5819950543227832,0.49905961614245364,1.0831638365029628,0.2791432783318062,2.0470355164341383,2.5982271906971306,3.2943973209977,0.831,-3.180222245019914,False,0.847614824122011,0.1523851758779891,0.012976618304907294,0.9870233816950926,0,0.0,24.0,24,0.0,0.0,0.0,0.8947368421052632,19,consumed_v243_genuine_noncriterial
