seed,total_length,pre_length,material_redescription,raw_cs_argmax,pi0,pi1,q0,q1,bf,log_bf,recombination_error,T0,null_mean,null_sd,Q50,Q90,Q95,Q99,p_CRT,E_null,selective_material_redescription,p00,p01,p10,p11,switch_count,switch_rate,mean_dwell,max_dwell,occupancy_min_fraction,cue_context_mix_balance,realized_cue_outcome_contrast,marker_accuracy,marker_informative_count
790700,96,72,True,True,0.011392405063291136,0.9886075949367089,7.26956616600635e-22,1.0,1.5851960511635788e+19,44.20982485815279,0.0,13.531624305669132,6.926373800283959,4.257943482923186,6.958189294828265,12.303089647879402,13.869205441879297,17.251720913877616,0.06,-0.33758113621016506,False,0.5081845160459453,0.49181548395405467,0.45904762507620855,0.5409523749237914,35,0.49295774647887325,2.0,5,0.4722222222222222,0.47222222222222227,0.5523569023569024,0.9122807017543859,57
790701,96,72,True,True,0.011392405063291136,0.9886075949367089,8.548475106138746e-25,1.0,1.3480401401356734e+22,50.9555238354645,0.0,16.306752750662845,5.360019280216445,3.878421924993132,5.447762676997429,10.236594601636499,11.45101335102602,14.268296437109141,0.003,4.855739399636825,True,0.8145263040205515,0.18547369597944852,0.15910879264421052,0.8408912073557894,17,0.23943661971830985,4.0,8,0.3888888888888889,0.3888888888888889,0.5740740740740741,0.9814814814814815,54
790702,96,72,True,True,0.011392405063291136,0.9886075949367089,9.488792327060614e-24,1.0,1.2144525017332056e+21,48.54858031225219,0.0,15.766327261795615,6.243270366656811,4.154152378214542,6.157373376570048,11.501369908047954,12.937775147587915,15.780636027053129,0.011,2.8285521142076995,True,0.5453526903523033,0.4546473096476966,0.19919819650887896,0.800801803491121,20,0.28169014084507044,3.4285714285714284,9,0.4166666666666667,0.4166666666666667,0.651010101010101,0.9444444444444444,54
790703,96,72,True,True,0.011392405063291136,0.9886075949367089,2.0558434978373316e-05,0.9999794415650216,560.5217850077602,6.328868108853715,0.0,8.508763081730542,2.1847452784873163,1.7891061933890813,1.9933147663894037,4.6641270831694195,5.501047733164285,7.606271041122122,0.001,3.0077153485662578,True,0.9321806818766238,0.06781931812337619,0.35968007590136253,0.6403199240986375,7,0.09859154929577464,9.0,20,0.125,0.125,0.48611111111111116,0.9629629629629629,54
790704,96,72,True,True,0.011392405063291136,0.9886075949367089,5.1365246045456455e-21,1.0,2.243479486076544e+18,42.25455967657043,0.0,11.467265465574865,5.017906304620062,3.2461125362482313,4.939504116441792,9.18213059430735,10.34495840895681,12.836543879631197,0.031,1.1223070566180553,True,0.9497102666766684,0.05028973332333164,0.02234934913485764,0.9776506508651424,1,0.014084507042253521,36.0,49,0.3194444444444444,0.3194444444444444,0.5311507936507937,0.9615384615384616,52
790705,96,72,False,True,0.011392405063291136,0.9886075949367089,0.008694944281686455,0.9913050557183134,1.3138082762253234,0.27293000091241737,0.0,3.822493745195188,-0.264802002217586,1.1539086836582235,-0.2037592708993181,1.1987560515129392,1.5729425097742222,2.4191679404296282,0.001,2.2495512354209657,False,0.8378099930538172,0.1621900069461829,0.07577417274335305,0.924225827256647,2,0.028169014084507043,24.0,48,0.041666666666666664,0.041666666666666664,0.30952380952380953,1.0,42
790706,96,72,True,True,0.011392405063291136,0.9886075949367089,2.2710798603387005e-06,0.9999977289201396,5074.08903141443,8.531902286598593,0.0,5.8590303523850045,3.1138412423404724,2.448925079199461,3.093594327851884,6.166289195942959,7.008855870457614,9.067340231504136,0.129,-1.1498255180726096,False,0.9233863357121803,0.07661366428781961,0.22170783849474698,0.7782921615052529,10,0.14084507042253522,6.545454545454546,27,0.20833333333333334,0.20833333333333334,0.2338779956427015,0.9019607843137255,51
790707,96,72,True,True,0.011392405063291136,0.9886075949367089,7.876401811245627e-23,1.0,1.4630649700441281e+20,46.43223538971217,0.0,11.369925924827461,6.055334218376486,3.9795755255499015,6.098104229359642,11.24583300989294,12.736049521925658,15.464710593007485,0.096,-1.3661235970981966,False,0.6110884710603232,0.38891152893967684,0.33792128048549497,0.6620787195145049,22,0.30985915492957744,3.130434782608696,10,0.4305555555555556,0.4305555555555556,0.37441077441077436,0.9622641509433962,53
790708,96,72,True,True,0.011392405063291136,0.9886075949367089,1.006295076231935e-26,1.0,1.1451598892022763e+24,55.39758650033907,0.0,12.461501984195143,6.232029672138903,4.331927532904492,6.2179105860473385,11.720425470942535,13.304643012524402,16.06280403159934,0.074,-0.8431410283292582,False,0.8607400221089504,0.13925997789104966,0.19925128908641798,0.8007487109135821,12,0.16901408450704225,5.538461538461538,15,0.3333333333333333,0.3333333333333333,0.5856227106227105,0.9310344827586207,58
790709,96,72,False,True,0.011392405063291136,0.9886075949367089,0.03865788160363849,0.9613421183963615,0.28657044230993167,-1.2497709011119595,0.0,2.703317024601027,1.5530731772435347,1.9946073298692835,1.5342030907156543,4.11158377394707,5.083757976745359,6.573516696856932,0.272,-2.3804409521443315,False,0.6355670367575253,0.3644329632424747,0.02598338630278828,0.9740166136972117,2,0.028169014084507043,24.0,44,0.041666666666666664,0.041666666666666664,0.46515151515151515,0.9,50
790710,96,72,False,True,0.011392405063291136,0.9886075949367089,0.046953289277726094,0.953046710722274,0.23390507273245506,-1.4528399180151412,0.0,1.3779888671931462,-0.6921372753247728,1.101215728245259,-0.8726860249627648,0.7388082757691694,1.4332328566005836,2.985163197178996,0.053,-0.055243989407437466,False,0.9673459157962082,0.032654084203791886,0.17717323795041767,0.8228267620495824,1,0.014084507042253521,36.0,71,0.013888888888888888,0.013888888888888888,0.8,0.9259259259259259,54
790711,96,72,False,True,0.011392405063291136,0.9886075949367089,0.009634172754297341,0.9903658272457027,1.184602630051703,0.16940738506061237,0.0,2.957535023269072,-0.2763628407471915,1.092706770002005,-0.4052642794198096,1.1382574437305157,1.8604333545363763,3.1729607851826547,0.011,1.0971016687326958,False,0.8801454526383883,0.11985454736161176,0.30856917145124896,0.691430828548751,8,0.11267605633802817,8.0,46,0.1111111111111111,0.1111111111111111,0.5687134502923977,0.9534883720930233,43
790712,96,72,True,True,0.011392405063291136,0.9886075949367089,2.754896512609017e-08,0.9999999724510349,418298.3720011479,12.94395026548188,0.0,12.504774907101776,4.404154326873514,2.497255584003376,4.2578098814808705,7.633098836061773,8.686747450096638,10.545910247560526,0.002,3.8180274570051385,True,0.8098791621337182,0.19012083786628167,0.11474440536506106,0.885255594634939,11,0.15492957746478872,6.0,14,0.16666666666666666,0.16666666666666666,0.5254629629629629,0.9056603773584906,53
790713,96,72,True,True,0.011392405063291136,0.9886075949367089,9.648549084340213e-17,0.9999999999999999,119434409042171.97,32.41378845830309,0.0,6.454491431043509,4.207748727473604,3.880515108396486,4.101204298320707,9.028539129212742,10.593446462788501,14.148248865650636,0.284,-4.138955031744992,False,0.7540061382288227,0.24599386177117724,0.3792112974064106,0.6207887025935894,25,0.352112676056338,2.769230769230769,8,0.3888888888888889,0.3888888888888889,0.34761904761904755,0.8679245283018868,53
790714,96,72,False,False,0.011392405063291136,0.9886075949367089,0.2822467144583072,0.7177532855416928,0.02930473305240608,-3.530006238380132,0.0,0.1362626350680598,0.1774938209719367,1.4257874977240896,0.11254587136433214,2.0515433295583336,2.5294390226450343,3.63600626327357,0.487,-2.3931763875769745,False,0.9006624724105879,0.0993375275894122,0.012994536971857304,0.9870054630281427,0,0.0,72.0,72,0.0,0.0,0.0,0.9047619047619048,42
790715,96,72,True,True,0.011392405063291136,0.9886075949367089,3.3211096995593765e-18,1.0,3469830455029683.5,35.78288212745376,0.0,8.541086579091528,1.7647406683262017,3.4571235894641146,1.6700069162854994,6.239023028585549,7.5392591455569775,10.047347884336338,0.03,1.001827433534551,True,0.7912581579189881,0.2087418420810119,0.3966994817288314,0.6033005182711685,18,0.2535211267605634,3.789473684210526,12,0.3888888888888889,0.3888888888888889,0.402056277056277,0.96,50
790716,96,72,True,True,0.011392405063291136,0.9886075949367089,4.808498236801146e-15,0.9999999999999952,2396525279312.9326,28.505041003920645,0.0,3.8646304791427744,3.9917209636526105,3.5651156247632745,3.9286916769940605,8.351665342110262,10.006967872278155,12.518284844930452,0.511,-6.142337393135381,False,0.8068310940855004,0.19316890591449967,0.2747676297414482,0.7252323702585518,19,0.2676056338028169,3.6,8,0.3611111111111111,0.3611111111111111,0.42471833721833724,0.9629629629629629,54
790717,96,72,False,False,0.011392405063291136,0.9886075949367089,0.19142221067569834,0.8085777893243017,0.04867668070194289,-3.0225551992610686,0.0,-1.4483783902079426,1.21191380085042,1.9067451549746914,1.3542897596377474,3.5410585095940563,4.212537635889357,6.022118365512236,0.9,-5.6609160260973,False,0.9235760828666081,0.07642391713339186,0.015773540296374716,0.9842264597036252,4,0.056338028169014086,14.4,42,0.041666666666666664,0.041666666666666664,0.30952380952380953,0.9019607843137255,51
790718,96,72,False,False,0.011392405063291136,0.9886075949367089,0.5269946109112811,0.473005389088719,0.010343115877601415,-4.571434113168477,0.0,-1.740247470111526,-0.8876648921442354,1.0544399426898066,-1.1066040419078844,0.41700891359053327,1.1854501112528875,2.6098533887019073,0.812,-2.9256975813644135,False,0.9834375314025071,0.01656246859749279,0.2108741607580723,0.7891258392419276,0,0.0,72.0,72,0.0,0.0,0.0,0.9107142857142857,56
790719,96,72,True,True,0.011392405063291136,0.9886075949367089,8.76259681584436e-26,1.0,1.3150996014319283e+23,53.23336954415824,0.0,9.063009701855192,3.413092096256375,4.284307294512578,3.3108227101024346,8.974059106281207,10.720482212697979,13.771498117802043,0.099,-1.657472510842787,False,0.6016039060629172,0.39839609393708275,0.2977136846686389,0.7022863153313611,20,0.28169014084507044,3.4285714285714284,12,0.4166666666666667,0.4166666666666667,0.4146011396011396,0.9807692307692307,52
790720,96,72,True,True,0.011392405063291136,0.9886075949367089,3.3155045949753907e-31,1.0,3.4756964588405404e+28,65.7181774825789,0.0,14.381428148501627,5.609293171518616,4.001410515514539,5.606495923418565,10.695550906902058,12.424603840262115,15.572233438071473,0.017,1.9568243082395114,True,0.764827434417592,0.235172565582408,0.15608056562287942,0.8439194343771206,13,0.18309859154929578,5.142857142857143,12,0.5,0.5,0.4873737373737374,0.8928571428571429,56
790721,96,72,True,True,0.011392405063291136,0.9886075949367089,2.9773845431698883e-09,0.9999999970226155,3870406.1832222776,15.168870016403355,0.0,6.555996580201658,5.813045623311159,3.0108581905697536,5.8334663106428835,9.509848851879092,11.004950723675382,12.76191772372122,0.397,-4.448954143473724,False,0.7215440743823806,0.27845592561761956,0.16860269485245397,0.831397305147546,16,0.22535211267605634,4.235294117647059,16,0.18055555555555555,0.18055555555555555,0.5398148148148149,0.9387755102040817,49
790722,96,72,True,True,0.011392405063291136,0.9886075949367089,6.363246206784165e-08,0.9999999363675379,181097.61075186776,12.10679145080749,0.0,5.77073896832896,2.5531893739493023,2.963704900766949,2.6659577861927657,6.229881607336984,7.625872531261632,9.561408811213342,0.127,-1.8551335629326724,False,0.5465702643549222,0.45342973564507794,0.30907926634018257,0.6909207336598175,22,0.30985915492957744,3.130434782608696,16,0.2361111111111111,0.23611111111111108,0.4582202111613876,0.9111111111111111,45
790723,96,72,True,True,0.011392405063291136,0.9886075949367089,2.2400465440064627e-11,0.9999999999775995,514439649.0599986,20.058588806183245,0.0,11.397445930795,6.932206818834493,3.3024155658252377,6.9762426542237,11.053473957590667,12.088239859521636,15.238243681963409,0.085,-0.6907939287266363,False,0.8491248971905601,0.1508751028094399,0.25057459832007867,0.7494254016799212,18,0.2535211267605634,3.789473684210526,19,0.20833333333333334,0.20833333333333334,0.6105077928607341,0.8852459016393442,61
790724,96,72,True,True,0.011392405063291136,0.9886075949367089,3.6318057437388845e-08,0.9999999636819427,317299.1061367782,12.667600160475539,0.0,1.8064224618906146,2.6561048707079578,2.114143082231108,2.652242063525922,5.353116178425305,5.9851158666909345,7.772653015664662,0.656,-4.17869340480032,False,0.9704282827318236,0.029571717268176305,0.015586873471779339,0.9844131265282207,1,0.014084507042253521,36.0,64,0.1111111111111111,0.1111111111111111,0.46315789473684216,0.8775510204081632,49
790725,96,72,True,True,0.011392405063291136,0.9886075949367089,1.574462709430876e-16,0.9999999999999999,73191238579356.98,31.92409683819337,0.0,9.0288619324428,3.8861174720769003,3.277430942704516,3.8939885581806486,8.131394155512929,9.404565273142659,11.48519057134861,0.067,-0.3757033406998591,False,0.9383168844133147,0.061683115586685384,0.2220079458531104,0.7779920541468895,11,0.15492957746478872,6.0,28,0.2638888888888889,0.2638888888888889,0.6057234432234432,0.9482758620689655,58
790726,96,72,True,True,0.011392405063291136,0.9886075949367089,7.78119950478199e-11,0.999999999922188,148096544.3958478,18.813374946054587,0.0,5.982794898152531,0.4952911383168099,2.9307454201950596,0.5504378706722052,4.194283282161356,5.259361618148691,7.161268003928086,0.032,0.7234332800038406,True,0.8426122126824006,0.15738778731759934,0.19712879712111295,0.802871202878887,12,0.16901408450704225,5.538461538461538,17,0.3194444444444444,0.3194444444444444,0.6878306878306879,0.9,50
790727,96,72,True,True,0.011392405063291136,0.9886075949367089,9.291071879237585e-30,1.0,1.240296892522938e+27,62.385148291251504,0.0,10.659986832820099,4.7247036293023426,4.129081896120031,4.556123657956322,10.132752297396179,11.743118264394262,14.833364090734946,0.075,-1.083131431574163,False,0.9039855190330269,0.0960144809669731,0.07097849481987933,0.9290215051801207,8,0.11267605633802817,8.0,19,0.4027777777777778,0.40277777777777773,0.5134920634920636,0.9444444444444444,54
790728,96,72,True,True,0.011392405063291136,0.9886075949367089,1.4905721305226233e-18,1.0,7731049939854459.0,36.584021074917004,0.0,10.25148695046038,6.117595358920183,3.8272782135341155,6.1148282125534825,10.996272396455483,12.463403685217754,16.008323966056125,0.124,-2.2119167347573736,False,0.8515934966811044,0.14840650331889563,0.16900876444635896,0.8309912355536411,11,0.15492957746478872,6.0,20,0.4027777777777778,0.40277777777777785,0.34722222222222215,0.9464285714285714,56
790729,96,72,True,True,0.011392405063291136,0.9886075949367089,1.1792135396203979e-09,0.9999999988207865,9772350.112386169,16.095067538837704,0.0,11.67011583502562,3.6600277190635597,2.432416176745156,3.6129016766838404,6.809622763257349,7.676497572510102,9.25941181560312,0.001,3.9936182625155174,True,0.6343312743888343,0.3656687256111657,0.06923557981546077,0.9307644201845393,12,0.16901408450704225,5.538461538461538,19,0.19444444444444445,0.19444444444444445,0.801470588235294,0.9803921568627451,51
790730,96,72,True,True,0.011392405063291136,0.9886075949367089,9.63672501195814e-33,1.0,1.1958095271708818e+30,69.25637617444855,0.0,7.802572977149107,2.084879809560959,3.8028660128176295,2.0899299054312337,7.064032105686169,8.592172964832642,10.553123913985209,0.072,-0.7895999876835349,False,0.9008104005876172,0.09918959941238283,0.056046227224550216,0.9439537727754498,3,0.04225352112676056,18.0,33,0.5,0.5,0.46565656565656566,0.9454545454545454,55
790731,96,72,True,True,0.011392405063291136,0.9886075949367089,1.1158368837947049e-13,0.9999999999998884,103273943955.27547,25.360650944616808,4.527839539413356e-72,7.672982248065222,1.7588898351393425,2.9028599470496737,1.7845257128404703,5.435952822499297,6.270049927721469,8.29554114488924,0.024,1.4029323203437531,True,0.6864840344877177,0.31351596551228234,0.06382244199778718,0.9361775580022128,9,0.1267605633802817,7.2,17,0.2638888888888889,0.2638888888888889,0.5412698412698412,0.9302325581395349,43
790732,96,72,True,True,0.011392405063291136,0.9886075949367089,1.280254243565463e-12,0.9999999999987197,9001093054.70277,22.920611857430643,0.0,10.528314934853682,2.2970113745184766,3.216928424534784,2.2346398552809976,6.402916496566458,7.465112144423582,9.833298664326419,0.004,3.0632027904301005,True,0.48875145191356234,0.5112485480864375,0.1907106643876557,0.8092893356123444,23,0.323943661971831,3.0,11,0.3055555555555556,0.3055555555555556,0.5423280423280423,0.9782608695652174,46
790733,96,72,True,True,0.011392405063291136,0.9886075949367089,6.745292112053538e-13,0.9999999999993255,17084045269.77487,23.561410839756753,0.0,4.366433905241238,3.5407993244120513,3.2968795932552832,3.552731670833528,7.7906724148147735,8.878117248167069,11.36500443727816,0.417,-4.5116833429258305,False,0.5896973704441859,0.4103026295558141,0.26061221030820625,0.7393877896917938,22,0.30985915492957744,3.130434782608696,11,0.3194444444444444,0.3194444444444445,0.46507936507936504,1.0,52
790734,96,72,True,True,0.011392405063291136,0.9886075949367089,9.576210165102723e-19,1.0,1.203366194073292e+16,37.0264842793027,0.0,4.735403027467192,2.5700208672245264,3.7439205851419857,2.591752979340332,7.438239502040614,8.607348500712217,10.778382792953524,0.295,-3.8719454732450247,False,0.799416347889323,0.2005836521106769,0.25083980872374095,0.7491601912762591,15,0.2112676056338028,4.5,12,0.4305555555555556,0.4305555555555556,0.38621933621933624,0.9166666666666666,48
790735,96,72,True,True,0.011392405063291136,0.9886075949367089,1.9993072814888606e-28,1.0,5.763840149396186e+25,59.31623127002166,0.0,11.569555420693248,4.7522126472186015,4.0191335684455725,4.8424410691981645,9.849285167083872,11.31747696644675,14.766037537104792,0.048,0.2520784542464991,True,0.9230813107087431,0.07691868929125685,0.14933401748242506,0.8506659825175749,11,0.15492957746478872,6.0,20,0.4444444444444444,0.3888888888888889,0.4227207977207977,0.8909090909090909,55
790736,96,72,True,True,0.011392405063291136,0.9886075949367089,1.4044222291010013e-05,0.999985955777709,820.5171849331987,6.7099348547754065,0.0,6.530225545509079,2.0063708758455747,1.7024749030865702,1.9451601576161577,4.304248076863919,5.046422057174371,6.343622241185426,0.008,1.4838034883347087,True,0.9470220584666693,0.052977941533330616,0.23376959660248875,0.7662304033975111,4,0.056338028169014086,14.4,43,0.125,0.125,0.3348239880747621,0.9583333333333334,48
790737,96,72,True,True,0.011392405063291136,0.9886075949367089,5.233819023059807e-10,0.9999999994766181,22017741.77368727,16.90735913057965,0.0,7.238845413541677,3.8640912188476166,2.820506041430227,3.954359134769299,7.394686021357089,8.175519217009395,10.431165910037617,0.116,-0.936673803467718,False,0.9507997709452947,0.049200229054705336,0.2149771248632004,0.7850228751367997,6,0.08450704225352113,10.285714285714286,30,0.1527777777777778,0.15277777777777776,0.4680082559339525,0.8545454545454545,55
790738,96,72,True,True,0.011392405063291136,0.9886075949367089,4.289919364777116e-25,1.0,2.6862247515984063e+22,51.64500881567365,0.0,17.267814933134936,4.28943446887442,4.1106419461471555,4.433705374399733,9.397817937913668,10.998222268184685,13.865064049824799,0.003,6.269592664950251,True,0.6530867551446259,0.34691324485537406,0.3113728632329789,0.688627136767021,25,0.352112676056338,2.769230769230769,7,0.4583333333333333,0.40277777777777785,0.6121212121212122,0.9444444444444444,54
790739,96,72,True,True,0.011392405063291136,0.9886075949367089,2.4385592770631807e-26,1.0,4.7256130652291914e+23,54.512454440646906,0.0,12.537595730251596,7.42073752375889,4.244996410182842,7.447133009460902,12.645944123110802,14.548194475337594,18.5165388226747,0.105,-2.010598745085998,False,0.8915462933297074,0.10845370667029264,0.1765858728735901,0.8234141271264099,17,0.23943661971830985,4.0,11,0.4861111111111111,0.4305555555555556,0.5241758241758242,0.9137931034482759,58
790740,96,72,True,True,0.011392405063291136,0.9886075949367089,3.587712120079767e-20,1.0,3.211987805690886e+17,40.310836580491305,0.0,7.699585456441326,0.8451969134091524,3.7699958654593044,0.9081636710863651,5.591956362169551,6.974978941018088,9.692626957482814,0.033,0.7246065154232388,True,0.6488583367466929,0.35114166325330715,0.24668887611493093,0.753311123885069,18,0.2535211267605634,3.789473684210526,11,0.4583333333333333,0.4305555555555555,0.5106227106227106,0.96,50
790741,96,72,True,True,0.011392405063291136,0.9886075949367089,8.024832518427317e-21,1.0,1.436003499582573e+18,41.8083955815511,0.0,14.570414441155247,4.216379331847819,3.757534052688823,4.280778233137012,8.808405200609052,10.44003627483281,12.912088406934858,0.003,4.130378166322437,True,0.7046019706208714,0.2953980293791287,0.35151580132303206,0.6484841986769679,32,0.4507042253521127,2.1818181818181817,9,0.4583333333333333,0.4583333333333333,0.28860028860028863,0.92,50
790742,96,72,True,True,0.011392405063291136,0.9886075949367089,3.448797326294982e-21,1.0,3.3413641016723354e+18,42.65291081117762,0.0,11.535496360478893,5.969194030925278,4.049517545064279,5.885299790503336,11.12301042514913,12.631086672338144,15.444088490899137,0.085,-1.095590311859251,False,0.7356950485427963,0.26430495145720356,0.3229299515893662,0.6770700484106339,18,0.2535211267605634,3.789473684210526,12,0.4027777777777778,0.40277777777777773,0.7703703703703703,0.9464285714285714,56
790743,96,72,True,True,0.011392405063291136,0.9886075949367089,1.7019415730080013e-18,1.0,6770906688446866.0,36.45141140025984,0.0,6.919947285490005,2.3369064485465687,3.675863610865622,2.318483032268036,7.179362484057697,8.32838065747929,11.15103761936658,0.114,-1.4084333719892852,False,0.6318639015369418,0.3681360984630581,0.2922763652272453,0.7077236347727547,22,0.30985915492957744,3.130434782608696,12,0.3472222222222222,0.34722222222222215,0.45714285714285713,0.9387755102040817,49
790744,96,72,True,True,0.011392405063291136,0.9886075949367089,1.0436847870095924e-19,1.0,1.1041348617376856e+17,39.24300867866417,0.0,8.083335113870662,4.014234096323035,3.581461681229753,3.9117993376090894,8.547088794855693,10.087163061599695,12.87822862761655,0.122,-2.0038279477290324,False,0.8257285518974895,0.1742714481025105,0.05330548507504487,0.9466945149249553,11,0.15492957746478872,6.0,23,0.3472222222222222,0.34722222222222227,0.55006105006105,0.9622641509433962,53
790745,96,72,True,True,0.011392405063291136,0.9886075949367089,7.234122126481471e-15,0.9999999999999927,1592962819613.1128,28.096616806730417,0.0,11.73330774399564,4.637085659968784,2.823558281748002,4.596466744998176,8.131612173785035,9.238908921824189,11.236320998568322,0.008,2.4943988221714513,True,0.687798032195745,0.3122019678042551,0.0450520267343565,0.9549479732656435,9,0.1267605633802817,7.2,27,0.2638888888888889,0.2638888888888889,0.40026844070961715,1.0,53
790746,96,72,True,True,0.011392405063291136,0.9886075949367089,2.7260831884773046e-23,1.0,4.227195864284083e+20,47.49324071686807,0.0,16.6202402173422,7.6043309256703076,3.816706559881723,7.692861673324918,12.586382759051867,13.978738979933652,16.387611210165474,0.009,2.641501237408548,True,0.8983112960763392,0.10168870392366086,0.10317739147711336,0.8968226085228868,6,0.08450704225352113,10.285714285714286,23,0.3611111111111111,0.3611111111111111,0.5567765567765567,0.9821428571428571,56
790747,96,72,True,True,0.011392405063291136,0.9886075949367089,3.4549216485414e-08,0.9999999654507835,333544.096050812,12.717530357638667,0.0,8.63761433638124,3.3936710900912743,2.2735863936712577,3.360364396428968,6.433252530434901,7.2763135410842965,8.73297282793439,0.011,1.3613007952969438,True,0.8067630494858163,0.19323695051418363,0.03575947308115786,0.9642405269188421,3,0.04225352112676056,18.0,56,0.125,0.125,0.736842105263158,0.9433962264150944,53
790748,96,72,True,True,0.011392405063291136,0.9886075949367089,5.792854654160469e-22,1.0,1.98929340851824e+19,44.43689627147424,0.0,11.187082641372578,1.7815415056469044,3.3642112572998357,1.934596476233537,5.915886694169562,7.097410377002892,9.309583956051783,0.002,4.089672264369686,True,0.9626596505172337,0.03734034948276636,0.0628714592076103,0.9371285407923898,1,0.014084507042253521,36.0,50,0.3055555555555556,0.3055555555555556,0.5809523809523809,0.9607843137254902,51
790749,96,72,True,True,0.011392405063291136,0.9886075949367089,2.41427077765144e-28,1.0,4.7731545635637685e+25,59.12763474524683,0.0,8.409658901108598,4.511255306285933,4.196972446583546,4.570524017356089,9.819201985841291,11.306475116918905,14.056858263921832,0.165,-2.8968162158103077,False,0.8421727843767546,0.15782721562324545,0.10255211896327791,0.8974478810367221,12,0.16901408450704225,5.538461538461538,23,0.3888888888888889,0.3888888888888889,0.3818477818477819,0.9622641509433962,53
790750,96,72,True,True,0.011392405063291136,0.9886075949367089,2.9746992046917343e-08,0.9999999702530079,387389.9996024894,12.867187215482682,0.0,1.4438211268759957,3.2489395584855685,2.4009494056495058,3.221249592998709,6.262062204985029,7.214568361701691,9.610589548501165,0.766,-5.770747234825695,False,0.8719789279331726,0.1280210720668275,0.07496946587374734,0.9250305341262527,2,0.028169014084507043,24.0,56,0.19444444444444445,0.19444444444444445,0.4444444444444445,0.9473684210526315,57
790751,96,72,True,True,0.011392405063291136,0.9886075949367089,2.8791552476642956e-13,0.9999999999997121,40024543967.78657,24.412758702079998,0.0,8.426500561529558,3.8624356581059094,3.351369766052509,3.897771207794512,8.15211850425994,9.2142201553906,11.730525874787494,0.088,-0.7877195938610413,False,0.849297609970369,0.15070239002963087,0.2055810682399162,0.7944189317600838,18,0.2535211267605634,3.789473684210526,10,0.3472222222222222,0.34722222222222227,0.385968660968661,0.9444444444444444,54
790752,96,72,True,True,0.011392405063291136,0.9886075949367089,4.71424797093518e-08,0.9999999528575203,244443.80329201088,12.406740718092566,0.0,7.923904604048806,1.3094095083968416,2.5706189104539265,1.2815126394362137,4.54224750464982,5.432008897342508,7.0595623585972405,0.006,2.4918957067062983,True,0.653219701127924,0.34678029887207584,0.20041853050333405,0.799581469496666,18,0.2535211267605634,3.789473684210526,16,0.2777777777777778,0.27777777777777773,0.5263888888888889,0.9545454545454546,44
790753,96,72,True,True,0.011392405063291136,0.9886075949367089,2.2950518276639245e-21,1.0,5.021101240992599e+18,43.06018095425388,6.908934844075556e-77,9.363994183523458,4.312421937895439,3.7990068849765297,4.332995680543153,9.20172327385262,10.672827048777426,13.109148725965538,0.091,-1.3088328652539687,False,0.8222071306900388,0.17779286930996108,0.21310573844942812,0.786894261550572,15,0.2112676056338028,4.5,11,0.4166666666666667,0.4166666666666667,0.3875661375661375,0.9215686274509803,51
790754,96,72,True,True,0.011392405063291136,0.9886075949367089,2.6033263438697772e-15,0.9999999999999974,4426524399125.438,29.118635832040482,0.0,9.881902854246853,-2.1920865165838763,3.3494443142535166,-2.29993198330358,2.253268619838034,3.3879314649411447,5.623202199001357,0.002,6.493971389305708,True,0.8694857898748619,0.1305142101251381,0.4001354129141687,0.5998645870858312,18,0.2535211267605634,3.789473684210526,25,0.2638888888888889,0.2638888888888889,0.6708333333333334,0.9583333333333334,48
790755,96,72,True,True,0.011392405063291136,0.9886075949367089,3.535102556828005e-18,1.0,3259788759952038.5,35.720438790629125,0.0,7.762628931363597,1.4544116238133424,3.82897721860368,1.4758612691873216,6.403894731062622,7.761196701467476,10.210667899385516,0.05,0.0014322298961211288,True,0.861311319772153,0.1386886802278469,0.285987669711177,0.714012330288823,14,0.19718309859154928,4.8,12,0.3888888888888889,0.3888888888888889,0.518999518999519,0.94,50
790756,96,72,True,True,0.011392405063291136,0.9886075949367089,4.948823420398092e-05,0.9999505117657961,232.84559407756802,5.450375547529669,0.0,8.155117710909538,2.208409789808223,1.6242186962821548,2.079716446312814,4.42950020421524,5.171166103921106,6.897148248483278,0.001,2.983951606988432,True,0.9498161290166218,0.0501838709833781,0.13699740811488165,0.8630025918851184,5,0.07042253521126761,12.0,25,0.1388888888888889,0.1388888888888889,0.6404901141743247,0.9259259259259259,54
790757,96,72,True,True,0.011392405063291136,0.9886075949367089,9.591466183593569e-16,0.9999999999999991,12014521408350.66,30.117137151477245,0.0,8.402638091303578,2.7296770909618138,3.5244774979865685,2.753991681452586,7.2787937852467826,8.351042911691648,11.039478694567674,0.048,0.05159517961192961,True,0.7426643035659399,0.2573356964340599,0.40827590871582836,0.5917240912841717,22,0.30985915492957744,3.130434782608696,11,0.3333333333333333,0.3333333333333333,0.5513888888888889,0.9433962264150944,53
790758,96,72,True,True,0.011392405063291136,0.9886075949367089,1.8052051937091844e-21,1.0,6.383588757767615e+18,43.30026211432251,0.0,4.986439555688324,1.185573056949136,3.830374331786887,1.23262960571536,6.044927623298288,7.204450281641019,10.367794214348347,0.153,-2.2180107259526958,False,0.8189476574403937,0.18105234255960626,0.16143586276440483,0.8385641372355952,15,0.2112676056338028,4.5,10,0.4027777777777778,0.40277777777777773,0.4678673178673179,0.9411764705882353,51
790759,96,72,True,True,0.011392405063291136,0.9886075949367089,1.81680483438337e-24,1.0,6.342831856200338e+21,50.2016122866148,0.0,4.880996813867254,2.060788000961446,3.915896878958761,2.0143967719953677,7.119053186987232,8.576762638061858,11.725105893735428,0.232,-3.695765824194604,False,0.8666108346301986,0.1333891653698014,0.3757845157998586,0.6242154842001413,15,0.2112676056338028,4.5,11,0.4166666666666667,0.4166666666666667,0.36666666666666664,0.9423076923076923,52
790760,96,72,True,True,0.011392405063291136,0.9886075949367089,2.812107337822229e-19,1.0,4.097883258236467e+16,38.25183204981846,0.0,15.238816621291479,7.739496781494693,2.9666962926644715,7.745585668457776,11.681313728953782,12.762442233207166,14.36531655115885,0.005,2.476374388084313,True,0.8575476073262644,0.14245239267373558,0.0710331592304791,0.928966840769521,3,0.04225352112676056,18.0,39,0.2777777777777778,0.27777777777777785,0.6900793650793652,0.9622641509433962,53
790761,96,72,True,True,0.011392405063291136,0.9886075949367089,5.41511595837974e-11,0.9999999999458489,212805924.52630678,19.175891155863326,1.727233711018889e-77,13.068077135550238,5.218864307100776,3.287783498585491,5.219326213242533,9.296363520423403,10.408257097567523,13.185116178082993,0.011,2.6598200379827155,True,0.6210709051057999,0.3789290948942001,0.2357895327796026,0.7642104672203974,20,0.28169014084507044,3.4285714285714284,9,0.25,0.25,0.38235294117647056,1.0,55
790762,96,72,True,True,0.011392405063291136,0.9886075949367089,1.0280926037875459e-19,1.0,1.120880311517832e+17,39.25806094990213,0.0,10.249520123386823,4.139689784951737,3.742206858096141,4.029408293902922,8.967461795702636,10.513348322766639,13.535647817791034,0.056,-0.26382819937981594,False,0.9259057115057397,0.07409428849426038,0.3190184852365028,0.6809815147634972,9,0.1267605633802817,7.2,21,0.375,0.375,0.5015873015873016,0.9636363636363636,55
790763,96,72,True,True,0.011392405063291136,0.9886075949367089,1.7601943827658826e-24,1.0,6.546826698718297e+21,50.233267411648804,0.0,12.608462167937228,5.358304834489791,3.810563248951004,5.480402516837578,9.817491415070775,11.244389214794465,14.574917991935651,0.03,1.3640729531427631,True,0.7080402420433117,0.29195975795668827,0.2816426612550898,0.7183573387449103,23,0.323943661971831,3.0,10,0.4305555555555556,0.4305555555555555,0.49797979797979797,0.9814814814814815,54
790764,96,72,True,True,0.011392405063291136,0.9886075949367089,1.5134949851769006e-15,0.9999999999999984,7613958217825.662,29.661004286327916,0.0,9.09331813838976,0.756959158357554,3.4813804836483877,0.8808147343093389,5.290566675622134,6.638975601529128,9.256728114044463,0.011,2.454342536860632,True,0.7389974967646409,0.261002503235359,0.13069988401893945,0.8693001159810604,14,0.19718309859154928,4.8,14,0.3888888888888889,0.3888888888888889,0.5424482924482924,0.9411764705882353,51
790765,96,72,True,True,0.011392405063291136,0.9886075949367089,5.9339751042355076e-21,1.0,1.9419844838581025e+18,42.11024205395563,0.0,13.162150094298397,5.688950210950022,3.9690610125886163,5.7422996193371425,10.77752330569958,12.002853028197045,14.85822024845751,0.028,1.1592970661013524,True,0.602798551073817,0.3972014489261831,0.11407759509126215,0.885922404908738,16,0.22535211267605634,4.235294117647059,11,0.3611111111111111,0.3611111111111111,0.3394285997227174,0.9056603773584906,53
790766,96,72,True,True,0.011392405063291136,0.9886075949367089,6.267876222341538e-09,0.9999999937321238,1838531.4417538967,14.424477681428682,0.0,5.639661703569841,2.6390812732918243,2.3737758954722565,2.6029604792219345,5.661948163854709,6.6615058036244115,8.325181133658976,0.106,-1.0218441000545706,False,0.9286616079456754,0.0713383920543246,0.29745358092247176,0.7025464190775282,7,0.09859154929577464,9.0,34,0.2222222222222222,0.22222222222222224,0.46719576719576716,0.9583333333333334,48
790767,96,72,True,True,0.011392405063291136,0.9886075949367089,6.079359694279653e-19,1.0,1.8955429781312044e+16,37.48086681739203,0.0,7.448904444612698,2.933101712090774,3.388834736529633,2.850705560300298,7.273869992707792,8.476821770735816,10.711042370713272,0.087,-1.0279173261231174,False,0.9145317413022874,0.08546825869771267,0.26483076693997093,0.735169233060029,9,0.1267605633802817,7.2,19,0.3333333333333333,0.3333333333333333,0.44128787878787873,0.9615384615384616,52
790768,96,72,True,True,0.011392405063291136,0.9886075949367089,2.2397466397063718e-27,1.0,5.145085330515941e+24,56.90008418613987,0.0,9.867512216876385,2.9652892782999456,3.891818614497843,2.881435132338526,7.930098199966935,9.187911088337609,12.030584657170342,0.037,0.679601128538776,True,0.8004100720438563,0.19958992795614366,0.07947017167346547,0.9205298283265345,9,0.1267605633802817,7.2,15,0.4861111111111111,0.4861111111111111,0.6092592592592593,0.9375,48
790769,96,72,False,False,0.011392405063291136,0.9886075949367089,0.06581382631472686,0.9341861736852731,0.16357155038590618,-1.8105047673320573,0.0,-1.0955227051374015,-0.1535734537161077,1.2535660346504978,0.020147098776454264,1.2310827302015392,1.684344040602637,2.7979335703542163,0.776,-2.779866745740039,False,0.8623005112471027,0.1376994887528972,0.03524824948507006,0.96475175051493,1,0.014084507042253521,36.0,70,0.027777777777777776,0.027777777777777776,-0.0625,0.9473684210526315,57
790770,96,72,True,True,0.011392405063291136,0.9886075949367089,2.0046284251083963e-16,0.9999999999999999,57485404455454.23,31.682552195952837,0.0,8.470247684763375,3.0288956021469406,3.0393721141537675,2.8673405599176824,7.06500315930745,8.139945078053307,10.471472281489081,0.043,0.3303026067100685,True,0.806460106644375,0.193539893355625,0.10833804914803548,0.8916619508519646,7,0.09859154929577464,9.0,27,0.2777777777777778,0.27777777777777773,0.5349206349206349,0.9649122807017544,57
790771,96,72,True,True,0.011392405063291136,0.9886075949367089,2.0426860611517483e-21,1.0,5.641438397796732e+18,43.17667074195722,0.0,9.133218494592796,4.3878803949614715,3.609837043147193,4.536692814673896,9.028577062232038,10.147210533857418,12.76609094947009,0.092,-1.0139920392646218,False,0.9194819352956418,0.0805180647043581,0.031431148278610155,0.9685688517213897,3,0.04225352112676056,18.0,26,0.3888888888888889,0.3888888888888889,0.40641025641025647,0.9591836734693877,49
790772,96,72,True,True,0.011392405063291136,0.9886075949367089,0.00027857644144464256,0.9997214235585553,41.35481554866703,3.722188872939679,0.0,2.4152768174731594,1.6837716679262078,1.9552955026429342,1.6220437665410188,4.175288362282497,4.800457132002311,6.766704297452346,0.362,-2.3851803145291517,False,0.5598194924946556,0.4401805075053445,0.07654580092780343,0.9234541990721966,3,0.04225352112676056,18.0,55,0.041666666666666664,0.041666666666666664,0.1666666666666667,0.9433962264150944,53
790773,96,72,True,True,0.011392405063291136,0.9886075949367089,6.240797751118085e-18,1.0,1846508738079371.0,35.152073082449,4.2168791772922093e-81,7.920041360098679,5.24203024030623,4.098237471730082,5.196492208055775,10.544290668026806,11.895628235189681,14.915144454085413,0.257,-3.975586875091002,False,0.6336993115893045,0.3663006884106955,0.2502851978399368,0.7497148021600633,20,0.28169014084507044,3.4285714285714284,10,0.375,0.375,0.27411616161616165,0.9310344827586207,58
790774,96,72,True,True,0.011392405063291136,0.9886075949367089,4.01999248713141e-14,0.9999999999999598,286659430755.5088,26.38156069565673,0.0,10.050038072557117,6.071808022277251,3.323440128481964,6.209453280235268,10.246977490834231,11.462062053460933,13.510631282684052,0.115,-1.4120239809038164,False,0.8389091617850523,0.16109083821494777,0.11030099805035103,0.889699001949649,6,0.08450704225352113,10.285714285714286,29,0.2361111111111111,0.23611111111111113,0.4342592592592593,0.9423076923076923,52
790775,96,72,True,True,0.011392405063291136,0.9886075949367089,3.0594586896912717e-19,1.0,3.7665772768412504e+16,38.167528192861255,0.0,7.192543121013305,4.579592396472931,3.6927487254393836,4.6766690962173385,9.427053758656129,10.4992842073243,12.81314330418939,0.234,-3.3067410863109945,False,0.723104520147787,0.276895479852213,0.15810825987416083,0.8418917401258392,14,0.19718309859154928,4.8,10,0.4444444444444444,0.4444444444444444,0.3954674954674955,0.9230769230769231,52
790776,96,72,True,True,0.011392405063291136,0.9886075949367089,2.4039559492968404e-27,1.0,4.7936350844516495e+24,56.829331245750474,0.0,9.231044830127145,3.533817954400385,4.107998372503225,3.4828662960149988,8.962019960827826,10.045845790577038,12.836333986211082,0.086,-0.8148009604498938,False,0.8943590004065591,0.10564099959344082,0.12040383381080264,0.8795961661891974,6,0.08450704225352113,10.285714285714286,28,0.4861111111111111,0.4583333333333333,0.5464646464646464,0.9056603773584906,53
790777,96,72,True,True,0.011392405063291136,0.9886075949367089,4.4881586693166755e-15,0.9999999999999956,2567575798691.645,28.573983300685946,0.0,1.8535763842497832,2.847403058171884,3.3842382911213083,3.023974438213563,7.089807496813525,8.132629206829177,10.467162871007643,0.612,-6.279052822579394,False,0.9351906825209152,0.06480931747908478,0.15516862398096062,0.8448313760190395,6,0.08450704225352113,10.285714285714286,21,0.3888888888888889,0.3888888888888889,0.2980954230954231,0.8627450980392157,51
790778,96,72,True,True,0.011392405063291136,0.9886075949367089,5.066113600185587e-19,1.0,2.2746603194218692e+16,37.66319221901554,0.0,7.9972338795421996,5.002774108912991,3.804861813003867,4.978758692723321,9.98708646150181,11.248448330861251,14.638140103877246,0.216,-3.2512144513190515,False,0.9041545335200454,0.09584546647995461,0.09958382568269626,0.9004161743173038,8,0.11267605633802817,8.0,19,0.4166666666666667,0.4166666666666667,0.44877344877344877,0.9473684210526315,57
790779,96,72,True,True,0.011392405063291136,0.9886075949367089,1.9379506337166177e-26,1.0,5.946326691472724e+23,54.74223080499603,0.0,11.662221967068257,3.3999360233065072,3.714311714903722,3.393824506216172,8.272858049677103,9.671974366084642,12.045436067715695,0.011,1.990247600983615,True,0.9106445017105254,0.0893554982894747,0.16900882742420695,0.8309911725757931,7,0.09859154929577464,9.0,17,0.4027777777777778,0.40277777777777785,0.45155122655122654,0.9803921568627451,51
790780,96,72,True,True,0.011392405063291136,0.9886075949367089,1.6546097661975382e-25,1.0,6.964595408202058e+22,52.597711562138876,0.0,13.3339585014995,2.559458377402227,3.5276159393852575,2.694923119087619,7.149098610522314,8.507061231685142,10.60524595722744,0.001,4.826897269814358,True,0.8848182141707289,0.11518178582927102,0.07499571806805413,0.9250042819319457,4,0.056338028169014086,14.4,26,0.3472222222222222,0.34722222222222215,0.6773504273504273,0.9591836734693877,49
790781,96,72,True,True,0.011392405063291136,0.9886075949367089,1.278711817041879e-19,1.0,9.011950485203213e+16,39.039913016141305,0.0,11.96246920734957,2.796619993174114,4.0644630045580135,2.9060568049234483,8.057641460964414,9.199420732300391,11.698444382296838,0.009,2.76304847504918,True,0.6727412044768828,0.32725879552311715,0.40311954951252565,0.5968804504874742,31,0.43661971830985913,2.25,9,0.4166666666666667,0.4166666666666667,0.5630952380952382,0.9215686274509803,51
790782,96,72,True,True,0.011392405063291136,0.9886075949367089,8.768939099547807e-14,0.9999999999999124,131414843337.4208,25.601624899611153,0.0,11.387889190320493,7.06672827253165,3.5821969151743698,7.02709020313344,11.701137223126734,13.041041651451929,15.157566526477966,0.118,-1.6531524611314357,False,0.7555705285956031,0.24442947140439683,0.1170054881119396,0.8829945118880604,14,0.19718309859154928,4.8,11,0.3055555555555556,0.3055555555555555,0.4543417366946778,0.9259259259259259,54
790783,96,72,True,True,0.011392405063291136,0.9886075949367089,9.346572635530797e-29,1.0,1.2329319023551633e+26,60.07660741126876,0.0,9.174779428206786,5.991015387120401,3.932663331235378,5.821156412788692,10.929355922555931,12.65449909371706,15.021803456552052,0.204,-3.479719665510274,False,0.8087029064402302,0.1912970935597697,0.16043686301534343,0.8395631369846565,11,0.15492957746478872,6.0,17,0.4583333333333333,0.4305555555555556,0.44636197136197137,1.0,56
790784,96,72,True,True,0.011392405063291136,0.9886075949367089,1.9942509780226867e-24,1.0,5.778454019589569e+21,50.108423129123345,0.0,12.188918478872964,5.237855019154673,3.7876153841245648,5.098853291246698,10.057134429304332,11.292335072794195,14.171262977226426,0.028,0.8965834060787685,True,0.7879287490675276,0.21207125093247237,0.07816673714769623,0.9218332628523038,12,0.16901408450704225,5.538461538461538,17,0.5,0.47222222222222215,0.5450142450142451,0.96,50
790785,96,72,True,True,0.011392405063291136,0.9886075949367089,1.9838558684198154e-24,1.0,5.808732258964202e+21,50.11364930009569,0.0,10.05064993546752,5.229889226606271,3.7998814423101854,5.296167476163057,10.024872828206329,11.59377969113614,14.123913306939741,0.1,-1.5431297556686197,False,0.8394283987307177,0.16057160126928216,0.13992057121400606,0.860079428785994,13,0.18309859154929578,5.142857142857143,11,0.4166666666666667,0.4166666666666667,0.4522005772005772,0.9629629629629629,54
790786,96,72,True,True,0.011392405063291136,0.9886075949367089,5.689254132070094e-24,1.0,2.0255181632803218e+21,49.06011250380236,0.0,10.361220788354732,1.2388625741751276,3.648630335002425,1.1739775503761312,5.89801984853784,7.2922767899079455,9.676149387392599,0.009,3.0689439984467866,True,0.8294387063293767,0.1705612936706233,0.22480402797948895,0.7751959720205112,13,0.18309859154929578,5.142857142857143,10,0.4722222222222222,0.47222222222222215,0.5666666666666668,1.0,49
790787,96,72,True,True,0.011392405063291136,0.9886075949367089,2.214265977955626e-19,1.0,5.204292390684331e+16,38.49084523273457,0.0,8.017222157145056,6.744140479356699,3.9070137346992238,6.943317739354865,11.522598681497621,12.82788803314055,16.207444134410068,0.386,-4.810665875995493,False,0.714653034866642,0.28534696513335794,0.2884643405798592,0.7115356594201409,13,0.18309859154929578,5.142857142857143,17,0.3194444444444444,0.3194444444444445,0.30138888888888893,0.8181818181818182,55
790788,96,72,True,True,0.011392405063291136,0.9886075949367089,1.3311508864035544e-16,0.9999999999999998,86569356620118.5,32.091967019225166,0.0,8.207566320940705,7.410148484528379,3.5228904075485445,7.276247764336607,12.115127260046664,13.239043421454365,15.566050373501882,0.407,-5.03147710051366,False,0.6964461224215583,0.30355387757844177,0.14577041849104413,0.8542295815089558,10,0.14084507042253522,6.545454545454546,18,0.2916666666666667,0.2916666666666667,0.47637003519356463,0.9836065573770492,61
790789,96,72,True,True,0.011392405063291136,0.9886075949367089,2.11764947879145e-15,0.9999999999999979,5441735138622.756,29.325119085245348,0.0,10.062918199765678,3.7770240716290298,3.2752819288548594,3.885707030369649,7.851997326983445,9.064647538835628,10.938394117859808,0.023,0.99827066093005,True,0.7538775193603058,0.24612248063969416,0.12341528764854186,0.8765847123514581,7,0.09859154929577464,9.0,32,0.2777777777777778,0.27777777777777785,0.45396825396825397,0.9818181818181818,55
790790,96,72,True,True,0.011392405063291136,0.9886075949367089,5.365409746596725e-21,1.0,2.1477740050207956e+18,42.21096363318902,0.0,12.469032816424836,6.9720850510673715,3.7911126486084132,6.922847759415506,11.79640072047776,13.200650351682198,16.141896963945896,0.078,-0.731617535257362,False,0.45182366805674345,0.5481763319432567,0.25385612389583045,0.7461438761041695,23,0.323943661971831,3.0,10,0.375,0.375,0.6138935138935139,0.9811320754716981,53
790791,96,72,True,True,0.011392405063291136,0.9886075949367089,2.1005266560547108e-24,1.0,5.486094426275877e+21,50.05650355746898,0.0,12.696005774266089,4.168060619076774,3.988588829215763,4.174857817293986,9.276096811804761,10.503592122422106,12.975319071415827,0.014,2.1924136518439834,True,0.8903864831921235,0.1096135168078764,0.347115604423615,0.6528843955763849,19,0.2676056338028169,3.6,9,0.4166666666666667,0.4166666666666667,0.6368686868686869,0.9423076923076923,52
790792,96,72,True,True,0.011392405063291136,0.9886075949367089,2.5220054127813163e-11,0.9999999999747798,456925568.88791114,19.940031066639648,0.0,12.692091887195028,5.082441727749338,3.2249495202686385,5.1462430057492385,9.112873689773904,10.212863851862586,12.215895225133954,0.006,2.479228035332442,True,0.9305376283200752,0.06946237167992465,0.38703940113836893,0.612960598861631,15,0.2112676056338028,4.5,12,0.2361111111111111,0.23611111111111113,0.5854341736694678,0.8888888888888888,54
790793,96,72,True,True,0.011392405063291136,0.9886075949367089,5.224942826048046e-16,0.9999999999999996,22055145795234.953,30.72456705999341,0.0,10.960836919971703,6.788494419096435,3.1163278367761875,6.7343094020626895,10.837752986320869,11.744335653267434,14.29224913317727,0.093,-0.7834987332957315,False,0.7829880535777037,0.21701194642229618,0.09000754659698383,0.9099924534030162,6,0.08450704225352113,10.285714285714286,23,0.20833333333333334,0.20833333333333334,0.42908496732026147,0.95,60
790794,96,72,True,True,0.011392405063291136,0.9886075949367089,2.5460195746722686e-26,1.0,4.526158280424465e+23,54.46933065683376,0.0,8.107338656825648,4.656463362053165,3.9381953827104903,4.718692226375443,9.616586916447847,10.90907579190872,13.768061240764743,0.196,-2.801737135083071,False,0.7882751136064922,0.21172488639350784,0.2261453954258738,0.7738546045741261,10,0.14084507042253522,6.545454545454546,11,0.5,0.47222222222222215,0.462037037037037,0.9215686274509803,51
790795,96,72,True,True,0.011392405063291136,0.9886075949367089,9.851597997918638e-19,1.0,1.1697277520317294e+16,36.99813251906657,0.0,12.24492893393942,3.9153321775707286,3.597022461154227,3.9505816321353624,8.404841393614644,9.885676521421237,11.932962097772588,0.007,2.359252412518183,True,0.8155372451907944,0.18446275480920554,0.10697078367450194,0.893029216325498,12,0.16901408450704225,5.538461538461538,15,0.3611111111111111,0.3611111111111111,0.6280982905982906,0.92,50
790796,96,72,True,True,0.011392405063291136,0.9886075949367089,1.2092816062202598e-30,1.0,9.529366460839498e+27,64.42417574789467,0.0,9.274659556653917,1.0516793788676555,3.871427518913543,1.0934380007573088,5.870660446824855,7.340514289306128,9.933760574062994,0.017,1.9341452673477892,True,0.8482036030833576,0.15179639691664248,0.050568864104877057,0.949431135895123,3,0.04225352112676056,18.0,39,0.4444444444444444,0.4444444444444444,0.611111111111111,0.9782608695652174,46
790797,96,72,True,True,0.011392405063291136,0.9886075949367089,1.997679624339347e-24,1.0,5.768536375714712e+21,50.10670534016292,0.0,9.584092019447786,6.00159844580883,4.3640648555302635,5.963963644723234,11.714712321406104,13.006121698323792,15.512821452764445,0.227,-3.4220296788760063,False,0.8404732458492273,0.15952675415077258,0.12488312727658395,0.875116872723416,12,0.16901408450704225,5.538461538461538,17,0.4166666666666667,0.4166666666666667,0.4005494505494505,0.9152542372881356,59
790798,96,72,True,True,0.011392405063291136,0.9886075949367089,1.107379897370779e-08,0.999999988926201,1040626.3902545988,13.855333388130449,0.0,9.659126261935455,4.499067369636528,2.459269117685994,4.470649237808831,7.7147645369910105,8.562189887259823,10.360149396433245,0.023,1.0969363746756322,True,0.8486980562755039,0.1513019437244962,0.10985829378960012,0.8901417062104,11,0.15492957746478872,6.0,21,0.1527777777777778,0.15277777777777776,0.4986928104575163,0.9811320754716981,53
790799,96,72,True,True,0.011392405063291136,0.9886075949367089,3.841472847073594e-09,0.9999999961585271,2999809.7069816105,14.914059413614423,0.0,9.518179933549208,3.3905590009803976,2.2848172218267777,3.3149193753553603,6.468232829647519,7.251893436497882,8.603620369795001,0.002,2.2662864970513255,True,0.7630199223301997,0.2369800776698004,0.11471591650727624,0.8852840834927238,8,0.11267605633802817,8.0,17,0.19444444444444445,0.19444444444444445,0.44640522875816996,0.9803921568627451,51
