scenario,t,x_true,y,x_mean,x_var,z_mean,h_mean
dream,1,2.016001277239923,2.0279684713969126,1.9867219232205713,0.09796611491953178,0.02755609153298706,-0.3424671344348998
dream,2,5.004836014590323,4.993333530003733,4.921467463914023,0.09768617913232773,-1.8522256225168512,-1.535863377495613
dream,3,6.908353068608435,6.818571631723086,6.758611190625974,0.09720226439714366,-1.7295125784569734,-1.8660897807925576
dream,4,7.014375757736096,6.556066480578852,6.547702080347346,0.0938218061463773,-1.1269898864959536,-1.3195532853957654
dream,5,9.600187725021593,9.63961628235002,9.579731203076589,0.0982486154643439,-2.046353784499434,-1.8752304536707125
dream,6,12.679056106446385,12.550824021781192,12.502436207615125,0.09859748693138538,-2.294305187043684,-2.26845043552948
dream,7,14.488870387964186,14.76022190116291,14.719980673543242,0.09860414433814382,-2.3454881178622506,-2.4784439429444474
dream,8,14.061972582848208,13.992596763268804,13.992361634453061,0.09727074349666562,-1.8684793172647354,-1.9383534790066461
dream,9,17.249826533936236,16.81119523785995,16.76397486874416,0.09865792191163626,-2.3222572390217144,-2.2973654107245385
dream,10,19.39931898108868,19.857622083129595,19.817872214264725,0.09898902781819863,-2.615834352747183,-2.6240267041605
dream,11,22.009995454461944,22.28039084426165,22.246878168951426,0.09902957790804226,-2.6974965863545046,-2.8238893433825485
dream,12,22.629830479498747,22.532920658957842,22.512109643049765,0.09851178358634784,-2.398128250601076,-2.655443506128858
dream,13,20.84142259761408,20.834113620068315,20.845723409843078,0.09789826419595417,-2.1009502187362195,-2.2634033633828
dream,14,23.562740632924204,22.970161826083864,22.92981021487195,0.0987257618998202,-2.4083667039635603,-2.501565856539026
dream,15,20.364337646583788,20.050147931996875,20.080022562676017,0.09827630295164559,-2.203853798100225,-2.4621538705138795
dream,16,17.358430427519167,17.394544251653496,17.424869891764853,0.09819648815815253,-2.1594813079760997,-2.4191947340015347
dream,17,15.456784764569948,15.297916024058367,15.32474141805438,0.09786372761026105,-2.0185332162307303,-2.2856399360518145
dream,18,12.70076898428453,12.738427568432229,12.77383977007169,0.09805435671431527,-2.0593741582539864,-2.303019098948865
dream,19,18.569436967428615,18.72625270306503,18.689442366867567,0.09944151494118379,-3.146612032907101,-2.8738292512458496
dream,20,15.173734239060341,15.351122435805522,15.377391149544962,0.09890722226255526,-2.6445094160919935,-2.8829672127370696
dream,21,11.701266293309065,11.325724481159744,11.354356191479074,0.09912782577320445,-2.8296955264803754,-3.0086866244901715
dream,22,8.760225558175199,8.715231397651099,8.737694349687542,0.0989155703245573,-2.6833733745590718,-2.9396589091657073
dream,23,9.802776591074492,9.926964711178154,9.90612840150245,0.09871867634611843,-2.5407706771468908,-2.8001260887426556
dream,24,7.427932147191472,7.374517225457785,7.400541329781965,0.09872199363833485,-2.5084557580394153,-2.762951896297588
dream,25,-2.4949503366138917,-2.7598647372901723,-2.731803295423816,0.099713377369102,-3.7975923632274786,-3.439302404992329
dream,26,-6.862550848680971,-6.452199866712587,-6.431167922967999,0.0994547053131411,-3.3151112337520767,-3.515979806557348
dream,27,-7.148598471676376,-7.932159109571229,-7.918248207179235,0.09923673393999019,-3.0766117919562586,-3.3144700198055386
dream,28,-0.7385465813657016,-0.18400898846023725,-0.20787232778807044,0.09967481225692146,-3.73656935275934,-3.6983493305971002
dream,29,1.0245552602958026,1.8286620028424967,1.815853156503033,0.09936782049492249,-3.263910455552791,-3.4992768603263547
dream,30,4.13578263494537,4.207520658585976,4.190460924019963,0.09931278919027467,-3.1516024708057047,-3.4029687056187696
dream,31,17.65145502043802,17.057608317709864,17.036933120107093,0.09984189249321679,-4.394768429561106,-4.0827687958702645
dream,32,24.505885173054462,24.58942475557106,24.573060330041166,0.09980528597300155,-4.27693659578215,-4.346006836975519
dream,33,21.05191710866894,20.95077426864163,20.958924067901172,0.09965952177686889,-3.888492887170607,-4.090639927455121
dream,34,31.40858725622285,31.352624976461644,31.336457640594578,0.09985869747852849,-4.559710983327921,-4.508191687662427
dream,35,31.561954220434256,31.293221649671914,31.288370883764472,0.09968162197143121,-3.985148987499397,-4.091014481327874
dream,36,23.259556906246925,23.479051270830908,23.494817091548427,0.0997475409050686,-4.065474097309339,-4.227066342553336
dream,37,35.422543630693504,35.346700480581674,35.33169224469921,0.0998847879880329,-4.755701513508661,-4.680036277922993
dream,38,19.458621136711958,19.550792248707214,19.562953190495247,0.0999132248600447,-5.053248465406874,-5.047978560686399
dream,39,29.61711911225006,29.942375411659295,29.932489347141086,0.09991295616384437,-5.099802645110082,-5.222124858077663
dream,40,32.85616424906189,33.111212131233,33.105179009714746,0.0998709588573044,-4.826926529293345,-5.027446621736641
dream,41,40.26414171835519,40.06511374395124,40.05565637965381,0.0998902245887496,-4.911241492768983,-5.091423678123132
dream,42,31.07382374554392,31.002767584712295,31.011209763265523,0.09988025458649807,-4.855933913105671,-5.063246955809718
dream,43,27.292329397342517,26.830871007225046,26.83549386180244,0.09982421124115809,-4.567528894101174,-4.709623597223938
dream,44,35.857061027803645,35.98249768234328,35.97059421564177,0.0998865123647521,-4.8338566928979185,-4.935449171337934
dream,45,36.56041802120077,36.719000330512166,36.71392430545171,0.09980070070830498,-4.4418525079972895,-4.593650516867056
dream,46,32.799843375289555,32.961915889516426,32.96751605345534,0.09970776348775598,-4.0756822515606865,-4.218221468963088
dream,47,66.570268130661,66.58313859356619,66.5719134302344,0.09996816820593439,-5.943050661011689,-5.4192523512257385
dream,48,58.39255987613722,58.07101310386839,58.07632843322499,0.09989723479742045,-5.037770297263661,-5.228463124076138
dream,49,82.08278752817641,82.31575356110243,82.306858848738,0.09996723047117202,-5.974220415358109,-5.829616536050865
dream,50,83.32387731700662,83.34284880153135,83.33916704358708,0.09992852805246467,-5.411292222643791,-5.566297985347695
dream,51,89.03387829483823,89.65543803982351,89.64846447758136,0.09993347887363364,-5.411638901721213,-5.589876815682417
dream,52,86.96106865318563,86.94887614999803,86.94696292877344,0.09989268657302142,-5.065837477730043,-5.052297943335457
dream,53,93.73892435286089,94.13686801481263,94.12694043806101,0.09991395199055136,-5.117449776092299,-5.238253527545118
dream,54,81.81684816771184,81.8457178000032,81.85354004337364,0.09989673436546258,-5.00271866694213,-5.2065956544166365
dream,55,75.43505192535785,75.64548154786597,75.64882161409002,0.09984210572728476,-4.685693596786044,-4.76566910634615
dream,56,55.69616619292469,55.2990513715551,55.31056282228,0.0999305171605365,-5.265042252760795,-5.214642514473012
dream,57,68.26929666326546,68.7747924613271,68.76546496459933,0.09994252842923411,-5.4786768781082475,-5.521276506255377
dream,58,74.22086613317273,73.84929593423203,73.84267010750389,0.09992225128256173,-5.279488700842093,-5.475556324197079
dream,59,63.6529724558777,63.29477709199405,63.3009800938752,0.09990952130289885,-5.155986534749958,-5.36002617621113
dream,60,68.07598005973477,68.05176002657285,68.04445915093305,0.0999077686531943,-5.117277714409011,-5.319387941717507
dream,61,48.606150256980015,48.611884312565714,48.620716831898875,0.09994490127603671,-5.5322820472036875,-5.596367046294501
dream,62,46.74716227584355,47.08828559692553,47.0873071555882,0.09989111547725053,-5.058533007354113,-4.890113439411555
dream,63,47.19103350898307,47.075762071080355,47.07078975179918,0.0997877635199807,-4.385755350680396,-4.528521246337306
dream,64,40.4007310888982,40.42841107224659,40.4387440708665,0.09975907236999527,-4.196766987167428,-4.429316576740159
dream,65,41.10000986986324,41.333579186564045,41.32463035301718,0.0996931939634838,-3.9934577595690857,-4.214901559078165
dream,66,50.51786105128404,50.65269564464693,50.637442605032184,0.09986613443663919,-4.626480067274306,-4.606914708616055
dream,67,43.61762941991277,43.45271199106238,43.462747183989826,0.0997843219826571,-4.295315269049086,-4.523288756425775
dream,68,55.58115997878076,55.240210040949016,55.227152704196996,0.09990640304682455,-4.973307741600576,-4.937930904842861
dream,69,38.53371144160042,38.35634398522623,38.36705250461474,0.09992410392633318,-5.202628140887788,-5.24432438321842
dream,70,38.62648973494723,38.358995335382154,38.356130692077535,0.0998500418720244,-4.728215311718014,-4.7802360558596435
dream,71,41.7162426945991,41.30204929520932,41.293061742884724,0.09981521257739528,-4.453845821924713,-4.678581213506463
dream,72,44.78527868740545,44.58375762953694,44.573565525793555,0.0998096836678011,-4.409015215383288,-4.63153642443922
dream,73,51.284465790954144,51.021234358435265,51.00908999012936,0.09986002901735685,-4.645548445981075,-4.788910781764693
dream,74,52.93353257398294,52.914356935240036,52.90583069106704,0.09980864503584963,-4.430381996445898,-4.65455191119328
dream,75,56.50268655729793,56.48261482502554,56.47161363860054,0.09982319105373977,-4.461469400468295,-4.669518445180252
dream,76,69.74487194942053,70.01770451655078,70.00567008477451,0.09992648336448143,-5.20325868089186,-5.13548673671794
dream,77,72.81265483416065,72.52692402359435,72.51938084750095,0.09987473006412856,-4.82846534028841,-5.041760281433679
dream,78,66.50036931685939,66.77775837985631,66.78165984198728,0.0998155906783042,-4.527139600105344,-4.629508487787545
dream,79,62.04303807258143,62.58513206144886,62.58772214868387,0.0996979295611866,-4.06521882111759,-4.029236167116818
dream,80,61.359407765695714,61.184315545994515,61.17559337352169,0.09949465376333581,-3.5246523444902156,-3.7151701173142713
dream,81,57.557941885039625,57.504065638027015,57.50880415745327,0.09922667737642021,-3.1354957463580964,-3.1710329281443315
dream,82,52.886863521211076,52.860766925912806,52.87925571813429,0.09895696585435794,-2.759260993492511,-3.0163993038361667
dream,83,43.33985237304462,43.0395430614388,43.06674218147517,0.09962201131883712,-3.5728183622225913,-3.4678890874723396
dream,84,37.49072235062071,37.10457811574126,37.12525859688291,0.09945703804932675,-3.3278384987584553,-3.53511211575841
dream,85,32.43195461563508,32.541841529295546,32.55924871635401,0.099361708719813,-3.2164568928000947,-3.465195827551243
dream,86,26.804687004452465,26.227721084657944,26.249450218633225,0.09953802843012946,-3.459960368834999,-3.6180188925567878
dream,87,27.656032919270274,27.373775013903785,27.35834914031111,0.09936696115210705,-3.2436284597222476,-3.4932081005863744
dream,88,26.803733390453615,26.919162918964822,26.910678112188688,0.09908640880695477,-2.9470039260891876,-3.0903620512854455
dream,89,23.165580139185927,23.384595889677414,23.406443608124565,0.09899806308909513,-2.766896706950106,-3.02337025226201
dream,90,19.926868136562643,19.869475078283216,19.89323779209216,0.09899593305038515,-2.749271356231134,-2.9984619373896155
dream,91,17.575570183750013,17.22681861122056,17.24715326831716,0.09878363580629615,-2.596966569334979,-2.8565166165317115
dream,92,16.830501124332013,16.549784463939567,16.546762493650952,0.09816837918255486,-2.264264405496706,-2.2959530539001243
dream,93,17.799691028180124,17.756722734515414,17.720118775420776,0.09820330886660252,-2.127021765863574,-2.3531855921462546
dream,94,17.81522171050806,17.85905982404964,17.83420215040706,0.09757473567431615,-1.9057208092544762,-2.1670605006040162
dream,95,21.442472551986548,20.985838276214203,20.943671484224275,0.09895713130766874,-2.570153578738654,-2.532300426108315
dream,96,22.865329370431514,22.50036793779122,22.466717279222774,0.09870767246534161,-2.4411344150421823,-2.6369152639749673
dream,97,23.694065236158853,23.175309239733235,23.147509526449397,0.09848248861595543,-2.3349973125553354,-2.592487901048183
dream,98,26.966160052562106,26.445113249615307,26.41072268904405,0.09922804217413164,-2.888779183337764,-2.907702839156772
dream,99,27.319836231865118,27.834759370232394,27.807820272805884,0.09901845936558905,-2.738664102107039,-2.959625533354302
dream,100,30.11756138640201,29.689406343758748,29.66206494475956,0.09916437681889859,-2.8799001214326516,-3.069154263139933
dream,101,28.758068034806836,28.632784560956075,28.626249548952156,0.09856000820354072,-2.49692974846854,-2.578122767543468
dream,102,26.517733614274224,26.26948479626275,26.288635570348728,0.09793065784175893,-2.0873201866274806,-2.3252942334327593
dream,103,28.330968724515486,28.37589914986681,28.33668129298686,0.09884710849290752,-2.5039643886118825,-2.5809138240512013
dream,104,22.4617721711778,22.524060786430304,22.558655626091426,0.09921299999173498,-2.8701313034352784,-2.8923455430790628
dream,105,16.41711765273033,16.98989259801507,17.019477030651988,0.09933380852243959,-3.057341252406073,-3.140322997520279
dream,106,13.36363347761351,13.207634188408457,13.231304652891135,0.09920055684473252,-2.9504669420204297,-3.175762514899899
dream,107,16.088093031971585,16.109989302553462,16.085610415251285,0.09931137947566884,-3.0784493354900824,-3.2728996160261348
dream,108,19.215375534659692,18.97161532605277,18.948422760497504,0.09937152380255221,-3.171540812784909,-3.366921485823432
dream,109,16.21939358118601,15.974078073719166,15.990987322036318,0.09916576782940072,-2.972735200117722,-3.225176361279115
dream,110,12.882728923219771,12.92494876511375,12.945033448719535,0.09911384163281559,-2.8922355403860895,-3.1472679261758416
dream,111,11.88036532365462,12.208203044832501,12.209438048495166,0.09862132043772279,-2.554499261664328,-2.529653937235545
dream,112,8.509482846662026,8.801709714931935,8.836011638974774,0.09877372972813651,-2.486204340048648,-2.6639225732460834
dream,113,5.815376002506418,5.206330914468132,5.238768891244105,0.09898245933581602,-2.664738184452152,-2.823169905738039
dream,114,4.137173757481987,3.8033660863873506,3.8218904391695503,0.09842139621713354,-2.3551906680156525,-2.5996236779090918
dream,115,1.0411261483595067,0.805090351936167,0.8380490933624035,0.09883361020230605,-2.5399582697544774,-2.723698274900413
dream,116,-1.6310341345316255,-1.6164329766765013,-1.5872010595578208,0.09878835430207399,-2.533091492666668,-2.7628191818005665
dream,117,-2.611556332783034,-2.5856261081570495,-2.5672784433306814,0.09829765091394196,-2.2832028080160756,-2.523543047001006
dream,118,-5.786911858390399,-5.514365457337455,-5.479415809699193,0.0988635927425411,-2.548198384969963,-2.6967998764964913
dream,119,-4.829533746286107,-5.354153286644593,-5.35100336565406,0.09788181178830008,-2.1095865061629504,-2.1613305010639743
dream,120,-4.29702501100702,-4.19753628361422,-4.223675189685257,0.09704950818015379,-1.7040430890568012,-1.9649045843613138
dream,121,-3.159021681536636,-3.2305009295088056,-3.2584582726902562,0.09642484874730528,-1.5031534858785576,-1.765697658474185
dream,122,-4.5812034452720445,-3.9966647339318704,-3.9607642693986356,0.09601605878865398,-1.3642349894614028,-1.6391553473486136
dream,123,-3.812702812919291,-4.2715708353324935,-4.2457133849888615,0.09491840117256804,-1.1395607105022154,-1.3898986605441963
dream,124,-0.949027431120142,-1.1272354393685664,-1.1887397159012787,0.0978836817841414,-1.8388420502755356,-1.7692525763103448
dream,125,1.8448546378695565,1.7495294916505624,1.697925591896124,0.09820747109315918,-2.035565792811749,-2.06501034631671
dream,126,0.06676082033625758,0.2973875750881795,0.3329567057372765,0.09729644251599669,-1.7433553427166064,-2.008908847702515
dream,127,2.4637300619138283,2.9315081693074325,2.8860747534856235,0.0982627168857966,-2.0994433919789603,-2.2172767393082298
dream,128,8.503610359054024,8.74132679286735,8.702386163554847,0.0993509414570088,-2.999744812992056,-2.7553455966524045
dream,129,11.35904294171829,11.803240664652629,11.772072818781137,0.09911854986624241,-2.7961890139449155,-2.9348630109493308
dream,130,27.8153486431649,27.62105398603427,27.598740220022087,0.09986425155354293,-4.502556080693501,-3.890346361439654
dream,131,26.302857123411364,25.929614863233645,25.931399387761783,0.09938291962517429,-3.33405027326077,-3.246898862096752
dream,132,40.216566283326195,40.20575801055586,40.18494070502121,0.09986630658915809,-4.533697087100278,-4.065388750212149
dream,133,30.257147464412903,29.96791789964527,29.98439559910085,0.09979924281660377,-4.243287875759295,-4.31614250592414
dream,134,24.94114819840052,25.162621940006154,25.17293202043535,0.09968969410868157,-3.9445091030018453,-4.174420260720524
dream,135,23.880802589700213,23.979363533941193,23.979052184188983,0.09952157533378828,-3.6037133815281197,-3.421701557025877
dream,136,31.95108543761582,32.32468062988734,32.30261787851168,0.0997688452615287,-4.050414281077606,-3.9116475599287757
dream,137,20.466826304250294,20.37917905284839,20.396894417301578,0.09982814478796613,-4.364138452938528,-4.315074124948654
dream,138,12.157897282914817,12.328863282364338,12.342904229960277,0.09980078637579864,-4.293967308359381,-4.450019340150714
dream,139,29.578512471848345,30.39617835211709,30.3832232663631,0.0999306117044161,-5.228912599911444,-5.046182018392725
dream,140,11.733867880299359,11.650382413318034,11.660529602979238,0.09994105159475426,-5.4304293158378325,-5.420245094104137
dream,141,21.056418212995816,20.80671971047414,20.799258584517172,0.09992331216095607,-5.265418968568293,-5.445779177196775
dream,142,20.594691637638636,20.78488889336145,20.783604428858418,0.09987475887560958,-4.913703584500703,-4.797842992350163
dream,143,8.89833894078644,9.218879533070885,9.230203157981776,0.099892417682303,-4.888832594525472,-5.001002953591064
dream,144,-11.461873215819748,-11.565406030780657,-11.555225815072717,0.09994993525067185,-5.575873690830488,-5.494451336974371
dream,145,-27.322101907663587,-27.2650293926727,-27.25699378958144,0.09995066418365048,-5.643218985339466,-5.725635136885045
dream,146,-30.269120965174217,-30.60843430814259,-30.604584309080654,0.099918333431078,-5.291500903599962,-5.447511269823965
dream,147,-39.8818548745934,-40.245085032772856,-40.23735377536681,0.09993079004283376,-5.360357621286143,-5.52425564923012
dream,148,-41.90104581543868,-41.965227770758815,-41.961274560433125,0.09989429188806197,-5.056686089356651,-5.202968648258934
dream,149,-38.95727633007002,-38.606174916982184,-38.608257719442854,0.09983430843660863,-4.653722064794338,-4.616419321668266
dream,150,-32.576845807743645,-32.284010714839056,-32.29380386422362,0.09977711608767763,-4.2773757578515275,-4.508394917006858
dream,151,-34.19698792847312,-34.76985338093645,-34.75959276525407,0.09974917456474969,-4.162240511414211,-4.395835909538389
dream,152,-47.02920638639314,-47.06664176086113,-47.05285785753144,0.09990185920093854,-4.920105431347102,-4.853755931435986
dream,153,-41.05993030131476,-41.472433606461706,-41.47894997744846,0.09979811609698384,-4.4070673402772504,-4.6021142358935405
dream,154,-35.76237232532823,-35.17382315913565,-35.18345657478357,0.09977232315341364,-4.255056203543823,-4.484920570609264
dream,155,-27.983971460825874,-28.322359160392633,-28.333869300355204,0.0997743961172037,-4.235442970757345,-4.458763893707327
dream,156,-29.887185465956563,-29.772017361672628,-29.76345245095689,0.09969998647432006,-4.016604595075475,-4.233124050305014
dream,157,-29.44157042913251,-29.857901567234297,-29.851174968699063,0.09957497117787435,-3.707052956179716,-3.8585940642418466
dream,158,-31.0363822639273,-31.426273390448106,-31.411669945615905,0.09952395447007131,-3.5211973246362342,-3.7679823809129838
dream,159,-30.777228612630488,-31.06868169773559,-31.06026048656556,0.0993140075139471,-3.2328166857944853,-3.394387549953883
dream,160,-38.22553525815084,-38.696585663419725,-38.67422227191882,0.09975663762709243,-4.0062536418335934,-3.880998651562665
dream,161,-36.57449035984666,-36.4454227121395,-36.44734557611531,0.0993483770711156,-3.3019351225401015,-3.213510921470335
dream,162,-32.711722696064435,-32.27544042018733,-32.29604852191791,0.0991228870182835,-2.8971430879948556,-3.1505268708821768
dream,163,-26.500440613437704,-25.959080514261846,-25.98501047782011,0.09945088830303796,-3.2637863781374543,-3.372280358022857
dream,164,-21.830362330768633,-22.027297272605452,-22.046685647132144,0.09927069224394595,-3.0757015964397905,-3.3238838736630325
dream,165,-16.991281669389892,-17.325375051813378,-17.347762159373445,0.09938139668171123,-3.1955168355875063,-3.400454399139388
dream,166,-12.948423628549628,-13.351638342214642,-13.371967696421184,0.099350237409097,-3.1722659854257453,-3.406272151611412
dream,167,-11.798583532100661,-12.634040319278094,-12.634778550204633,0.09893517718660798,-2.815374921411727,-2.7485854247557437
dream,168,-15.067014081009328,-14.957852680059931,-14.927405324108259,0.09896956743588997,-2.6704059819898855,-2.860967266774995
dream,169,-14.538479392521452,-14.232885077226621,-14.231941461996843,0.09818010631030973,-2.2692161842185574,-2.283808391178752
dream,170,-12.375834934044786,-12.178348328992799,-12.209237974265843,0.0976982312991851,-1.926547917658301,-2.1952748901115187
dream,171,-19.355972885137533,-19.249677825177606,-19.21298735759492,0.0995204425728708,-3.2781095460021277,-2.8741790473486826
dream,172,-18.800602645575225,-18.547504648594927,-18.542371098082572,0.09826079594089664,-2.3009612413397056,-2.3627314213441575
dream,173,-18.67435354633309,-18.610283085625355,-18.58632967304913,0.09759269574607024,-1.9114825179599455,-2.1686038667753182
dream,174,-26.315930950153234,-26.58250347283093,-26.547247745036636,0.09960499953868386,-3.4553494221289807,-2.9390709694923074
dream,175,-29.46442435484593,-29.259181833282657,-29.230606372874266,0.09929256343074273,-3.0099189184887614,-3.1340953233439066
dream,176,-20.646476082711732,-21.142396767904522,-21.168551731386497,0.09960530814376443,-3.5411888595169683,-3.5052265786774424
dream,177,-19.867411333268997,-20.094721045008907,-20.094865760645447,0.09906047718741981,-2.9283122723064334,-2.8452610910468397
dream,178,-11.881969024382101,-11.832558811901016,-11.86184027004584,0.09959653873512213,-3.491106104045488,-3.3311564168107255
dream,179,-10.366230900669212,-10.429776894353846,-10.438605541296889,0.09894768196616391,-2.7936496440498826,-2.93711580149103
dream,180,-13.130056613524221,-12.869503251936994,-12.842506256792719,0.09908572408360107,-2.801571913241889,-3.0110195796425314
noetic,1,1.5158078691200048,1.5277750632769944,1.6133357020306183,0.0998213423710624,-3.991304218511967,0.1222682259840881
noetic,2,3.6452449839395578,3.633742499352968,3.4653696195032184,0.09198634063755597,-0.14666306783902877,0.09342458329615808
noetic,3,3.876728367089464,3.7869469302041145,3.7331889692631077,0.0891364215185246,0.17431813705053634,0.09119709481286717
noetic,4,3.5562410311848986,3.0979317540276536,3.1476366622556484,0.08891993854859646,0.1841310658592772,0.09044893394546313
noetic,5,4.853326763335242,4.892755320663671,4.739357424110694,0.09193703774392437,-0.1723723666744555,0.028099530825137234
noetic,6,6.807846319615449,6.6796142349502565,6.525651223245642,0.09292847389732907,-0.32223350419147423,-0.05324667719929116
noetic,7,7.105379995103976,7.3767315083027,7.271959630857037,0.0911011394845608,-0.08823098510840512,-0.09754382954516096
noetic,8,5.779887443331909,5.710511623752505,5.8137104975518,0.09138465821287556,-0.135027843322684,-0.1468787566139684
noetic,9,6.8908209126603195,6.45218961658403,6.369177425633275,0.09106593309432773,-0.1080319558511739,-0.18020232743540807
noetic,10,7.4473676845872125,7.905670786628128,7.781487867424444,0.09330533061483323,-0.41756377234302905,-0.2769251023891822
noetic,11,8.826020677641303,9.096416067441009,8.984392556670967,0.09342586031237637,-0.4480761193455577,-0.36670965417004225
noetic,12,9.013968658828501,8.917058838287595,8.884566462234885,0.09149160122207925,-0.20187568040492662,-0.3436440607339299
noetic,13,8.008019240419467,8.000710262873701,8.038909375827124,0.09131103485081277,-0.1827990965042849,-0.3263343488111589
noetic,14,9.629146505150775,9.036567698310433,8.93856694694308,0.0929979647112774,-0.401135940841766,-0.40475034072506844
noetic,15,7.941537172214866,7.627347457627951,7.69396791483116,0.092291896333507,-0.31670382832413885,-0.431970955891438
noetic,16,6.231734840249626,6.267848664383955,6.343277022687699,0.09275716844319733,-0.38554535135451345,-0.47723742837584815
noetic,17,5.662191957267575,5.503323216755994,5.544587878633773,0.09210683726817635,-0.3102083017199268,-0.461523464068678
noetic,18,4.919559517301573,4.957218101449273,4.982888038871186,0.09172312320224708,-0.2642224053095785,-0.4192968818058042
noetic,19,9.718704324531414,9.87552006016783,9.763061748568623,0.09781285100046536,-1.5883683358028875,-0.7160386501815917
noetic,20,8.493637815159605,8.671026011904786,8.710059702471119,0.09353621260426112,-0.5435905919346459,-0.6983871775130471
noetic,21,6.704699327637847,6.329157515488528,6.418654874514834,0.09539953758895436,-0.8715854914338608,-0.8140349438261508
noetic,22,6.072797967840395,6.027803807316295,6.0322318922633364,0.09366677470639781,-0.5844742109205529,-0.7300052085755594
noetic,23,7.360663967739887,7.48485208784355,7.401040243974742,0.0952223050376046,-0.8406308109588775,-0.8315814634134631
noetic,24,7.083215963015726,7.029801041282039,7.029875605650882,0.09371925826375689,-0.5977513694606689,-0.7432403937990733
noetic,25,2.326018377537031,2.06110397686075,2.15896407396625,0.09788056728842666,-1.6389850284763794,-1.011404659464728
noetic,26,0.7863203458072192,1.1966713277756038,1.2385570886785433,0.09509732212009592,-0.8559791112071329,-1.0086763469071802
noetic,27,0.4838604556378048,-0.29970018225704803,-0.23693978215104877,0.09574888914327011,-0.989142312423191,-1.0714506749383579
noetic,28,3.545013910452685,4.09955150335815,4.015661578428804,0.09806018901949586,-1.7454429656745816,-1.3037203678727116
noetic,29,4.377021120957033,5.181127863503727,5.133567475010314,0.09651890864532255,-1.21532071744653,-1.3382174232803423
noetic,30,5.371460591275503,5.443198614916109,5.421095887743598,0.09609705882745875,-1.1205458544930675,-1.2783760265408572
noetic,31,8.845200380597127,8.251353677868968,8.179467424567399,0.09768207004799978,-1.5916294823225348,-1.4366863289969543
noetic,32,10.803105503056017,10.886645085572614,10.82131025358084,0.09790334835134923,-1.7009754418241971,-1.5840027891143402
noetic,33,9.383302794699324,9.282159954672016,9.311764670367753,0.09703384761453321,-1.4049166725576383,-1.5636799055341584
noetic,34,11.912238828560499,11.85627654879929,11.796627982346042,0.09801838595944212,-1.7671100991584354,-1.6965670233195258
noetic,35,11.631538795954151,11.36280622519181,11.358269827464884,0.09709223246086447,-1.4437957294137556,-1.5616468288271221
noetic,36,9.36443737630056,9.583931740884541,9.619231682978182,0.09707400344506549,-1.4142178674594574,-1.5647677349207185
noetic,37,11.757250177777756,11.681407027665927,11.625486755017477,0.09780113009195966,-1.6720455031532662,-1.6715821492078418
noetic,38,6.732201058027397,6.824372170022651,6.885010733335255,0.09856301282134537,-2.0780474936724143,-1.8560509140615589
noetic,39,9.521441251806074,9.84669755121531,9.795820412814681,0.0984610374322231,-2.031620507564394,-1.9829178511738303
noetic,40,10.05395761449308,10.309005496664193,10.288053473049898,0.09791101467716987,-1.7786079116201412,-1.9378955023103932
noetic,41,11.373891013152813,11.17486303874886,11.145993179626739,0.0979396512311738,-1.7829041919470996,-1.9351934395365598
noetic,42,8.403995357303534,8.33293919647191,8.373149719604966,0.09821742453501493,-1.9094415006058831,-1.9974679747937187
noetic,43,7.1230927493032645,6.661634359185793,6.68735942724347,0.09801021685629283,-1.8234257823064095,-1.9808252162916942
noetic,44,9.666898362780932,9.792335017320566,9.74483305574898,0.09861886546885981,-2.145129312079242,-2.105838074882989
noetic,45,10.033166923649691,10.191749232961092,10.174122950307305,0.09811313655061973,-1.8881602939738242,-2.0448808590692957
noetic,46,9.058899040399407,9.22097155462628,9.230217817998621,0.09791959450337132,-1.7952859884914918,-1.9232162637516563
noetic,47,15.834829995418419,15.8477004583236,15.79308817312976,0.09922853037013032,-2.6853929035854796,-2.1932817705405117
noetic,48,14.12962091815795,13.808074145889117,13.82829805088902,0.0983081321565925,-1.9955966816761277,-2.1545960932872488
noetic,49,20.02738686877279,20.2603529016988,20.211464796179914,0.09931370375376602,-2.8103342337491894,-2.4028644696927657
noetic,50,21.0282388421097,21.04721032663443,21.02326852969022,0.09870326850759394,-2.25689493010193,-2.4044991484234552
noetic,51,23.643247788330207,24.26480753331549,24.226043759204934,0.09909698436493848,-2.5764366650611636,-2.5324712147248185
noetic,52,23.642454733359898,23.630262230172296,23.622318225412524,0.09870938454387344,-2.2847085751786316,-2.4063054006170135
noetic,53,26.019290417997638,26.41723407994938,26.379602222377706,0.09905353227066013,-2.5345378230430855,-2.521555466514889
noetic,54,23.05150788790628,23.080377520197633,23.103198837798303,0.098847550565032,-2.3775397861467207,-2.5243079434114466
noetic,55,21.496495403339992,21.70692502584811,21.710109461796268,0.09867928130913346,-2.2649030057174797,-2.347470848434629
noetic,56,15.648945296902678,15.251830475533085,15.294563045678434,0.09920464597957507,-2.6876145109956155,-2.5218351547382705
noetic,57,19.0783689183636,19.58386471642523,19.54603767403559,0.09925154690980918,-2.759340739646155,-2.6692795112318093
noetic,58,20.870648462305915,20.49907826336521,20.4794134717723,0.09898127965023602,-2.506632844303468,-2.658471070744151
noetic,59,18.124639836271246,17.766444472387597,17.784275853781352,0.09894426293256683,-2.4751364244332477,-2.6311583115686434
noetic,60,19.270329972268414,19.246109939106493,19.222508365751814,0.0989961253628483,-2.5134388535210292,-2.6496537129321402
noetic,61,13.77893270319055,13.784666758776249,13.81802323099002,0.09925488972702673,-2.7774719508590553,-2.7658255617324077
noetic,62,13.147312811579557,13.488436132661539,13.484675646001932,0.09895921940428105,-2.507502970428933,-2.589979741733096
noetic,63,13.130249583882243,13.014978145979528,13.012438253723086,0.0987582192126713,-2.328932071688105,-2.4043003673512553
noetic,64,10.526011061137558,10.553691044485952,10.577305052210553,0.09869400600889515,-2.2528063758104317,-2.4030634996738045
noetic,65,10.467956297046877,10.701525613747677,10.691956011049198,0.09853470975924233,-2.1565634265232907,-2.287901983703514
noetic,66,13.184327703953835,13.319162297316733,13.282139458956468,0.09882905969681702,-2.3311471317313095,-2.376429695432665
noetic,67,10.969198900566518,10.804281471716127,10.82853507800813,0.09866279295774977,-2.2281839196946724,-2.377536543208404
noetic,68,14.299286830366519,13.958336892534776,13.921169871831363,0.09898761354651002,-2.471923535427953,-2.4831270273113977
noetic,69,8.481167998787127,8.303800542412944,8.342259312842558,0.09921852588238005,-2.7170104298346263,-2.6303448223401804
noetic,70,8.280131599998732,8.012637200433659,8.011591919251513,0.09880526804400881,-2.3683677568021135,-2.4331178302164163
noetic,71,9.359802083748814,8.945608684359037,8.927657833458863,0.09865496029932365,-2.2329440817471906,-2.391425507922772
noetic,72,10.576232438853616,10.374711380985106,10.349979488320207,0.09869380919512893,-2.2506240866078207,-2.397256233128795
noetic,73,12.834191281222182,12.570959848703302,12.539406764345888,0.09884778811523415,-2.3599226648307963,-2.4551840892991494
noetic,74,13.460979384668374,13.441803745925476,13.422047964512709,0.09870823829193703,-2.270992663962729,-2.428772661057695
noetic,75,14.93980442686617,14.919732694593788,14.893277401288968,0.09878018026944506,-2.3153543765051654,-2.4506414354535195
noetic,76,20.969758475638752,21.242591042768996,21.20069792507979,0.09940945516642771,-2.97302704452948,-2.672916383832027
noetic,77,22.739861321075285,22.454130510508982,22.43160994705575,0.09902654506140515,-2.546366151258695,-2.6861962771620105
noetic,78,20.855712301082487,21.133101364079412,21.13510098727077,0.09886981019191243,-2.424826386570228,-2.492358974194377
noetic,79,19.904547569725224,20.44664155859265,20.44162820765345,0.09863876987462664,-2.2345581250162527,-2.332589432156962
noetic,80,20.810672001978617,20.635579782277418,20.61741924617836,0.0985065753706542,-2.1273254122641543,-2.2862546153953405
noetic,81,20.125460355456152,20.071584108443545,20.06355791695373,0.09834523738594747,-2.0335847994739584,-2.1546862744487676
noetic,82,18.897356755783957,18.87126016048569,18.8748518884525,0.0981008192608487,-1.8938927708102173,-1.9916493124777976
noetic,83,15.006415823551857,14.706106511946034,14.752135164443303,0.09857275619255343,-2.1177846194756733,-2.1067124970830267
noetic,84,12.764568802010848,12.3784245671314,12.406684839313561,0.09827270913331004,-1.9645417588631755,-2.1127107850310396
noetic,85,11.15700379351755,11.26689070717802,11.277011222258649,0.09805172347814559,-1.8641935909249672,-1.9965490104081212
noetic,86,9.472199952661757,8.895234032867236,8.928682627371021,0.09816006905980242,-1.8923461966766368,-2.024483044837339
noetic,87,11.210585815463235,10.928327910096748,10.888927510212605,0.0983892428161932,-2.0132763400171605,-2.0932916906802954
noetic,88,11.513122089078815,11.628551617590022,11.604962597088518,0.0981629497121958,-1.909710301769279,-2.0692263108860223
noetic,89,10.030931202755712,10.2499469532472,10.265364535387194,0.09801003760977833,-1.8380985476297722,-1.9903571016622428
noetic,90,8.089043831299447,8.03165077302002,8.063995318854339,0.09811999013249321,-1.87269594966871,-2.011161611867586
noetic,91,7.154359062041027,6.805607489511571,6.823423494514007,0.09791671495839113,-1.7886670750412113,-1.9459264244741379
noetic,92,6.132801662729708,5.8520850023372635,5.866335031328683,0.09773869120203514,-1.707480171490411,-1.855309790168267
noetic,93,6.351561221283748,6.308592927619038,6.2906875455564455,0.0975657967393572,-1.628078448521769,-1.7845229178956354
noetic,94,5.531772235792145,5.575610349333728,5.586325153306432,0.09732492920459082,-1.534923995511234,-1.6706223710079195
noetic,95,7.152676870012958,6.696042594240613,6.659957960031207,0.09740217719370033,-1.53937109311649,-1.6846471955396607
noetic,96,7.260834230339071,6.89587279769878,6.879410263810307,0.09710631651282879,-1.4488788336344176,-1.6013254417711684
noetic,97,6.820755218215546,6.301999221789928,6.3094720842492,0.09679881531423451,-1.3469207655083528,-1.475791239285192
noetic,98,9.009217671557465,8.488170868610666,8.429200175244667,0.0976356608855045,-1.5972484531852562,-1.5886344554503613
noetic,99,9.0819281511307,9.596851289497978,9.554451607568685,0.09733186173608604,-1.5023811433555254,-1.6261747006419436
noetic,100,10.609775798633114,10.181620755989853,10.150310660385777,0.09716622952385646,-1.4556465909695238,-1.6143700160445464
noetic,101,9.78567407243048,9.66039059857972,9.659831799107495,0.09682418580637897,-1.3559572864246883,-1.4730582314526177
noetic,102,8.246379660878853,7.998130842867377,8.03564551066451,0.09681730977370798,-1.327928096186201,-1.4790704802072867
noetic,103,9.951468192426391,9.996398617777718,9.938903797233547,0.09756639324995992,-1.5707749160410382,-1.582734381867683
noetic,104,5.022127120476124,5.08441573572863,5.148276123430305,0.09853448630150612,-2.0538933856342023,-1.7840200849732561
noetic,105,1.367508118250287,1.9402830635350274,1.9914546284215853,0.09826571122189048,-1.9157552757779541,-1.8995492493215573
noetic,106,0.3271467768784192,0.1711474876733669,0.20594260294451402,0.0979778915861424,-1.7937802339079603,-1.9264166481049545
noetic,107,3.633275989183356,3.655172259765234,3.6058355336170367,0.09857388801456753,-2.110341829429735,-2.057184982964166
noetic,108,6.893324447218868,6.649564238611948,6.605578117259283,0.09863567487853547,-2.165017407317375,-2.165814633887089
noetic,109,5.819124636283166,5.573809128816322,5.586602165165213,0.09817630545797039,-1.9283282713409626,-2.0724610591905503
noetic,110,4.607991116575249,4.650210958469228,4.66334702690043,0.09800078433155815,-1.8340210418637872,-1.9786553243544363
noetic,111,5.146833614196919,5.474671335374799,5.452783001821121,0.09790440322352958,-1.77690928933357,-1.937731838240734
noetic,112,3.662571654792592,3.9547985230625002,3.9807980106862835,0.0978781909870212,-1.7591232054797887,-1.9182550619005507
noetic,113,3.0604666402448535,2.4514215522065674,2.47969476240052,0.09787473252350382,-1.7544366574514683,-1.9102236759247946
noetic,114,3.2709713139261574,2.937163642831521,2.923533360122914,0.0976558263163667,-1.6699214624959204,-1.8153701938693803
noetic,115,2.454426762134084,2.2183909657107446,2.232731103518107,0.0974345228821873,-1.5757254448606104,-1.7229870907443674
noetic,116,1.3273317042684776,1.3419328621236017,1.3631958946860352,0.09727103720081176,-1.5057254259638702,-1.666319431662216
noetic,117,0.9291694202754344,0.9550996449014186,0.9652798790679175,0.09700525377162265,-1.4160296261927336,-1.551147798926701
noetic,118,-0.8284570492076226,-0.5559106481546787,-0.5144279010880346,0.09718365131392045,-1.4487898960561019,-1.5809284076507402
noetic,119,-0.11078552695964329,-0.6354050673181288,-0.630608255840258,0.09673015779032197,-1.324547349492884,-1.448015820695532
noetic,120,0.41126571808547674,0.5107544454782769,0.4742062364168627,0.09670687098949539,-1.2936971132747275,-1.4482112474154092
noetic,121,0.1115936949375605,0.04011444696539076,0.05504683252051149,0.09636134027263264,-1.2069885362030681,-1.3561572371383286
noetic,122,-0.8893042680607274,-0.3047655567205534,-0.2905822680324181,0.09602775813679754,-1.113400365836798,-1.2618205969317566
noetic,123,-1.737841960979379,-2.196709983392582,-2.1359852704734887,0.09683833613533963,-1.302981548657627,-1.349287491083848
noetic,124,-0.5174752193143151,-0.6956832275627395,-0.7411359764836751,0.09659147700150819,-1.2466404034459864,-1.3791808045867484
noetic,125,0.21316398153496338,0.11783883531596914,0.08766191388202152,0.09632847547352043,-1.185863428199639,-1.3494258455852495
noetic,126,-3.7609589840171043,-3.5303322292651824,-3.459470480711354,0.09803903221394644,-1.7594937916773594,-1.5351478918237422
noetic,127,-3.0599148872780764,-2.592136779884472,-2.614750047745658,0.09674329424165945,-1.3180826478441336,-1.4791709734673129
noetic,128,0.13899265057078647,0.37670908438411266,0.3148106633144833,0.09783626549238204,-1.678964798089922,-1.6132861435693135
noetic,129,0.8621820024849801,1.3063797254193197,1.27710331555074,0.09709360359456161,-1.4306234265808058,-1.5915639882555168
noetic,130,6.57912906455035,6.384834407419721,6.32045930236043,0.09875521548221093,-2.2091027052622447,-1.8251732079169258
noetic,131,5.911123734852624,5.537881474674905,5.5497848382684065,0.0974486679812966,-1.5809600813081013,-1.7201411372401016
noetic,132,9.701254097757042,9.690445824986705,9.631103965680753,0.09865686189388968,-2.1464749626978277,-1.9110406831521862
noetic,133,6.8754154901005595,6.586185925332926,6.630086663532829,0.09828737713290098,-1.941984261663541,-1.9942840437080773
noetic,134,4.708451341390314,4.9299250829959504,4.956945030223296,0.09802580614836474,-1.8296951662018184,-1.9848834689742982
noetic,135,4.484888662020074,4.583449606261054,4.586249683975821,0.09777149348044989,-1.7261202378780904,-1.8280798154999667
noetic,136,7.17729345558604,7.550888647857557,7.49969737926242,0.09839724336993592,-1.992778930145518,-1.9531000923001203
noetic,137,4.452600434223261,4.364953182821358,4.4091193862948685,0.09839963568439593,-2.008577136731573,-2.044891262510686
noetic,138,2.76704066621262,2.938006665662141,2.96203449306517,0.09807878321708116,-1.8620277666065428,-2.0210357062782527
noetic,139,7.2385229107554565,8.0561887910242,8.004848016478636,0.09902063588035176,-2.4668275108768003,-2.2191110979568123
noetic,140,2.104256704156405,2.02077123717508,2.0671429693375436,0.09916953603886994,-2.636170294630885,-2.411221693754636
noetic,141,5.694921711044757,5.445223208523083,5.409813407471992,0.09898289708794769,-2.470266817178429,-2.504009541000233
noetic,142,5.836825680599224,6.027022936322041,6.01543845848079,0.09869500109931459,-2.27009148306502,-2.41315800436263
noetic,143,3.2323319351344106,3.5528725274188555,3.5795584548918336,0.09876556566571462,-2.3014532624169246,-2.4354395201491736
noetic,144,-2.085983792551593,-2.1895166075125014,-2.148621660030539,0.09926843941240615,-2.7722756614946085,-2.609247119790101
noetic,145,-5.983093631682455,-5.926021116691571,-5.893720237750028,0.09916853827697855,-2.674139695498829,-2.7043625030353833
noetic,146,-6.651150451858109,-6.990463794826483,-6.975991478009419,0.09895989584094875,-2.4955537109862687,-2.6503594711383154
noetic,147,-10.206548840719002,-10.569778998898457,-10.538202216075478,0.09919908471103378,-2.7128045308825537,-2.744956181263545
noetic,148,-10.874346941092117,-10.938528896412258,-10.928919673259609,0.09896367106606845,-2.5065972277034714,-2.6431027437900254
noetic,149,-9.441377136595728,-9.090275723507888,-9.104650347214193,0.0988875834753236,-2.429263000021817,-2.5839594015733276
noetic,150,-7.256213311994574,-6.963378219089982,-6.982446000142054,0.09886907870192693,-2.4050767815578715,-2.5612949978205806
noetic,151,-7.9208006007202565,-8.493666053183587,-8.47260678925932,0.09886798986811465,-2.40052564678328,-2.5529586089310827
noetic,152,-12.823286993561007,-12.860722368028997,-12.824209352594032,0.09924116908798923,-2.751020921387954,-2.690443982630493
noetic,153,-10.859376025776767,-11.271879330923715,-11.281855469081176,0.09890506815343615,-2.4515834372090253,-2.5895738224992684
noetic,154,-9.376690853051137,-8.78814168685856,-8.809283229079433,0.09890436815702133,-2.4329701289269146,-2.5841217046036755
noetic,155,-7.15246157606788,-7.490849275634639,-7.501524675785032,0.09878408115543642,-2.345385961417263,-2.485700104132446
noetic,156,-8.814633970289702,-8.699465866005767,-8.67977477552914,0.0987481962897506,-2.3031060271042927,-2.4607123052057207
noetic,157,-9.37374141761379,-9.790072555715575,-9.770235887705505,0.09871548007662516,-2.2771207576435604,-2.435049161584774
noetic,158,-10.748310444632018,-11.138201571152823,-11.114707012001176,0.09873445493240911,-2.2853300035393898,-2.4351918111367183
noetic,159,-11.403822122024664,-11.695275207129766,-11.679687554096489,0.09862821399335858,-2.2177203877545386,-2.3739850734587518
noetic,160,-14.38806551140677,-14.859115916675652,-14.821463622825501,0.09899951728793614,-2.4826009645908758,-2.484519127712673
noetic,161,-13.917822959713805,-13.78875531200664,-13.792770918546337,0.09862307173208623,-2.22412957837991,-2.314144590021952
noetic,162,-12.641281525821707,-12.204999249944606,-12.219081925166954,0.09843200580550777,-2.0837533073460515,-2.234782575086243
noetic,163,-10.104036771855846,-9.562676672679986,-9.592529208677835,0.09854054026629064,-2.130796242684205,-2.2624029611663974
noetic,164,-7.935897924251697,-8.132832866088517,-8.148841376270715,0.0983665950282045,-2.0399631575867336,-2.1956918000935515
noetic,165,-5.794998275549692,-6.129091657973179,-6.155015158423871,0.09839214926140251,-2.041335920941882,-2.1936523038120312
noetic,166,-3.7970137465547453,-4.200228460219758,-4.226626406549231,0.0983972452765701,-2.0436936440523725,-2.194568783823614
noetic,167,-3.155718749436614,-3.991175536614048,-3.991617666183194,0.09816692443956192,-1.9314238023271013,-2.018415987559223
noetic,168,-4.9404513100409035,-4.831289909091507,-4.810207596561152,0.09797139772799264,-1.8127266925604235,-1.9739318633018812
noetic,169,-4.639783088397896,-4.334188773103065,-4.33950425091711,0.09774297781764696,-1.7149620191897645,-1.826231674810899
noetic,170,-3.213897863233939,-3.0164112581819515,-3.042794720138351,0.09761476920189421,-1.6401309000173616,-1.801492453030967
noetic,171,-6.056661103671552,-5.950366043711628,-5.8990759882647215,0.09832369611220927,-1.9500694546550343,-1.9230203003696082
noetic,172,-5.3338016003855335,-5.0807036034052375,-5.092894627039875,0.09767088445584234,-1.6781361402951713,-1.8188151080667219
noetic,173,-4.816287585927244,-4.7522171252195085,-4.754472633068755,0.09737831545239453,-1.558622186451003,-1.667305953324138
noetic,174,-7.494144814939596,-7.760717337617292,-7.703615149397851,0.09823974273786233,-1.890504703211736,-1.8089647126609383
noetic,175,-8.493673269377013,-8.288430747813738,-8.264524248334807,0.09753540316580875,-1.6083106279096804,-1.7703497515010653
noetic,176,-4.14506689485481,-4.6409875800475975,-4.694250010078158,0.09834089472769951,-1.9556167083610427,-1.9017348333633868
noetic,177,-3.704511491226737,-3.931821202966647,-3.9443365641903942,0.09762839217453749,-1.658306632040794,-1.799924692369871
noetic,178,0.19118189505935182,0.24059210754043703,0.1850280543978913,0.098606618147878,-2.1197494206166025,-1.9665561920165582
noetic,179,0.908000353218292,0.8444543595336574,0.8297076875986246,0.09779465177890811,-1.731528829307842,-1.8806852882532783
noetic,180,-0.8807855465851603,-0.6202321849979329,-0.5897056597671751,0.09783262253156579,-1.731007017404563,-1.8824101490503906
mpe,1,1.1168495872246498,1.1288167813816394,1.1053326445637845,0.09791957940338991,0.4915792763042468,0.11572592344840595
mpe,2,2.669920679715863,2.6584181951292734,2.544089242554254,0.09289154739875245,-0.6956951293402271,-0.62352403557573
mpe,3,2.6656515230034565,2.575870086118107,2.551419853737426,0.08462107408334066,0.022426585246325806,-0.29658811435859217
mpe,4,2.3670178158433948,1.90870853868615,1.9802619098223238,0.08610992616385442,0.06295052872092766,-0.23257942546148425
mpe,5,3.259407043494093,3.298835600822522,3.191598122676078,0.09243520896439306,-0.4807866811533421,-0.5045985219469526
mpe,6,4.7309487980926015,4.602716713427409,4.508511030980545,0.09400230644941189,-0.7122585943707538,-0.7371121183470043
mpe,7,4.794220822529216,5.06557233572794,5.006596066947718,0.09246297004152099,-0.5148089772413009,-0.7378709864434746
mpe,8,3.599552360273024,3.5301765406936196,3.604635882604941,0.09392708865263139,-0.6979862784927798,-0.8371197222143599
mpe,9,4.331831347123679,3.89320005104739,3.8592368988728616,0.09275523791029633,-0.5430518333818941,-0.7561815367072308
mpe,10,4.602974811215043,5.061277913255958,4.984857867446612,0.09452187174395985,-0.7736748190762655,-0.8680153389611099
mpe,11,5.59372712488863,5.8641225146883365,5.801470569719312,0.09444824755579977,-0.7699271992627472,-0.9222222552040215
mpe,12,5.707714182396425,5.610804361855519,5.604244695400414,0.09340122396011777,-0.6186806304731268,-0.7881831816311519
mpe,13,4.937371876741198,4.930062899195432,4.957798011951455,0.09296008741005193,-0.526272419093422,-0.7138225724340782
mpe,14,6.261927669919784,5.669348863079443,5.607845887085825,0.09358970568187734,-0.5933316297544784,-0.7482159931804445
mpe,15,5.007570352894135,4.69338063830722,4.7363567614724245,0.09322221159799751,-0.5435316956341439,-0.7253256539106449
mpe,16,3.7483002379730648,3.784414062107394,3.8324721885824635,0.09327975727367603,-0.5438313149907934,-0.7185078254894675
mpe,17,3.440711350301339,3.281842609789757,3.3077149314551453,0.09279334499332914,-0.4753172001336592,-0.6517802295300859
mpe,18,3.0699072597522963,3.1075658438999967,3.110265916418242,0.0922329889994945,-0.39076993661491555,-0.5549674137568898
mpe,19,7.098007533091811,7.2548232687282255,7.152402086865342,0.09761815118299504,-1.5276768498825561,-0.873816486301661
mpe,20,6.334311734915628,6.511699931660809,6.529394146821198,0.09374943939166877,-0.6265106602792797,-0.7910883033540441
mpe,21,5.070993855492519,4.6954520433432,4.770563124648289,0.09501741580823832,-0.823811193809673,-0.880729571679246
mpe,22,4.815346498492098,4.770352337967998,4.755564123559484,0.09379473915967347,-0.6330896214097645,-0.7930881643034199
mpe,23,5.992419409241684,6.116607529345347,6.0394293291288035,0.09517280729513375,-0.852022980359303,-0.8899439968818083
mpe,24,6.024294800625142,5.970879878891456,5.9565818850102294,0.09387461640815993,-0.6445238015120843,-0.8027545115370669
mpe,25,2.382093124531747,2.1171787238554662,2.21122791192886,0.09734442408102442,-1.429622044865418,-1.037793584371602
mpe,26,1.344780937743852,1.7551319197122366,1.7734629303413167,0.09469488415678673,-0.7995407722280855,-0.9587820249987637
mpe,27,1.080576754778612,0.29701611688375923,0.3602487949979598,0.09544358856054644,-0.9255477126796459,-1.0209521070006922
mpe,28,3.5347335118673002,4.089271104772765,4.0046016733300815,0.09774036172326872,-1.5999446963634119,-1.2445212705462876
mpe,29,4.205803488445892,5.0099102309925865,4.963875181776816,0.09618137091275474,-1.1286844624840602,-1.268340890555136
mpe,30,4.987554401171108,5.059292424811714,5.044476667639051,0.09568821804858087,-1.025770116900279,-1.1766286480277945
mpe,31,7.663989149944248,7.070142447216089,7.000646193343127,0.09694909474640062,-1.3265376672334817,-1.29746099146685
mpe,32,9.221727579709869,9.305267162226466,9.237428298951276,0.09744453018315699,-1.5052106662906022,-1.4339769650825516
mpe,33,7.907522601810986,7.806379761783678,7.839501157267703,0.09658252400674112,-1.258427790522756,-1.4190125672354428
mpe,34,9.717505206158261,9.661542926397052,9.603327680810041,0.0973706050976097,-1.4923863585690218,-1.5169175837167086
mpe,35,9.371928649993473,9.10319607923113,9.10388963631388,0.0965261731738318,-1.2599452045811739,-1.3817760919986593
mpe,36,7.395350670938785,7.614845035522768,7.651336995661761,0.09647028525032629,-1.220968220900558,-1.3776620341744545
mpe,37,8.98879490912015,8.91295175900832,8.86187758595658,0.09689364163642959,-1.3346431716196405,-1.434267269147528
mpe,38,4.916228388183809,5.008399500179063,5.075149514968449,0.09804274208569928,-1.768550626045506,-1.6025097908881636
mpe,39,6.96531494537936,7.290571244788596,7.236777361817881,0.09782138603591843,-1.6862946858516346,-1.7033926350953006
mpe,40,7.286275016195691,7.541322898366805,7.52261093973565,0.09719201732500508,-1.4768878691288687,-1.633391342358116
mpe,41,8.220882500422594,8.021854526018641,7.996343052737682,0.09708564917429463,-1.432206607564953,-1.5947231115531861
mpe,42,5.7620991919468665,5.6910430311152425,5.738341862497373,0.09751775089915597,-1.5674112531491833,-1.6572518374902
mpe,43,4.764610483258353,4.3031520931408815,4.33457538912582,0.09726342909350918,-1.490857434084576,-1.6481451121193587
mpe,44,6.83770210450915,6.963138759048784,6.907841738556769,0.09805654330791921,-1.7965758251026698,-1.7685232440226453
mpe,45,7.303327004482876,7.461909313794276,7.4387409583987525,0.09742419183760312,-1.5627269194131266,-1.7243533811076692
mpe,46,6.576617542249605,6.738690056476478,6.747991519578245,0.09716517209245844,-1.4733460277969006,-1.6046942819996148
mpe,47,11.998754649012927,12.011625111918107,11.947652876748423,0.09885784937801241,-2.292157734045175,-1.8542368487040715
mpe,48,10.810736252028816,10.489189479759983,10.509795168513635,0.09760699694212781,-1.640698401908578,-1.8003185741353147
mpe,49,15.648135257312621,15.88110129023863,15.822947560287659,0.09901380798771207,-2.44418802691821,-2.0418034467037063
mpe,50,16.680565157707566,16.699536642232296,16.669339575193497,0.09818933819798256,-1.9117274144282144,-2.0546475875736863
mpe,51,18.92733065461323,19.548890399598513,19.502428033837436,0.09874866299532765,-2.2429801861947873,-2.1865484352510474
mpe,52,19.12686126358312,19.114668760395517,19.104090747123635,0.09819906446753734,-1.942442324764905,-2.0770049168914553
mpe,53,21.239640405580918,21.63758406753266,21.592811351420423,0.0987166353196055,-2.222596268699057,-2.1969058340826275
mpe,54,19.093671494227276,19.12254112651863,19.145467340369215,0.09835137890740864,-2.0185738433423053,-2.1760896146565107
mpe,55,17.975042783279676,18.185472405787795,18.185522965838828,0.09814224523695438,-1.9152767857715338,-2.0031361509535706
mpe,56,13.474097299641521,13.076982478271928,13.12673051223459,0.09881531549473137,-2.2885480900772643,-2.1614591369823732
mpe,57,16.206707567342345,16.712203365403973,16.666998672315124,0.09893430635249723,-2.4009611690048054,-2.3080426657574935
mpe,58,17.60957756895867,17.238007370017964,17.21707149593312,0.09850922167472367,-2.123195580419261,-2.2811119256513424
mpe,59,15.49760573313554,15.13941036925189,15.158410688245967,0.09843851076000888,-2.079715535836729,-2.2385714560832395
mpe,60,16.311955453641065,16.287735420479144,16.259675580674436,0.0985131853129731,-2.114275586564547,-2.2545686358384875
mpe,61,11.795941975965782,11.80167603155148,11.842032074614444,0.09889284311486056,-2.3766884360572895,-2.3682216115615478
mpe,62,11.18342347445085,11.524546795532832,11.520324356866627,0.09846242255568749,-2.1095254663799454,-2.20398137270741
mpe,63,11.016095525680086,10.900824087777371,10.901611470292655,0.09818926136658239,-1.9424410220224857,-2.0292985080421015
mpe,64,8.724140030491045,8.751820013839438,8.781544275450095,0.09814768741667493,-1.8913397342094844,-2.03800573442036
mpe,65,8.464388481018036,8.697957797718836,8.690462725112512,0.09789162646267846,-1.7835728065305583,-1.9032596510377484
mpe,66,10.44250140026681,10.577335993629708,10.535402390812825,0.09819360438696878,-1.8946097764312861,-1.9729705393945658
mpe,67,8.496604885442332,8.331687456591942,8.363880999892785,0.09808022643207946,-1.8513331573229124,-1.9914341875388184
mpe,68,10.868627646255826,10.527677708424083,10.486107588719316,0.09838999734729886,-2.008974140365823,-2.0707276085259907
mpe,69,6.089804618028947,5.912437161654764,5.959663113988512,0.09883374425920417,-2.309938019558261,-2.2176200998575744
mpe,70,5.7487730465089095,5.481278646943837,5.484495608602684,0.09821677479234621,-1.9576313693267282,-2.051338931985901
mpe,71,6.500407002228628,6.08621360283885,6.068691143249695,0.09799958854665697,-1.8297760409570338,-1.9864475742982564
mpe,72,7.400024962184733,7.198503904316223,7.170224969946868,0.09802693268567922,-1.8299408907819474,-1.98332989299593
mpe,73,9.13623407010832,8.873002637589439,8.83627660749163,0.09821829779366475,-1.9181353037233029,-2.029800357008978
mpe,74,9.632848594959501,9.613672956216604,9.589787011449822,0.09804086734377304,-1.8435981774261918,-2.0036399275988233
mpe,75,10.818363859494333,10.798292127221952,10.766752648068765,0.09813154131829088,-1.8799032704692995,-2.020896818734834
mpe,76,15.694661861821677,15.967494428951923,15.915712868479165,0.09909773751600512,-2.544252395739772,-2.238479708624186
mpe,77,17.256237975583026,16.970507165016723,16.942847182262764,0.09850533434645727,-2.109628018901064,-2.2518201827449964
mpe,78,15.926292851177532,16.203681914174457,16.20181664496187,0.09827253244657291,-1.990711313644232,-2.0774985665322134
mpe,79,15.38075772945109,15.922851718318517,15.912175659505227,0.09798991939564075,-1.8308679098413947,-1.9655986656277653
mpe,80,16.371009860302923,16.195917640601724,16.173116393570464,0.09788750350764126,-1.7680198034759709,-1.9291760285281887
mpe,81,16.008801056869483,15.954924809856877,15.941332470725408,0.09769802499396803,-1.6889187137745751,-1.8343715989272935
mpe,82,15.210926368682696,15.184829773384427,15.183782204529987,0.097417486538664,-1.574086926098038,-1.68050658238871
mpe,83,12.356709357878705,12.056400046272882,12.106332920682915,0.09789152010003749,-1.726512141615725,-1.7697318624326297
mpe,84,10.711638891843787,10.32549465696434,10.354592292931477,0.0975247043074839,-1.5975795612776085,-1.7561343811786445
mpe,85,9.59322919000345,9.70311610366392,9.706828979480816,0.0972239469852449,-1.4977388499990747,-1.6119434412403857
mpe,86,8.462502717065584,7.885536797271063,7.922307282963425,0.097247616639028,-1.4786869477463775,-1.624764704127139
mpe,87,9.996182060726824,9.713924155360337,9.663974697260834,0.09771683859363052,-1.64722426423648,-1.7058884509045087
mpe,88,10.294039141615505,10.409468670126712,10.377623578314664,0.0974082134929482,-1.546716138525893,-1.70190754241128
mpe,89,9.143525418412132,9.36254116890362,9.376749371956196,0.09713660463147272,-1.460744323305152,-1.6073825677742417
mpe,90,7.496304369414888,7.4389113111354614,7.4784661726053425,0.09730736245585667,-1.4972426293604664,-1.6329817902336585
mpe,91,6.755621297628346,6.40686972509889,6.427712567492113,0.09701252044377139,-1.4113670162382839,-1.5711157518032872
mpe,92,5.771373364490367,5.490656704097923,5.510292770979392,0.09681061942504908,-1.3437270730516218,-1.5016032401257866
mpe,93,5.7688927563418275,5.725924462677117,5.709023182464129,0.09655880963123599,-1.2652730509106838,-1.4182383846668258
mpe,94,4.896377137835371,4.940215251376954,4.958162310629994,0.09628699538435788,-1.183742255826676,-1.338691343318647
mpe,95,5.930060923223823,5.473426647451478,5.444117327584286,0.09615954168984664,-1.1393795087501555,-1.3036282713128824
mpe,96,5.778970718505931,5.41400928586564,5.4038448404058625,0.09580151309743157,-1.0551415185992021,-1.1970109498276567
mpe,97,5.189692207001025,4.670936210575407,4.691896883312251,0.09547008204398343,-0.9680108109725709,-1.1275311297079917
mpe,98,6.796298029860189,6.275251226913391,6.210280416988937,0.09642614819150878,-1.1722245060171,-1.216089392701118
mpe,99,6.747846369202078,7.262769507569356,7.211522164403692,0.09624011546738866,-1.1374820850062175,-1.2576209741717774
mpe,100,7.807656707541853,7.379501664898592,7.356997359794128,0.09574230133340743,-1.033583317900177,-1.1944943758518183
mpe,101,7.116488377124862,6.991204903274103,6.991108970285154,0.09533719966271736,-0.9420494660444656,-1.0779969804446083
mpe,102,5.844725564146137,5.596476746134662,5.643703108399494,0.09548106288783594,-0.9487835976903918,-1.094262997955645
mpe,103,7.159978795308741,7.204909220660067,7.137944809610004,0.0963673251455552,-1.1524958229609774,-1.1869932813514243
mpe,104,3.153903921237827,3.2161925364903325,3.293629804367108,0.09782775829121317,-1.648469452392992,-1.382941448239131
mpe,105,0.336591147938261,0.9093660932230014,0.9691029716579301,0.09730864313690468,-1.4654443085669022,-1.4830464459579455
mpe,106,-0.32327415376675656,-0.47927344297180885,-0.4370690189555719,0.09698522873822643,-1.3764849563993988,-1.5103335525499855
mpe,107,2.460384978629523,2.4822812492114013,2.4213520562652215,0.09789717826145346,-1.7084118055476512,-1.643731375596
mpe,108,5.198941676101966,4.955181467495046,4.901235306143928,0.0979680506977947,-1.7545712611096498,-1.7526047028440848
mpe,109,4.473637524523338,4.2283220170564935,4.240038197029096,0.09726162481108283,-1.507355876073255,-1.6461388488404427
mpe,110,3.6940134254470127,3.7362332673409915,3.745135765876934,0.09694914105380853,-1.395346647793127,-1.5267018261653889
mpe,111,4.255537604634882,4.583375325812762,4.551352503502491,0.09687733434004403,-1.3530881492303295,-1.5125192210511273
mpe,112,3.228358191082306,3.5205850593522143,3.5468893795264975,0.09672505900115294,-1.309293443414754,-1.472287945618033
mpe,113,2.9404442987759576,2.3313992107376715,2.3652977067975414,0.09673470727028079,-1.3047715765141847,-1.4629590488996422
mpe,114,3.2879416823406795,2.954134011246043,2.929604273369358,0.0965309437700104,-1.2504356402712955,-1.4129658857728546
mpe,115,2.8562848139877044,2.620249017564365,2.6264557907721247,0.09618924230112724,-1.1599965362841158,-1.2918394470268704
mpe,116,2.0869071020528067,2.101508259907931,2.118003182721329,0.09580948017702119,-1.0540555523768398,-1.2068814852927492
mpe,117,1.7948787518167146,1.820808976442699,1.8295864240657618,0.09541154167932811,-0.9584480963368984,-1.1005000109191254
mpe,118,0.4350762427551012,0.7076226438080452,0.7535003234301395,0.09554795036266808,-0.9659684782178819,-1.1136523824079645
mpe,119,0.9790246557931587,0.4544051154346731,0.4673820787717364,0.09503597513010703,-0.8710179697783101,-1.0208462569902563
mpe,120,1.3839009756983074,1.4833897030911076,1.4341638923379019,0.0952639106288525,-0.8966527061384308,-1.0399841369302407
mpe,121,0.9372661163127146,0.8657868683405449,0.8914444789452616,0.09483406062814095,-0.8213928391228562,-0.9849478665743042
mpe,122,0.1401740524532084,0.7247127637933823,0.7315565271521531,0.09439768184094059,-0.7385977509080153,-0.8852954249242174
mpe,123,-0.7450928745622111,-1.203960896975414,-1.1256355305004495,0.0958753102749057,-1.007457601710446,-0.9970027090052497
mpe,124,0.020793974862325655,-0.1574140333860988,-0.20269328620917895,0.09503484147024333,-0.8489667555916999,-1.0021143390450222
mpe,125,0.3428512679231473,0.24752612170415306,0.2238763230258973,0.09462608076693588,-0.7787773555442064,-0.9409756702638491
mpe,126,-3.0989947755881757,-2.868368020836254,-2.7814057672098937,0.097177512902037,-1.3771250783380027,-1.1296837047379178
mpe,127,-2.746960706225958,-2.2791825988323535,-2.296762022927422,0.09515922217269952,-0.8950823352251752,-1.0504793183916847
mpe,128,-0.3953664051930014,-0.15764997137967524,-0.22969506558683508,0.09644094149446152,-1.1659494593021167,-1.1601060739802778
mpe,129,-0.029029883184016128,0.4151678397503235,0.3862900993267677,0.09544067942196406,-0.9540864030411402,-1.1182897115882067
mpe,130,4.362115886318708,4.167821229188079,4.086916408375589,0.09787139945723793,-1.662498213149435,-1.331168277362198
mpe,131,3.675276214833937,3.3020339546562183,3.3249748068070097,0.09604833686026623,-1.111230253856576,-1.2719521479414957
mpe,132,6.631036548483254,6.620228275712918,6.546631561134573,0.09787385042304016,-1.6754142627243669,-1.4544949095638808
mpe,133,4.416995899496006,4.127766334728372,4.182933717374048,0.09736234783077906,-1.4924100626850834,-1.5399816852027401
mpe,134,2.6252608634340087,2.8467346050396447,2.880875033268203,0.09697082163820736,-1.3812268638712393,-1.5362117012499532
mpe,135,2.4805369071372882,2.579097851378268,2.5844521259118705,0.09660549160319837,-1.2825972118609517,-1.4083776568055637
mpe,136,4.775408014761784,5.149003207033302,5.0855070697669085,0.0976428555389418,-1.5913408919778216,-1.537307841128873
mpe,137,2.7164228430351054,2.6287755916332025,2.6821330468878624,0.0975773658027693,-1.5809169216065206,-1.624883611041856
mpe,138,1.5512505576610838,1.722216557110605,1.7465946840618423,0.09704797329285639,-1.4189343582907177,-1.5808314586350065
mpe,139,5.294806272164391,6.112472152433135,6.048330404976883,0.0985596505049401,-2.069574404640486,-1.7850648428726967
mpe,140,1.3756195464927004,1.2921340795113754,1.3494322383609334,0.09871349367603569,-2.1917932906212885,-1.971265238903109
mpe,141,4.396824219778493,4.147125717256818,4.102772218610805,0.09845197406640839,-2.040061712629805,-2.0669401412637334
mpe,142,4.708514425248818,4.898711680971634,4.879297492097924,0.0980606718505103,-1.85749677866665,-2.0161391035473932
mpe,143,2.949592867590861,3.270133459875306,3.296593061,0.09806185046503646,-1.8492751829325584,-2.004979604276228
mpe,144,-1.0467928971937315,-1.1503257121546402,-1.1003846150163428,0.09883372121089631,-2.3028716487237872,-2.1661204600505615
mpe,145,-4.026052522795697,-3.9689800078048134,-3.9300736322738334,0.09866923721007113,-2.200340760780516,-2.2505561184058327
mpe,146,-4.4042900727345105,-4.743603415702885,-4.727048510138792,0.09836095474684167,-2.033152438686046,-2.1889453302006223
mpe,147,-7.1487892426524065,-7.512019400831862,-7.473121018818707,0.09871253825088543,-2.2331310483227824,-2.2770648804694327
mpe,148,-7.604730810613865,-7.668912765934006,-7.659480747565563,0.09834365530947023,-2.0298912855581297,-2.159157767164902
mpe,149,-6.344837494444363,-5.993736081356523,-6.015930056019721,0.09826984075216705,-1.971535223596479,-2.130810260545902
mpe,150,-4.567147627408229,-4.274312534503637,-4.299358724449753,0.0982616723645209,-1.9627398785907684,-2.1187157747450804
mpe,151,-5.182369680457025,-5.7552351329203555,-5.726834178354177,0.09830020344765295,-1.9800001782799206,-2.1266599400547523
mpe,152,-9.06206206728107,-9.09949744174906,-9.055425376745905,0.09879551776134103,-2.286387486092364,-2.251498112699128
mpe,153,-7.672019133714027,-8.084522438860976,-8.093354483950455,0.09829540527686471,-2.0016075803883884,-2.1274382540384162
mpe,154,-6.666369122189855,-6.077819955997279,-6.105245099542664,0.0982974915442143,-1.9801464087076854,-2.129956995423439
mpe,155,-5.196245951493255,-5.534633651060014,-5.539776816260179,0.09806173701445295,-1.8716922260404154,-1.9777124425697101
mpe,156,-6.739063170605109,-6.6238950663211735,-6.596532555150114,0.09798968711907244,-1.812559310563879,-1.968593747001561
mpe,157,-7.348420859115729,-7.764751997217514,-7.7350267568103215,0.09801573255950229,-1.822275824197828,-1.9723990227676103
mpe,158,-8.639781257107469,-9.029672383628274,-8.997388431355645,0.09807993276119735,-1.8513537810860037,-1.9912972834455935
mpe,159,-9.406069881982871,-9.697522967087973,-9.67398282384312,0.09795303806604992,-1.7996666668720709,-1.9605792670509987
mpe,160,-11.890418647775498,-12.36146905304438,-12.314767311123235,0.09852730961875789,-2.085646699066265,-2.0751295013920896
mpe,161,-11.560019959014191,-11.430952311307026,-11.436428327344622,0.09795729454276693,-1.817294186816583,-1.9264445444941547
mpe,162,-10.549802247669431,-10.11351997179233,-10.130604814666029,0.09772531753884105,-1.6984438018294548,-1.8535118547489324
mpe,163,-8.574273775664572,-8.032913676488713,-8.067153733563297,0.0978481084389651,-1.7332083054197176,-1.8731429740910395
mpe,164,-6.8550397146876945,-7.051974656524514,-7.066790611433825,0.09757838559704862,-1.635634770029606,-1.7846127628396162
mpe,165,-5.14025751373205,-5.474350896155537,-5.5043455063368265,0.09757932324185778,-1.6197299526460207,-1.776489695033737
mpe,166,-3.513937009629142,-3.917151723294155,-3.948751161591316,0.09759146310081913,-1.622690169506743,-1.776085501033398
mpe,167,-2.9492548757060364,-3.7847116628834705,-3.7837998775454293,0.09726994515491748,-1.5159889139797598,-1.6252841495124204
mpe,168,-4.289626182770042,-4.180464781820645,-4.162607347080464,0.09695190143557825,-1.3930193169948144,-1.5481133248224193
mpe,169,-3.9924176281010717,-3.686823312806241,-3.6958047917251386,0.09664436545097824,-1.2961492892123663,-1.4301084366448535
mpe,170,-2.6873654464688457,-2.4898788414168584,-2.524591845337978,0.09660054941212713,-1.262804147325598,-1.4214359504581249
mpe,171,-4.67982450555672,-4.573529445596796,-4.515889482844649,0.09735009046889784,-1.4857071206122896,-1.5165733028004076
mpe,172,-3.9093849554295246,-3.6562869584492286,-3.6774662324206484,0.0966584088095821,-1.293145241880182,-1.45299007916369
mpe,173,-3.3186382785049595,-3.254567817797225,-3.2633288394898545,0.09633468552776149,-1.2016709472784939,-1.337278735755396
mpe,174,-5.313434565822148,-5.580007088499844,-5.515453909169222,0.09739688620157114,-1.4921137673590157,-1.4592012011624411
mpe,175,-6.005150336359351,-5.799907814796077,-5.780044107826518,0.0964543442008863,-1.2308858218646157,-1.388731193346071
mpe,176,-2.4652347881870753,-2.9611554733798635,-3.024019981959783,0.09751512526973817,-1.5408869538418593,-1.509830203656578
mpe,177,-2.069454433941178,-2.2967641456810877,-2.3162384936585996,0.09661935865814052,-1.2814512855123918,-1.4387092155743484
mpe,178,0.9381156575240767,0.9875258700051619,0.9219948191524384,0.09794441566782992,-1.722893767160623,-1.5945951685793074
mpe,179,1.498923500234024,1.4353775065493894,1.4178396390675736,0.09686534078766436,-1.3621989929502551,-1.5161876533754717
mpe,180,0.10978148122302478,0.37033484281025225,0.4013754354129228,0.09682160707416132,-1.336030697321372,-1.4969957662498967
wake,1,1.0919644161566149,1.1039316103136045,1.0804072324062586,0.09786903666064395,1.3826980165047433,1.0031299230156963
wake,2,2.6984027044635206,2.686900219876931,2.543802766795214,0.09138233648286823,-0.39905911732439653,-0.06530107928108701
wake,3,3.644955808087746,3.5551743712023964,3.4382547910794963,0.08973094073573779,-0.2509288949655917,-0.3745589384446022
wake,4,3.688209229087602,3.229899951930357,3.2356184731054696,0.08430792616605516,0.16087546480092962,-0.13337080732784037
wake,5,4.938238750084801,4.977667307413229,4.866458205902687,0.09415866355458542,-0.7329896835891448,-0.5593104359594591
wake,6,6.291325165763408,6.163093081098215,6.071774277585667,0.09407004501208112,-0.7406046676687629,-0.7885832250821738
wake,7,7.200544710545812,7.471896223744536,7.3900990352162195,0.09519888027662604,-0.9541205929967708,-0.9973832146137078
wake,8,7.147310948501212,7.0779351289218075,7.073713765127651,0.09263814644497505,-0.5966645522116606,-0.7930784741905865
wake,9,8.421687025534753,7.983055729458464,7.909918611512142,0.09420938110131571,-0.7559842991203019,-0.8959799824448751
wake,10,9.458517200925858,9.916820302966773,9.835391727514237,0.09661052880231707,-1.2628263362781114,-1.1511966752788698
wake,11,10.624240720500719,10.894636110300425,10.832376236392653,0.09598585988613534,-1.1327444247219096,-1.2543202243369902
wake,12,10.88447531377633,10.787565493235423,10.762332378982427,0.09492095321218667,-0.9423837957001754,-1.1439889633284297
wake,13,10.221259719213945,10.21395074166818,10.214547358366547,0.0941878652609575,-0.7994086155441167,-0.9653564317336957
wake,14,10.974703153589182,10.38212434674884,10.341059228687437,0.09394591562328063,-0.7201129678943238,-0.9258566975547129
wake,15,9.702330037184678,9.388140322597764,9.416808903278854,0.09342261513370512,-0.6362664644710413,-0.8370267557848031
wake,16,8.390475884917187,8.426589709051516,8.462452160635063,0.0930951253496184,-0.5717365852437377,-0.7752780136522418
wake,17,7.467590142321728,7.308721401810146,7.358552805154443,0.09317946243958562,-0.568317873021347,-0.7644637132061892
wake,18,6.129197064253591,6.166855648401292,6.221731413103548,0.09333845649742964,-0.5863108905300795,-0.7733168227759765
wake,19,7.787214920294623,7.944030655931038,7.85828994311733,0.09578335246340414,-1.0160308454599847,-0.9602262373327287
wake,20,6.233601435655316,6.410989632400497,6.467026153424455,0.09468538742619201,-0.8249672990909814,-0.993869219429843
wake,21,4.636250819430293,4.2607090072809735,4.334092267400848,0.09610278324648659,-1.1154946282288594,-1.1391520784152167
wake,22,3.2269407687221214,3.181946608198022,3.2267906966641386,0.09520610211986225,-0.9491359088407376,-1.1368120706989826
wake,23,3.2726369292190807,3.396825049322744,3.378729173300168,0.09453913639377443,-0.8357929867061061,-1.015759510055385
wake,24,2.0329135783434564,1.9794986566097694,2.038626195898809,0.09519403195493455,-0.9244879735291256,-1.0720003888441694
wake,25,-1.2276859996097216,-1.4926004002860025,-1.4147044447850585,0.09772851419910977,-1.63173708107626,-1.3491383618186903
wake,26,-2.898386992903461,-2.4880360109350765,-2.444261763220808,0.09617380312421286,-1.1844827730460203,-1.3623908630903296
wake,27,-2.956455197650702,-3.740015835545555,-3.6902463868151942,0.09649008452965092,-1.2631137503790668,-1.4133136457478546
wake,28,-1.27550299434286,-0.7209654014373956,-0.7842740839447753,0.09772660891802286,-1.66341122211944,-1.6006265505047947
wake,29,-0.8312828845281157,-0.027176141981421608,-0.051720388212915115,0.09658103006859863,-1.3309271623538819,-1.5203555924590928
wake,30,-0.1646433378074185,-0.09290531416681305,-0.09118019717013548,0.09605876230839881,-1.196024685793718,-1.3315914684971568
wake,31,2.4855615196351564,1.8917148169069975,1.8317080744519691,0.09696680734076167,-1.3891700427014027,-1.4517753757373786
wake,32,3.753653540834075,3.837193123350672,3.7805158300441124,0.09729731095892781,-1.5100496426752117,-1.5721678704161008
wake,33,3.6451977300452096,3.544054890017901,3.545836441544633,0.09624423748598462,-1.2473950378833067,-1.379805913850887
wake,34,6.148567315990028,6.09260503622882,6.028339971386369,0.0976408355539025,-1.625318524185111,-1.565381413447167
wake,35,6.508909944730428,6.240177373968086,6.221490974410859,0.09635923247509985,-1.270942512489868,-1.4481511481724045
wake,36,5.733265080641522,5.952759445225505,5.950978171308575,0.0957932288805035,-1.1252557346617802,-1.2653332436385785
wake,37,8.671523136443097,8.595679986331268,8.526080876173426,0.09763449424619519,-1.6105171285025053,-1.4812716891526863
wake,38,5.8072628891713105,5.899434001166565,5.95603359753214,0.09742769192313756,-1.5582451887056252,-1.6085425153062254
wake,39,8.300604933701367,8.625861233110603,8.568665139279394,0.09807266717802869,-1.8366352512672175,-1.788811971852392
wake,40,9.114741856864898,9.369789739036012,9.337459840794933,0.09737060781122533,-1.5889854732818471,-1.7751691357275372
wake,41,10.540185971469041,10.341157997065089,10.304092345051094,0.09747950637705674,-1.622736832148738,-1.7944789304596294
wake,42,9.065538327574748,8.994482166743124,9.017118790102566,0.0971504953553737,-1.523947787732648,-1.7115995124750862
wake,43,8.191747984217598,7.730289594100126,7.755734230168528,0.09695628587749147,-1.451904208210152,-1.6430086287026813
wake,44,9.624140100488859,9.749576755028492,9.697163338219141,0.09779926211817619,-1.7216042059108045,-1.7715093775541477
wake,45,9.146312578400856,9.304894887712257,9.30200190301689,0.09687547947253482,-1.4441560152465571,-1.5652967242409872
wake,46,8.315552889449515,8.477625403676388,8.490979733996848,0.09628299265837371,-1.25470975934695,-1.4163016002026643
wake,47,12.935226908531678,12.948097371436859,12.882652704165295,0.09865937860344784,-2.1590795420511215,-1.7465114412213567
wake,48,11.082093255774534,10.760546483505701,10.798550594854198,0.09742863392670915,-1.5998721019029225,-1.7693550452626925
wake,49,14.4285010367123,14.66146706963831,14.606174468569222,0.09874416170520155,-2.2479827872061224,-2.027829805744299
wake,50,14.04304912214362,14.06202060666835,14.057479640799285,0.09756065147490563,-1.7019186416530443,-1.8130892377634074
wake,51,14.91936564342944,15.540925388414724,15.495910751841443,0.09794107714609639,-1.804246093248037,-1.9056633777755285
wake,52,14.038928280946253,14.026735777758653,14.044911666155222,0.09738242703608402,-1.6175446540381,-1.795370018871918
wake,53,14.627548588462417,15.02549225041416,14.98576847237594,0.09763946040275448,-1.6828287144021132,-1.8380329010746304
wake,54,11.799905199045115,11.828774831336471,11.874938473018936,0.09808267053007759,-1.8713194380650247,-1.9486208886486893
wake,55,10.291750995041294,10.502180617549415,10.521590064947528,0.09750844993242873,-1.6675778852817713,-1.8497268040013553
wake,56,5.962994013031171,5.565879191661577,5.6188860035329125,0.09880335839614406,-2.3006285652485636,-2.1015349780642065
wake,57,8.182967780696178,8.688463578757805,8.644887010899298,0.09869940954039332,-2.2510536910577077,-2.2563028077796856
wake,58,9.419399944140556,9.04782974519985,9.032229117989832,0.0981320799263911,-1.9677952603088178,-2.1410888402652675
wake,59,7.324548533017735,6.966353169134085,6.995779241739659,0.09817712198131266,-1.9645576156693112,-2.1431603301045286
wake,60,8.47006693951159,8.44584690634967,8.414259176957264,0.09824498635480912,-1.997046261851449,-2.1652952394989464
wake,61,5.511305617318444,5.517039672904142,5.554188675601185,0.09849994328628092,-2.1351244577987214,-2.248480917504703
wake,62,5.560250346647747,5.90137366772973,5.8893087753817035,0.09806929109177401,-1.9406320435140838,-2.0953468858303888
wake,63,6.185127866352958,6.069856428450243,6.059114713821565,0.09773864872079147,-1.7797754315346401,-1.925309992848236
wake,64,5.488972456263314,5.516652439611707,5.523114673536689,0.09730185490344084,-1.5991531282009606,-1.7240246206064649
wake,65,6.341962198596318,6.575531515297118,6.539391551447891,0.09727979001543577,-1.549533626724168,-1.729774808315534
wake,66,8.816822561147843,8.951657154510741,8.899709620843215,0.09810357525944592,-1.8673437967737325,-1.8805464589915706
wake,67,8.158786373644084,7.993868944793693,8.006599262756051,0.09723767506577492,-1.5692996333193718,-1.7257613394500253
wake,68,11.42059291834477,11.079642980513027,11.024547973675416,0.09841378982225094,-2.029097800563849,-1.931869488327245
wake,69,8.419770485352759,8.242403028978575,8.284190176688552,0.09812690756838338,-1.9057942126070737,-2.0171009631595465
wake,70,9.046319359874966,8.778824960309892,8.757923886990879,0.09770025806482908,-1.7479056916477034,-1.9343693827226274
wake,71,10.136338478902147,9.72214507951237,9.690526788006352,0.09774496117072079,-1.7475229307015439,-1.9303067254657156
wake,72,11.13507560682763,10.93355454895912,10.897142606838674,0.09789228354046886,-1.8041188378352804,-1.9652216278534758
wake,73,12.765739832238163,12.502508399719282,12.46242662936001,0.09813592488823428,-1.9157330092527745,-2.0398407069645743
wake,74,13.155415721136228,13.13624008239333,13.10887278199146,0.09788984760614693,-1.8236636341039238,-2.0123360983923293
wake,75,13.999600862266947,13.979529129994566,13.948037501818954,0.09793646363660607,-1.8371463740100529,-2.0162925898743635
wake,76,17.18879274762747,17.461625314757715,17.41347439940298,0.0988565415989593,-2.359033991282537,-2.236659996701362
wake,77,17.57656697874151,17.290836168175208,17.27643274337483,0.09807449980420163,-1.939777737086758,-2.1074419834610394
wake,78,15.712200331780009,15.989589394776932,15.999082328052799,0.0977559229185192,-1.7885622595588004,-1.9262185875433215
wake,79,14.21225481931891,14.754348808186336,14.766154726804062,0.09734566876843069,-1.6122627468851982,-1.7641200302327407
wake,80,13.5429368207775,13.367844601076301,13.38763306496772,0.09700175874972461,-1.4765469893126502,-1.6582578028943002
wake,81,12.308073198839836,12.254196951827229,12.26990927654502,0.09661412052338728,-1.3532515518537818,-1.5220685679990733
wake,82,10.794324383443913,10.768227788145644,10.799740466337923,0.09645201823486711,-1.2845255167877792,-1.478588569722932
wake,83,7.568871761452342,7.26856244984652,7.330381798038831,0.09793328649580132,-1.7593126191576998,-1.6766199836346023
wake,84,5.693972521096184,5.307828286216735,5.350908551526978,0.09739858877689922,-1.5787617320306369,-1.7276721375562754
wake,85,4.059690392992678,4.1695773066531485,4.196628738605379,0.09703963101197653,-1.4785551443693408,-1.6709019913072476
wake,86,2.1658965727542614,1.5889306529597398,1.640520577834,0.09784850734289587,-1.745882291086011,-1.7981846371026717
wake,87,2.4071766568018957,2.124918751435408,2.1082640286444185,0.09705967317115267,-1.4995530111485253,-1.6716727213239229
wake,88,2.270783122789076,2.3862126513002835,2.373293286809423,0.09662998147465723,-1.359785639205922,-1.518495126987065
wake,89,1.286407355090916,1.505423105582404,1.5328278430849875,0.09634216021039611,-1.2577736820985035,-1.4505210073790293
wake,90,0.6300692309038969,0.5726761726244701,0.6059615114259782,0.09623260310391432,-1.2186376392731526,-1.4125092478439054
wake,91,0.0657200456284361,-0.2830315269010201,-0.24945619057483862,0.0960899576936573,-1.1792097871029508,-1.3734093708089274
wake,92,0.2409346311556341,-0.03978202923681078,-0.0486219184210928,0.09551732830268268,-1.055812316800608,-1.2107091384287725
wake,93,1.0778926405788358,1.0349243469141254,0.9879775453131331,0.09565755777652886,-1.0488506833585578,-1.226415181557713
wake,94,1.5758788465932316,1.619716960134815,1.5873908032972046,0.09525409785162024,-0.9745067758552585,-1.169969702060712
wake,95,3.4919354476493525,3.0353011718770078,2.9756842977107567,0.09609653254620154,-1.137138295517911,-1.2532043519511162
wake,96,4.542458596530686,4.177497163890394,4.125057794987241,0.09611731954419772,-1.1551312669791467,-1.3050547575553708
wake,97,5.329292622779994,4.810536626354376,4.772783127178058,0.09576627159466208,-1.088734646202555,-1.2810563918606712
wake,98,6.9948581235123815,6.473811320565583,6.412235903335339,0.09682546508615027,-1.3409353285925454,-1.4022268908876636
wake,99,7.457845278438026,7.972768416805304,7.916764264709634,0.09702286784493121,-1.4159954447857204,-1.5049803170439762
wake,100,8.894636721807993,8.466481679164731,8.432958810494338,0.0964546910103777,-1.2806134296388043,-1.473014857872385
wake,101,8.590656371647734,8.465372897796975,8.447253012146696,0.09600938097885424,-1.1747624439788873,-1.3507640151993654
wake,102,7.966002688208029,7.717753870196553,7.731655749259043,0.09547371300567041,-1.0420662645697798,-1.2090727725461436
wake,103,8.966141462798895,9.011071888150221,8.950546275838857,0.09636700772407948,-1.2079647022837259,-1.305846902037831
wake,104,6.808040006866819,6.870328622119325,6.926336240641321,0.09656961169228939,-1.274212003086679,-1.3892882952930905
wake,105,4.504052389701155,5.076827334985895,5.1272815208236215,0.09664353038764927,-1.3069810774008614,-1.4487510027026929
wake,106,3.221808611913774,3.0658093227087218,3.119011553709238,0.09705268452621019,-1.432017653051971,-1.538560557865612
wake,107,4.2297737631859835,4.251670033767861,4.210738174348424,0.09682356264893133,-1.3811947619027425,-1.5557692705739208
wake,108,5.284323457775087,5.040563249168167,5.005934220709235,0.096671444265851,-1.34459023853667,-1.5347125552993948
wake,109,4.131828429192237,3.886512921725392,3.9170942063023273,0.09648136929952426,-1.29346754518805,-1.4870811583685508
wake,110,2.6963949903946642,2.738614832288643,2.7737060092517583,0.0964288320597375,-1.2712895079108264,-1.4627111714517878
wake,111,2.345250660755388,2.673088381933268,2.6715052043737355,0.09584114964542435,-1.1386289816219424,-1.2778903002591404
wake,112,0.9074316098269469,1.199658478096855,1.2508768851543337,0.09617279390941964,-1.1723263149321344,-1.325816137079683
wake,113,-0.2576714772542311,-0.8667165652925172,-0.8055854508848911,0.09702532171371829,-1.4062718148027826,-1.4548267521898166
wake,114,-0.9710531944861358,-1.3048608655807723,-1.2832582337510925,0.0959962108863924,-1.1676814315172357,-1.3515968973637238
wake,115,-2.3547358803939744,-2.590771676817314,-2.541578946836649,0.096413678065516,-1.242361980760968,-1.397322559143773
wake,116,-3.494747818399588,-3.4801466605444635,-3.4400527650961163,0.09623759948641378,-1.2087193829259744,-1.3941867302567192
wake,117,-3.823397029603639,-3.7974668049776548,-3.775068242516037,0.09576919968965372,-1.1083228882028129,-1.2936943519722313
wake,118,-4.936218757838331,-4.663672356785387,-4.619791607897221,0.09592700214988137,-1.1203080130878316,-1.3015104790038352
wake,119,-4.462238208492104,-4.986857748850589,-4.959775423735482,0.09547160504475159,-1.0305595820908695,-1.2224906649712668
wake,120,-4.164213117566947,-4.064724390174146,-4.095749154959253,0.09520528910598904,-0.9648092712808831,-1.1597168149888615
wake,121,-3.4199097697743572,-3.4913890177465268,-3.5125139192528128,0.09471312664955386,-0.8674800924192143,-1.05147235773822
wake,122,-3.935575793530433,-3.351037082190259,-3.350189976335064,0.09401290336432057,-0.7364021550393738,-0.8992020262406858
wake,123,-3.432799180097666,-3.891667202510869,-3.84810693385966,0.09385598247249748,-0.6805208370079731,-0.8750192267902991
wake,124,-1.9467641586184807,-2.1249721668669053,-2.197973497079732,0.09523094485251801,-0.9086915462654124,-0.9859221212707946
wake,125,-0.46437917791292227,-0.5597043241319165,-0.6273867370266488,0.09557159648271507,-0.9931139884198636,-1.0860689687980716
wake,126,-1.1665054754335835,-0.9358787206816616,-0.9166191646512983,0.09433311328230316,-0.7906372946352316,-0.9723200477320519
wake,127,0.07568934178490151,0.5434674491785058,0.477695570722004,0.09534936429660404,-0.9461691139154346,-1.0583585393681307
wake,128,2.587486681656889,2.8252031154702153,2.7499254308249266,0.09682559128212782,-1.3125590678166106,-1.2454495658604547
wake,129,3.8861006198663333,4.330298342800673,4.270475454598495,0.09651761095802987,-1.2506609076319206,-1.3443864239659744
wake,130,8.017959943765296,7.823665286634667,7.755415537631362,0.09818808234008163,-1.8677186805403452,-1.6118072687118916
wake,131,8.235472161622091,7.862229901444373,7.844950899618612,0.09650636454595206,-1.3146664400523946,-1.4877132584110158
wake,132,10.936383557265142,10.925575284494805,10.862616604709736,0.09818712923895065,-1.8802626395997242,-1.7182925465610168
wake,133,8.972563705602596,8.683334140834964,8.724696755897742,0.09747195710884217,-1.6092565740091116,-1.762627874233737
wake,134,7.948506300647284,8.16998004225292,8.173699525645349,0.09686071530708891,-1.4374535933767136,-1.560606311253875
wake,135,7.656050973295173,7.7546119175361525,7.755006576533949,0.09620616201396764,-1.2362391716509993,-1.3684994245902231
wake,136,8.719928338027009,9.093523530298526,9.038451896122142,0.09680978520929172,-1.3486782611178616,-1.4568591821879726
wake,137,6.447769757355375,6.360122505953472,6.417894855487468,0.09740513056040195,-1.5473745773353889,-1.5892928276421083
wake,138,4.561608453507904,4.732574452957425,4.77340462289846,0.09700751963662513,-1.4415297858047187,-1.612118601255862
wake,139,6.766276368384084,7.583942248652828,7.526522467490291,0.09811689514597653,-1.858624279982051,-1.7986780430538063
wake,140,2.803606081821429,2.720120614840104,2.774599681289928,0.0987702452558586,-2.2699836194667795,-2.0551791258111476
wake,141,4.313655005098686,4.063956502577011,4.0350503112227605,0.09797587995029941,-1.859628482145485,-2.0433195208389745
wake,142,3.5701691494092467,3.760366405132063,3.7621275164904753,0.09758524916963034,-1.7142059239561342,-1.8146767655875191
wake,143,0.5352697159569015,0.8558103082413462,0.9048672981352665,0.09819524706072331,-1.9217110692830646,-1.953607646754752
wake,144,-3.9015006344184986,-4.0050334493794075,-3.9545048293185237,0.09896131184404613,-2.4404735384365703,-2.216366420463773
wake,145,-6.988701824106439,-6.9316293091155545,-6.891892419566432,0.09874838518236026,-2.2994640995573503,-2.3461542334588352
wake,146,-8.057152799309941,-8.396466142278316,-8.369219441412683,0.09852654297492143,-2.1796508161491044,-2.3537472416797183
wake,147,-10.548541748676872,-10.911771906856327,-10.876567861659456,0.09881108120784411,-2.364296002978804,-2.4543484536520377
wake,148,-11.264587781499301,-11.328769736819442,-11.313541957430855,0.09847115294844903,-2.17205829645228,-2.3474604748093246
wake,149,-10.91869428947418,-10.56759287638634,-10.570846942748206,0.09819491287298604,-2.0169012546832104,-2.103932602274132
wake,150,-9.726763966786892,-9.4339288738823,-9.447392556979926,0.09778694602418156,-1.7987154774576477,-1.9597301828299398
wake,151,-9.783048785018925,-10.355914237482256,-10.325263777806175,0.09778038579208125,-1.7659508402547903,-1.9505794355503892
wake,152,-12.819990045250703,-12.857425419718693,-12.810784992126925,0.09847001549388758,-2.0880587078842026,-2.101642730480279
wake,153,-10.92576303931712,-11.338266344464069,-11.356218811190613,0.09784219816398343,-1.8183834175212255,-1.9984447264845415
wake,154,-9.280775916211143,-8.692226750018566,-8.730836937997662,0.09815807004464315,-1.9315260656212363,-2.064648924600793
wake,155,-6.670307396669826,-7.008695096236585,-7.035323637332211,0.09792870712491712,-1.8441398320967406,-2.0333317713309134
wake,156,-6.680447028817986,-6.56527892453405,-6.568173923931461,0.09755238810068899,-1.7024631680112752,-1.8068399194348237
wake,157,-6.272874952924775,-6.689206091026561,-6.67588963337076,0.09703710571436013,-1.4960423157714622,-1.6554010178321237
wake,158,-6.2227070143213465,-6.612598140842152,-6.603240724812046,0.0965407347032068,-1.3352096074766817,-1.4814269589239193
wake,159,-5.557847566161443,-5.849300651266545,-5.866192552095282,0.09601397445319122,-1.178412383442997,-1.3515724249783212
wake,160,-6.90707659982946,-7.378127005098341,-7.321159895891029,0.09684435418903949,-1.357064093922791,-1.4513843437498157
wake,161,-6.433144421315934,-6.304076773608768,-6.329772288316608,0.09605306867232627,-1.1794213406122014,-1.3702977273245567
wake,162,-5.619378716348642,-5.183096440471541,-5.216934111739007,0.09592409158983409,-1.1351222264820766,-1.329707545669152
wake,163,-3.951935618886553,-3.4105755197106937,-3.464124569636636,0.09653519003019498,-1.2697003154176103,-1.4003809605421642
wake,164,-2.688283616364178,-2.8852185582009975,-2.9026066248184565,0.09571405572592107,-1.0990825988311153,-1.2739211926051082
wake,165,-1.4906915445844837,-1.8247849270079703,-1.864893137939712,0.09569973387024477,-1.069405693909346,-1.259621778052295
wake,166,-0.503521911731544,-0.9067366253965571,-0.9450067908860444,0.09557525252548466,-1.0417902535827912,-1.234715393430535
wake,167,-0.3639601094963262,-1.1994168966737602,-1.1842779334579174,0.09498145565648158,-0.9288765371115637,-1.1011049912838788
wake,168,-1.6619652641145415,-1.5528038631651448,-1.5291307525227817,0.09446553507941878,-0.8151726042872242,-1.0032653766005823
wake,169,-1.7234590488629773,-1.4178647335681465,-1.4200369835905449,0.0937596024430847,-0.6896320250670314,-0.8552118987027968
wake,170,-1.619265964374309,-1.4217793593223216,-1.416638415014842,0.09293284887735354,-0.5470444491665915,-0.7207129873570676
wake,171,-4.345535113582489,-4.239240053622565,-4.146735305654197,0.09680294203856273,-1.2735026973777497,-0.991944251623256
wake,172,-4.747124156960515,-4.494026159980219,-4.461321281252695,0.09410327261548988,-0.7342648535949035,-0.9298034240040697
wake,173,-5.202783176412477,-5.138712715704742,-5.087616912333157,0.09432557300529253,-0.7572739686410029,-0.9390193930538859
wake,174,-7.38082348578113,-7.647396008458826,-7.564757975484329,0.09706349195904865,-1.3740727010655895,-1.178826536134373
wake,175,-8.417058905887204,-8.21181638432393,-8.165603459867244,0.09549272496999063,-1.0080859952209285,-1.188236385100906
wake,176,-6.259774755247039,-6.755695440439827,-6.80085247357202,0.09549163561167373,-1.0103982532607156,-1.192958580749845
wake,177,-6.194273192506358,-6.421582904246268,-6.423652829679399,0.0947232051871915,-0.8759391819171546,-1.0310051318170594
wake,178,-3.632093811371233,-3.582683598890148,-3.660101505606128,0.09692760065298525,-1.3402924994607832,-1.2347133901935667
wake,179,-3.1898944055354326,-3.253440399220067,-3.2646984971791335,0.09496633383709494,-0.9247001447788116,-1.089108304328035
wake,180,-4.27707962813414,-4.016526266546912,-3.970842082166545,0.09500753503900931,-0.901664595045022,-1.0875792754879383
