seed,selected,heldout,transfer,zero_association_transfer,historical_retention,present_indexing,shuffled_selected,fixed_selected
778700,context_split,"{""best_matched_comparator"": null, ""generating_family_margin"": NaN, ""heldout_log_per_observation"": [-1.8501818989852525, -1.9710821969642618, -1.70888880072191, -1.8484426549364041, -2.330401406805022], ""matched_comparators"": [], ""maximum_decomposition_error"": 1.4210854715202004e-14, ""preheldout_complexity_per_observation"": [0.38918452374906104, 0.4810940360243145, 0.33291954509880956, 0.5009054057051798, 0.19923680864284762]}",0.4499999999999753,0.0,0.0,0.4499999999999753,context_split,global_downweight
778701,global_downweight,"{""best_matched_comparator"": ""change_point"", ""generating_family_margin"": 0.05943441546814743, ""heldout_log_per_observation"": [-2.4722617948289516, -2.4409858168691603, -2.396834614529877, -2.5212191348572723, -2.4562690299980243], ""matched_comparators"": [""change_point""], ""maximum_decomposition_error"": 1.4210854715202004e-14, ""preheldout_complexity_per_observation"": [0.29873872328315526, 0.39848757606727564, 0.22702709517091027, 0.39953346305856235, 0.18634748675898172]}",0.4499999999999993,0.0,0.0,0.4499999999999993,change_point,global_downweight
778702,context_split,"{""best_matched_comparator"": ""change_point"", ""generating_family_margin"": -0.05900738254558213, ""heldout_log_per_observation"": [-2.8336803995052584, -2.6921999340350062, -2.583570366781065, -2.622704834915381, -2.524562984235483], ""matched_comparators"": [""global_downweight"", ""change_point""], ""maximum_decomposition_error"": 1.4210854715202004e-14, ""preheldout_complexity_per_observation"": [0.2873177432067244, 0.3823939651918699, 0.24301158730937697, 0.3860391504669776, 0.21114113571033777]}",-0.44999999997443446,0.0,0.0,-0.44999999997443446,continuous_drift,context_split
778703,context_split,"{""best_matched_comparator"": ""global_downweight"", ""generating_family_margin"": 0.12561169238224323, ""heldout_log_per_observation"": [-1.907665410937077, -1.8340061839774489, -1.7820537185548337, -1.9208931883665006, -1.6581290085363865], ""matched_comparators"": [""global_downweight""], ""maximum_decomposition_error"": 1.4210854715202004e-14, ""preheldout_complexity_per_observation"": [0.32891866815444576, 0.4154183237301474, 0.28534327135711834, 0.4068909805551028, 0.15221961395182862]}",-0.44999999997443446,0.0,0.0,-0.44999999997443446,change_point,context_split
778704,change_point,"{""best_matched_comparator"": ""global_downweight"", ""generating_family_margin"": 0.3720471462408703, ""heldout_log_per_observation"": [-2.4760555738794974, -2.2773331067197162, -2.104008427638627, -2.0704900780679596, -2.006671143436317], ""matched_comparators"": [""global_downweight""], ""maximum_decomposition_error"": 1.4210854715202004e-14, ""preheldout_complexity_per_observation"": [0.31004198088938834, 0.3957313104406502, 0.337964063593499, 0.40659138929673805, 0.22997127174216603]}",0.4499999999999993,0.0,0.0,0.4499999999999993,context_split,context_split
778705,context_split,"{""best_matched_comparator"": ""global_downweight"", ""generating_family_margin"": 0.13498483447783016, ""heldout_log_per_observation"": [-2.4795652629945497, -2.521006712926849, -2.3445804285167196, -2.539967006672838, -3.488285083547721], ""matched_comparators"": [""global_downweight""], ""maximum_decomposition_error"": 1.4210854715202004e-14, ""preheldout_complexity_per_observation"": [0.2611927633656135, 0.3543956152591101, 0.23766855464944822, 0.3549146200655204, 0.06770691174999831]}",0.44999999999999996,0.0,0.0,0.44999999999999996,context_split,change_point
778706,context_split,"{""best_matched_comparator"": ""cue_local_relearning"", ""generating_family_margin"": 0.27686693901607917, ""heldout_log_per_observation"": [-2.2233116907861117, -2.196486203935293, -1.9196192649192136, -2.208405372279314, -2.042047411826754], ""matched_comparators"": [""cue_local_relearning""], ""maximum_decomposition_error"": 1.4210854715202004e-14, ""preheldout_complexity_per_observation"": [0.4070125344331434, 0.5130650353642693, 0.4645942899383167, 0.5243646747867771, 0.17924605033235919]}",-0.44999999999920387,0.0,0.0,-0.44999999999920387,context_split,context_split
778707,change_point,"{""best_matched_comparator"": null, ""generating_family_margin"": NaN, ""heldout_log_per_observation"": [-2.071397818728883, -2.1199527478593456, -1.9700847468080633, -2.028062509667034, -1.950131037046078], ""matched_comparators"": [], ""maximum_decomposition_error"": 1.4210854715202004e-14, ""preheldout_complexity_per_observation"": [0.29460831602509446, 0.37612558770912563, 0.1609578745411361, 0.3717697101679474, 0.05771369531454421]}",-0.45,0.0,0.0,-0.45,change_point,continuous_drift
778708,context_split,"{""best_matched_comparator"": ""global_downweight"", ""generating_family_margin"": 0.27657257824409776, ""heldout_log_per_observation"": [-2.7038449502075803, -2.646645759500304, -2.4272723719634826, -2.5687471880727832, -2.8908117123539556], ""matched_comparators"": [""global_downweight"", ""change_point""], ""maximum_decomposition_error"": 1.4210854715202004e-14, ""preheldout_complexity_per_observation"": [0.31804274071747624, 0.41981331511643805, 0.34472472221795014, 0.4317135923312077, 0.3751876676492227]}",-0.45,0.0,0.0,-0.45,cue_local_relearning,context_split
778709,context_split,"{""best_matched_comparator"": null, ""generating_family_margin"": NaN, ""heldout_log_per_observation"": [-2.6373180577786597, -2.6853241367637066, -2.74203576276133, -2.8272621218766485, -3.5409367666822593], ""matched_comparators"": [], ""maximum_decomposition_error"": 1.4210854715202004e-14, ""preheldout_complexity_per_observation"": [0.26286426879918134, 0.3533745354332661, 0.21000333110649724, 0.37443474678801897, 0.07614915168004854]}",0.44999999999999996,0.0,0.0,0.44999999999999996,cue_local_relearning,context_split
778710,context_split,"{""best_matched_comparator"": ""global_downweight"", ""generating_family_margin"": 0.5259068436660828, ""heldout_log_per_observation"": [-2.467134143433179, -2.256915318808815, -1.941227299767096, -2.1484655654762674, -1.8542190391224027], ""matched_comparators"": [""global_downweight""], ""maximum_decomposition_error"": 1.4210854715202004e-14, ""preheldout_complexity_per_observation"": [0.36688669569730087, 0.460052290624412, 0.3961546433519576, 0.4779616605574137, 0.321103182599191]}",0.4499999999992039,0.0,0.0,0.4499999999992039,context_split,cue_local_relearning
778711,context_split,"{""best_matched_comparator"": ""cue_local_relearning"", ""generating_family_margin"": -0.0856963101130237, ""heldout_log_per_observation"": [-2.280660351166021, -2.2648651860283486, -2.3505614961413723, -2.350618932661118, -2.7992160604961907], ""matched_comparators"": [""cue_local_relearning"", ""continuous_drift""], ""maximum_decomposition_error"": 1.4210854715202004e-14, ""preheldout_complexity_per_observation"": [0.27668554988561556, 0.36423717565401875, 0.33014733740781793, 0.36401266824462364, 0.263565992109286]}",-0.45,0.0,0.0,-0.45,context_split,cue_local_relearning
778712,context_split,"{""best_matched_comparator"": null, ""generating_family_margin"": NaN, ""heldout_log_per_observation"": [-2.709317924766868, -2.611890629585151, -2.3924722987774194, -2.587743679869898, -2.674502790982327], ""matched_comparators"": [], ""maximum_decomposition_error"": 1.4210854715202004e-14, ""preheldout_complexity_per_observation"": [0.3491302420004634, 0.4524216573241729, 0.22300633418298307, 0.4319639553232071, 0.06509571277879976]}",-0.45,0.0,0.0,-0.45,continuous_drift,context_split
778713,change_point,"{""best_matched_comparator"": ""global_downweight"", ""generating_family_margin"": 0.2565487996040847, ""heldout_log_per_observation"": [-2.660652076621897, -2.5157401906241175, -2.4041032770178123, -2.4367233091982126, -2.4312640223504136], ""matched_comparators"": [""global_downweight""], ""maximum_decomposition_error"": 1.4210854715202004e-14, ""preheldout_complexity_per_observation"": [0.2662092055756452, 0.34904258868952315, 0.24439649576347633, 0.32807871680674155, 0.07906692434498952]}",-0.44999999999999923,0.0,0.0,-0.44999999999999923,context_split,context_split
778714,context_split,"{""best_matched_comparator"": null, ""generating_family_margin"": NaN, ""heldout_log_per_observation"": [-2.015078336400288, -2.1244142678358253, -1.9183132859070975, -2.0905562182457587, -1.877296868267555], ""matched_comparators"": [], ""maximum_decomposition_error"": 1.4210854715202004e-14, ""preheldout_complexity_per_observation"": [0.281614154621908, 0.3805029185375837, 0.21442810348526556, 0.3975816440812007, 0.158758405928918]}",0.44999999999999996,0.0,0.0,0.44999999999999996,context_split,global_downweight
778715,context_split,"{""best_matched_comparator"": ""global_downweight"", ""generating_family_margin"": 0.21018615595095635, ""heldout_log_per_observation"": [-2.704469119546804, -2.457620200935268, -2.4942829635958477, -2.2704125327432125, -2.423196907778138], ""matched_comparators"": [""global_downweight""], ""maximum_decomposition_error"": 1.4210854715202004e-14, ""preheldout_complexity_per_observation"": [0.41833818851927, 0.5127972531092304, 0.43498502171962145, 0.5219988628540906, 0.26825684197881555]}",-0.45,0.0,0.0,-0.45,continuous_drift,context_split
778716,change_point,"{""best_matched_comparator"": null, ""generating_family_margin"": NaN, ""heldout_log_per_observation"": [-2.3848897569988488, -2.185833295236101, -1.8718163870817, -2.019029308025365, -1.805491404382054], ""matched_comparators"": [], ""maximum_decomposition_error"": 7.105427357601002e-15, ""preheldout_complexity_per_observation"": [0.27431845193437226, 0.3652880864565291, 0.20446931841986382, 0.3609471434328166, 0.07240749542771963]}",0.44999999999999996,0.0,0.0,0.44999999999999996,change_point,context_split
778717,context_split,"{""best_matched_comparator"": null, ""generating_family_margin"": NaN, ""heldout_log_per_observation"": [-2.585063758490744, -2.626086009375234, -2.8420771718671105, -2.659684843582655, -3.3102137836344365], ""matched_comparators"": [], ""maximum_decomposition_error"": 1.4210854715202004e-14, ""preheldout_complexity_per_observation"": [0.4146580919247749, 0.5158501617019892, 0.3479608863015691, 0.49445172871832965, 0.2505026261528993]}",0.44999999999999996,0.0,0.0,0.44999999999999996,continuous_drift,continuous_drift
778718,change_point,"{""best_matched_comparator"": ""global_downweight"", ""generating_family_margin"": 0.272502120426636, ""heldout_log_per_observation"": [-2.132968569965711, -1.9947093170367198, -1.860466449539075, -2.072192794079114, -1.764041241083727], ""matched_comparators"": [""global_downweight""], ""maximum_decomposition_error"": 2.842170943040401e-14, ""preheldout_complexity_per_observation"": [0.34243548093845844, 0.4292043869980339, 0.35089882968939823, 0.4240523454913883, 0.11546813431611291]}",0.44999999999999996,0.0,0.0,0.44999999999999996,context_split,context_split
778719,context_split,"{""best_matched_comparator"": ""global_downweight"", ""generating_family_margin"": 0.4753666079546406, ""heldout_log_per_observation"": [-2.5027585759904447, -2.289207513399764, -2.027391968035804, -2.2862529243000553, -1.964664243822181], ""matched_comparators"": [""global_downweight""], ""maximum_decomposition_error"": 1.4210854715202004e-14, ""preheldout_complexity_per_observation"": [0.35388652386311453, 0.4366277784551121, 0.33097995908396777, 0.4187337005917802, 0.1364335163004342]}",-0.44999999999999923,0.0,0.0,-0.44999999999999923,continuous_drift,continuous_drift
778720,context_split,"{""best_matched_comparator"": null, ""generating_family_margin"": NaN, ""heldout_log_per_observation"": [-2.0481543398077893, -2.2000168040388566, -1.7799877156948556, -2.123498645527852, -2.0936926315318987], ""matched_comparators"": [], ""maximum_decomposition_error"": 2.842170943040401e-14, ""preheldout_complexity_per_observation"": [0.30116780950227323, 0.3960630265779351, 0.21010400058364295, 0.3940667216179819, 0.08287188958695287]}",-0.45,0.0,0.0,-0.45,context_split,global_downweight
778721,change_point,"{""best_matched_comparator"": ""global_downweight"", ""generating_family_margin"": 0.1435841048073616, ""heldout_log_per_observation"": [-2.44923097751193, -2.475169405621223, -2.3056468727045685, -2.5559654470582007, -2.345447001232091], ""matched_comparators"": [""global_downweight""], ""maximum_decomposition_error"": 1.4210854715202004e-14, ""preheldout_complexity_per_observation"": [0.2708769799538642, 0.3620727644648425, 0.25705682545583514, 0.3796442954910855, 0.19381156869236668]}",0.4499999999992039,0.0,0.0,0.4499999999992039,change_point,global_downweight
778722,change_point,"{""best_matched_comparator"": ""global_downweight"", ""generating_family_margin"": 0.7324759648339194, ""heldout_log_per_observation"": [-2.2319296030054323, -1.9237174373994348, -1.499453638171513, -1.5654627087512303, -1.4229575550456088], ""matched_comparators"": [""global_downweight""], ""maximum_decomposition_error"": 1.4210854715202004e-14, ""preheldout_complexity_per_observation"": [0.28401168999856424, 0.3742370552068511, 0.23740875167886502, 0.3716268223589463, 0.11693492102587129]}",0.4499999736387603,0.0,0.0,0.4499999736387603,continuous_drift,context_split
778723,context_split,"{""best_matched_comparator"": ""cue_local_relearning"", ""generating_family_margin"": 0.17648037502763803, ""heldout_log_per_observation"": [-2.4271000006296672, -2.5275812971306664, -2.3511009221030283, -2.566637975861423, -2.620251232205275], ""matched_comparators"": [""cue_local_relearning"", ""continuous_drift""], ""maximum_decomposition_error"": 2.842170943040401e-14, ""preheldout_complexity_per_observation"": [0.3963564556095434, 0.5049827067067622, 0.47437999269162057, 0.5183754204256577, 0.5578125503994555]}",0.44999999999999996,0.0,0.0,0.44999999999999996,context_split,global_downweight
778724,context_split,"{""best_matched_comparator"": null, ""generating_family_margin"": NaN, ""heldout_log_per_observation"": [-2.106818656894016, -2.2366427721289703, -1.8915027971171394, -2.023965749468652, -1.8462890921803856], ""matched_comparators"": [], ""maximum_decomposition_error"": 2.842170943040401e-14, ""preheldout_complexity_per_observation"": [0.3526550066613388, 0.447039431030056, 0.27555836710575066, 0.43252115527562757, 0.19398577857756805]}",0.4499999999999753,0.0,0.0,0.4499999999999753,change_point,continuous_drift
778725,context_split,"{""best_matched_comparator"": null, ""generating_family_margin"": NaN, ""heldout_log_per_observation"": [-2.6563630104290814, -2.5816798679592914, -2.757162215764141, -2.6342190163809764, -3.3631040160209134], ""matched_comparators"": [], ""maximum_decomposition_error"": 1.4210854715202004e-14, ""preheldout_complexity_per_observation"": [0.3110702792819765, 0.3940691672789704, 0.2211838486130224, 0.3967866530721056, 0.10636941760702458]}",-0.45,0.0,0.0,-0.45,cue_local_relearning,cue_local_relearning
778726,context_split,"{""best_matched_comparator"": ""global_downweight"", ""generating_family_margin"": 0.6135265365514364, ""heldout_log_per_observation"": [-2.5062941458385586, -2.243927654545918, -1.8927676092871222, -1.9438102753393167, -1.7695311453257485], ""matched_comparators"": [""global_downweight""], ""maximum_decomposition_error"": 1.4210854715202004e-14, ""preheldout_complexity_per_observation"": [0.3636689961550932, 0.4570590668313816, 0.32242443104520707, 0.4807050363920448, 0.028107613293008316]}",0.44999999999999996,0.0,0.0,0.44999999999999996,change_point,context_split
778727,context_split,"{""best_matched_comparator"": ""global_downweight"", ""generating_family_margin"": 0.2406311482314365, ""heldout_log_per_observation"": [-2.6181393906433224, -2.5998623981491136, -2.377508242411886, -2.559166970098355, -2.7575123680840363], ""matched_comparators"": [""global_downweight""], ""maximum_decomposition_error"": 1.4210854715202004e-14, ""preheldout_complexity_per_observation"": [0.41165021782316097, 0.5152674942322288, 0.44287530625408084, 0.5306794112645502, 0.35713582192036974]}",0.44999999999999996,0.0,0.0,0.44999999999999996,context_split,context_split
778728,context_split,"{""best_matched_comparator"": ""change_point"", ""generating_family_margin"": 0.12267176562359694, ""heldout_log_per_observation"": [-2.5187332747483504, -2.630502725728048, -2.2124213835652853, -2.4610112936469664, -2.3350931491888822], ""matched_comparators"": [""change_point""], ""maximum_decomposition_error"": 1.4210854715202004e-14, ""preheldout_complexity_per_observation"": [0.45983967449562324, 0.5677199718333554, 0.3979184384940942, 0.5697267598437298, 0.3653643122635141]}",0.44999999999999996,0.0,0.0,0.44999999999999996,context_split,continuous_drift
778729,context_split,"{""best_matched_comparator"": ""global_downweight"", ""generating_family_margin"": -0.14926487449651304, ""heldout_log_per_observation"": [-2.329006027130349, -2.3287565776728822, -2.4782709016268623, -2.3997651206254957, -2.4735692750520695], ""matched_comparators"": [""global_downweight""], ""maximum_decomposition_error"": 0.0, ""preheldout_complexity_per_observation"": [0.31161783826134787, 0.399944299696815, 0.34383262679903387, 0.41039878536820273, 0.2577436365838736]}",-0.45,0.0,0.0,-0.45,cue_local_relearning,cue_local_relearning
778730,change_point,"{""best_matched_comparator"": null, ""generating_family_margin"": NaN, ""heldout_log_per_observation"": [-2.39505958876582, -2.5102711624879728, -2.260436255569908, -2.3026457908940703, -2.2583918902389604], ""matched_comparators"": [], ""maximum_decomposition_error"": 1.4210854715202004e-14, ""preheldout_complexity_per_observation"": [0.2572179749357654, 0.3477749633306093, 0.13013919650199593, 0.3179270661268676, 0.06203233278099754]}",0.44999999999999996,0.0,0.0,0.44999999999999996,change_point,continuous_drift
778731,context_split,"{""best_matched_comparator"": ""global_downweight"", ""generating_family_margin"": -0.13458419343611716, ""heldout_log_per_observation"": [-2.3591163233673766, -2.326569217686547, -2.493700516803494, -2.4717508671944595, -2.5919375468268138], ""matched_comparators"": [""global_downweight""], ""maximum_decomposition_error"": 2.842170943040401e-14, ""preheldout_complexity_per_observation"": [0.28820986820171407, 0.3894751539719878, 0.2561569792634467, 0.3882700532659875, 0.10767874219402618]}",-0.45,0.0,0.0,-0.45,context_split,context_split
778732,context_split,"{""best_matched_comparator"": ""cue_local_relearning"", ""generating_family_margin"": -0.026383585609044857, ""heldout_log_per_observation"": [-2.776632741452845, -2.66224049762347, -2.688624083232515, -2.7312018952215835, -3.035797491228095], ""matched_comparators"": [""global_downweight"", ""cue_local_relearning""], ""maximum_decomposition_error"": 2.842170943040401e-14, ""preheldout_complexity_per_observation"": [0.39442696778323705, 0.4869354926524456, 0.4440487670177679, 0.5070270369256098, 0.306423623234827]}",0.4499999999999993,0.0,0.0,0.4499999999999993,context_split,cue_local_relearning
778733,context_split,"{""best_matched_comparator"": ""global_downweight"", ""generating_family_margin"": 0.3214389841898102, ""heldout_log_per_observation"": [-2.681163833566125, -2.5357788282347693, -2.359724849376315, -2.512907483170185, -3.0533498197999185], ""matched_comparators"": [""global_downweight""], ""maximum_decomposition_error"": 2.842170943040401e-14, ""preheldout_complexity_per_observation"": [0.36866059834244086, 0.4611559870144833, 0.38453438893367337, 0.4634349710275525, 0.3294939468480255]}",0.44999999999999996,0.0,0.0,0.44999999999999996,context_split,continuous_drift
778734,context_split,"{""best_matched_comparator"": null, ""generating_family_margin"": NaN, ""heldout_log_per_observation"": [-2.282776514752471, -2.3092895792680057, -2.224229059704135, -2.3597423543517912, -3.3909969599351886], ""matched_comparators"": [], ""maximum_decomposition_error"": 2.842170943040401e-14, ""preheldout_complexity_per_observation"": [0.3849110439503874, 0.48271244650765216, 0.28064312933807584, 0.4827697107730888, 0.07189245606412036]}",0.44999999999999996,0.0,0.0,0.44999999999999996,context_split,context_split
778735,context_split,"{""best_matched_comparator"": ""global_downweight"", ""generating_family_margin"": 0.11403333391620407, ""heldout_log_per_observation"": [-2.4523248408139686, -2.5637076061093333, -2.3382915068977645, -2.468507288217343, -2.4950651696581536], ""matched_comparators"": [""global_downweight"", ""change_point""], ""maximum_decomposition_error"": 1.4210854715202004e-14, ""preheldout_complexity_per_observation"": [0.3059325736224678, 0.402868871233181, 0.2696490029742022, 0.4185091148187034, 0.2618793652925584]}",0.44999999999999996,0.0,0.0,0.44999999999999996,change_point,global_downweight
778736,context_split,"{""best_matched_comparator"": ""global_downweight"", ""generating_family_margin"": -0.006539082948746611, ""heldout_log_per_observation"": [-2.4875988931064814, -2.4409221065612767, -2.494137976055228, -2.4877175318404037, -2.4788347477728188], ""matched_comparators"": [""global_downweight""], ""maximum_decomposition_error"": 1.4210854715202004e-14, ""preheldout_complexity_per_observation"": [0.33554420423654197, 0.429252424450103, 0.33351953766149006, 0.4417886778529758, 0.24845920536229868]}",0.44999999999999996,0.0,0.0,0.44999999999999996,context_split,global_downweight
778737,context_split,"{""best_matched_comparator"": ""global_downweight"", ""generating_family_margin"": 0.3201051081417834, ""heldout_log_per_observation"": [-1.9694311925730927, -1.8163886447880966, -1.6493260844313093, -1.754835178268193, -1.456985805628542], ""matched_comparators"": [""global_downweight""], ""maximum_decomposition_error"": 1.4210854715202004e-14, ""preheldout_complexity_per_observation"": [0.344441310453554, 0.44703151052345885, 0.3361932866535257, 0.45760993348278256, 0.26304743185592]}",-0.45,0.0,0.0,-0.45,continuous_drift,context_split
778738,context_split,"{""best_matched_comparator"": ""cue_local_relearning"", ""generating_family_margin"": 0.11021870412320656, ""heldout_log_per_observation"": [-2.354597724538653, -2.340047253816701, -2.2298285496934946, -2.4469454928185606, -2.3101826903537823], ""matched_comparators"": [""cue_local_relearning""], ""maximum_decomposition_error"": 1.4210854715202004e-14, ""preheldout_complexity_per_observation"": [0.41774610597420186, 0.513200813516591, 0.46961175304252417, 0.5291299149066544, 0.5413296766590229]}",-0.45,0.0,0.0,-0.45,context_split,cue_local_relearning
778739,context_split,"{""best_matched_comparator"": ""change_point"", ""generating_family_margin"": 0.44361173976058677, ""heldout_log_per_observation"": [-2.7408950692371956, -2.6723092003380193, -2.4275248347553093, -2.5857380554458587, -2.871136574515896], ""matched_comparators"": [""change_point""], ""maximum_decomposition_error"": 1.4210854715202004e-14, ""preheldout_complexity_per_observation"": [0.3135317415491043, 0.4080799150531959, 0.2120427497241534, 0.41157478286118104, 0.19107609601033645]}",0.44999999999999996,0.0,0.0,0.44999999999999996,continuous_drift,context_split
778740,context_split,"{""best_matched_comparator"": ""global_downweight"", ""generating_family_margin"": 0.38891481270613326, ""heldout_log_per_observation"": [-2.5227887287838895, -2.341114615608493, -2.1338739160777562, -2.48081810969616, -2.795137902987757], ""matched_comparators"": [""global_downweight""], ""maximum_decomposition_error"": 1.4210854715202004e-14, ""preheldout_complexity_per_observation"": [0.3439244155653542, 0.4389874315630959, 0.36103321191135085, 0.4409191004438712, 0.07193853999455913]}",-0.45,0.0,0.0,-0.45,context_split,change_point
778741,context_split,"{""best_matched_comparator"": null, ""generating_family_margin"": NaN, ""heldout_log_per_observation"": [-2.5045841510972195, -2.597364529827008, -2.7113299703608753, -2.5590324680764693, -3.259198748892703], ""matched_comparators"": [], ""maximum_decomposition_error"": 1.4210854715202004e-14, ""preheldout_complexity_per_observation"": [0.2761860791839714, 0.36547226775050223, 0.21041205185335587, 0.36875895841416684, 0.12706407422173177]}",-0.45,0.0,0.0,-0.45,context_split,global_downweight
778742,change_point,"{""best_matched_comparator"": null, ""generating_family_margin"": NaN, ""heldout_log_per_observation"": [-2.052075140750566, -1.9660494681491194, -1.8496006257588036, -1.996940057860444, -1.8035228597610367], ""matched_comparators"": [], ""maximum_decomposition_error"": 1.4210854715202004e-14, ""preheldout_complexity_per_observation"": [0.2545953172329399, 0.345939497331523, 0.16378005809113866, 0.37107365484611377, 0.04773267202807995]}",-0.45,0.0,0.0,-0.45,change_point,context_split
778743,context_split,"{""best_matched_comparator"": ""global_downweight"", ""generating_family_margin"": 0.1280715678859572, ""heldout_log_per_observation"": [-1.7333397976962805, -1.8781219018997257, -1.6052682298103234, -1.9138142518732808, -4.294210198992224], ""matched_comparators"": [""global_downweight""], ""maximum_decomposition_error"": 1.4210854715202004e-14, ""preheldout_complexity_per_observation"": [0.33592035722456076, 0.42384677171775165, 0.30814838710595854, 0.42973790921383187, 0.0997525558376942]}",-0.44999999999997525,0.0,0.0,-0.44999999999997525,context_split,cue_local_relearning
778744,context_split,"{""best_matched_comparator"": ""global_downweight"", ""generating_family_margin"": -0.16682716657719432, ""heldout_log_per_observation"": [-2.030263967480397, -2.030028983736365, -2.197091134057591, -2.087227404127879, -2.1500964500410102], ""matched_comparators"": [""global_downweight""], ""maximum_decomposition_error"": 2.842170943040401e-14, ""preheldout_complexity_per_observation"": [0.355254801429375, 0.4626936141653306, 0.34250455964416515, 0.44927389854623484, 0.05861773557279327]}",0.4499999999744344,0.0,0.0,0.4499999999744344,context_split,context_split
778745,context_split,"{""best_matched_comparator"": null, ""generating_family_margin"": NaN, ""heldout_log_per_observation"": [-2.305028125256907, -2.2969710382905753, -2.5112387851294873, -2.338842648728777, -2.9770488070636363], ""matched_comparators"": [], ""maximum_decomposition_error"": 1.4210854715202004e-14, ""preheldout_complexity_per_observation"": [0.27683964693063157, 0.3716416866984866, 0.2215639274761897, 0.38930716644420177, 0.11393228629892711]}",-0.45,0.0,0.0,-0.45,cue_local_relearning,cue_local_relearning
778746,context_split,"{""best_matched_comparator"": null, ""generating_family_margin"": NaN, ""heldout_log_per_observation"": [-2.683588111998942, -2.604921879785719, -2.2218854855070536, -2.6498956188712146, -2.5602997940463883], ""matched_comparators"": [], ""maximum_decomposition_error"": 1.4210854715202004e-14, ""preheldout_complexity_per_observation"": [0.36074923328829783, 0.4702392926335464, 0.2898683014749425, 0.47086366327993656, 0.13658707180960009]}",0.44999999999999996,0.0,0.0,0.44999999999999996,context_split,context_split
778747,context_split,"{""best_matched_comparator"": ""global_downweight"", ""generating_family_margin"": 0.02691886112766273, ""heldout_log_per_observation"": [-2.533810635281313, -2.4352346588395424, -2.50689177415365, -2.594958604382623, -3.4919686220432222], ""matched_comparators"": [""global_downweight""], ""maximum_decomposition_error"": 1.4210854715202004e-14, ""preheldout_complexity_per_observation"": [0.43844504968168924, 0.5279425648683671, 0.4459804487659271, 0.542412233833062, 0.12703690803418602]}",-0.45,0.0,0.0,-0.45,cue_local_relearning,context_split
778748,context_split,"{""best_matched_comparator"": ""global_downweight"", ""generating_family_margin"": 0.2303921200795207, ""heldout_log_per_observation"": [-2.339076282454955, -2.2351728875502346, -2.108684162375434, -2.3229760469011076, -3.039876358340452], ""matched_comparators"": [""global_downweight""], ""maximum_decomposition_error"": 1.4210854715202004e-14, ""preheldout_complexity_per_observation"": [0.32861089300859075, 0.43040167051640815, 0.36605757321157567, 0.44912942829399743, 0.16211292199338984]}",0.44999999999999996,0.0,0.0,0.44999999999999996,context_split,context_split
778749,context_split,"{""best_matched_comparator"": null, ""generating_family_margin"": NaN, ""heldout_log_per_observation"": [-2.700984102427757, -2.745310879978237, -2.548456212951444, -2.7966568729818793, -2.877375072756233], ""matched_comparators"": [], ""maximum_decomposition_error"": 1.4210854715202004e-14, ""preheldout_complexity_per_observation"": [0.34572396226285224, 0.435441228692847, 0.281827039923722, 0.42361859143877617, 0.18809787712947082]}",0.44999999999999996,0.0,0.0,0.44999999999999996,context_split,global_downweight
778750,cue_local_relearning,"{""best_matched_comparator"": ""global_downweight"", ""generating_family_margin"": 0.5477579195763402, ""heldout_log_per_observation"": [-2.8237469414274896, -2.622235864140129, -2.2759890218511494, -2.608588883215532, -2.3198730560436207], ""matched_comparators"": [""global_downweight""], ""maximum_decomposition_error"": 2.842170943040401e-14, ""preheldout_complexity_per_observation"": [0.35648256586207866, 0.4579540664406616, 0.32100621035416577, 0.47308082452579486, 0.23804827846743834]}",0.4499999999992039,0.0,0.0,0.4499999999992039,cue_local_relearning,context_split
778751,change_point,"{""best_matched_comparator"": ""global_downweight"", ""generating_family_margin"": 0.6321387009153021, ""heldout_log_per_observation"": [-2.0145361918076095, -1.7782308654691148, -1.3823974908923073, -1.5810833255147285, -1.3115554182553533], ""matched_comparators"": [""global_downweight""], ""maximum_decomposition_error"": 2.1316282072803006e-14, ""preheldout_complexity_per_observation"": [0.26813854169603374, 0.35636702199292114, 0.26146102145391653, 0.3240095850272349, 0.11311221153631125]}",-0.45,0.0,0.0,-0.45,context_split,context_split
778752,context_split,"{""best_matched_comparator"": ""global_downweight"", ""generating_family_margin"": 0.11995758193361716, ""heldout_log_per_observation"": [-2.5705301752212186, -2.497240218722233, -2.4505725932876015, -2.6528336641387478, -2.7292640829103583], ""matched_comparators"": [""global_downweight""], ""maximum_decomposition_error"": 1.4210854715202004e-14, ""preheldout_complexity_per_observation"": [0.23900154840725443, 0.33828853573848994, 0.1945920376956157, 0.3426867583312055, 0.04241739578696499]}",-0.45,0.0,0.0,-0.45,context_split,context_split
778753,context_split,"{""best_matched_comparator"": ""change_point"", ""generating_family_margin"": 0.05540107169565456, ""heldout_log_per_observation"": [-2.3775480876592168, -2.375056544688606, -2.4447299186764324, -2.430735454011006, -2.500130990372087], ""matched_comparators"": [""change_point""], ""maximum_decomposition_error"": 1.4210854715202004e-14, ""preheldout_complexity_per_observation"": [0.2880534059884989, 0.378195099664512, 0.21890857796361882, 0.3823740568779073, 0.17552488360980653]}",-0.45,0.0,0.0,-0.45,global_downweight,global_downweight
778754,context_split,"{""best_matched_comparator"": null, ""generating_family_margin"": NaN, ""heldout_log_per_observation"": [-2.6675265399064614, -2.50813957268445, -2.2086269628052824, -2.445016124569574, -2.213949653011758], ""matched_comparators"": [], ""maximum_decomposition_error"": 1.4210854715202004e-14, ""preheldout_complexity_per_observation"": [0.28667752677066216, 0.38087977722195093, 0.21137355766129703, 0.3699108785303136, 0.07358515978354742]}",-0.45,0.0,0.0,-0.45,context_split,context_split
778755,change_point,"{""best_matched_comparator"": null, ""generating_family_margin"": NaN, ""heldout_log_per_observation"": [-2.6634338115910916, -2.440157085837427, -2.2384481626289823, -2.3246911901319223, -2.165564762028806], ""matched_comparators"": [], ""maximum_decomposition_error"": 1.4210854715202004e-14, ""preheldout_complexity_per_observation"": [0.2607001505220163, 0.35087770451199224, 0.2079758376660319, 0.3625413586544852, 0.15461323999672502]}",-0.45,0.0,0.0,-0.45,context_split,continuous_drift
778756,context_split,"{""best_matched_comparator"": null, ""generating_family_margin"": NaN, ""heldout_log_per_observation"": [-2.3451144817134626, -2.3437347033843503, -2.3277433961413907, -2.4848716558316415, -4.088690096016492], ""matched_comparators"": [], ""maximum_decomposition_error"": 1.4210854715202004e-14, ""preheldout_complexity_per_observation"": [0.32228511168987756, 0.4244350604707088, 0.25206958633850035, 0.39565398525772927, 0.0698886335370174]}",0.44999999999999996,0.0,0.0,0.44999999999999996,context_split,context_split
778757,context_split,"{""best_matched_comparator"": ""cue_local_relearning"", ""generating_family_margin"": -0.25385814460826683, ""heldout_log_per_observation"": [-2.4752093714624452, -2.36632061872617, -2.6201787633344367, -2.491678505096801, -2.2813406216274412], ""matched_comparators"": [""cue_local_relearning""], ""maximum_decomposition_error"": 2.842170943040401e-14, ""preheldout_complexity_per_observation"": [0.39306174924036075, 0.4995255388925881, 0.453688175287935, 0.5112181602303787, 0.2968077769079488]}",0.44999999999999996,0.0,0.0,0.44999999999999996,context_split,context_split
778758,context_split,"{""best_matched_comparator"": null, ""generating_family_margin"": NaN, ""heldout_log_per_observation"": [-2.448840901857598, -2.3774307204849796, -1.886560186904246, -2.3191813969370827, -2.315315216365571], ""matched_comparators"": [], ""maximum_decomposition_error"": 1.4210854715202004e-14, ""preheldout_complexity_per_observation"": [0.3726402803547106, 0.4677464173864203, 0.317678225270676, 0.4907745241137978, 0.026993171775078196]}",-0.45,0.0,0.0,-0.45,context_split,context_split
778759,context_split,"{""best_matched_comparator"": ""change_point"", ""generating_family_margin"": -0.07128134668791386, ""heldout_log_per_observation"": [-1.8762494672150165, -1.9046821986715106, -1.9366888647986826, -2.0127953331378485, -1.8654075181107688], ""matched_comparators"": [""global_downweight"", ""change_point""], ""maximum_decomposition_error"": 1.4210854715202004e-14, ""preheldout_complexity_per_observation"": [0.24621532449488448, 0.3460141094802082, 0.2098018799956275, 0.35757579931030015, 0.18016241879448477]}",0.4499991535120744,0.0,0.0,0.4499991535120744,context_split,context_split
778760,context_split,"{""best_matched_comparator"": ""global_downweight"", ""generating_family_margin"": -0.3283331051474603, ""heldout_log_per_observation"": [-2.6732393630713913, -2.6751364891272074, -3.0015724682188516, -2.7628012534136266, -2.91971762711026], ""matched_comparators"": [""global_downweight""], ""maximum_decomposition_error"": 1.4210854715202004e-14, ""preheldout_complexity_per_observation"": [0.3808021634948832, 0.4790570982302791, 0.38640231857087265, 0.4742438988641305, 0.26766498787912946]}",0.44999999999999996,0.0,0.0,0.44999999999999996,global_downweight,global_downweight
778761,change_point,"{""best_matched_comparator"": ""global_downweight"", ""generating_family_margin"": 0.42071287555239856, ""heldout_log_per_observation"": [-1.9750147649717196, -1.8232312232502643, -1.554301889419321, -1.7593395597806794, -1.4488819543388773], ""matched_comparators"": [""global_downweight""], ""maximum_decomposition_error"": 1.4210854715202004e-14, ""preheldout_complexity_per_observation"": [0.2690155971306324, 0.357667815992674, 0.22960752552905692, 0.3760295462550403, 0.1321778775637397]}",0.4499999999999753,0.0,0.0,0.4499999999999753,context_split,context_split
778762,context_split,"{""best_matched_comparator"": ""global_downweight"", ""generating_family_margin"": -0.040003314268150625, ""heldout_log_per_observation"": [-2.475882219139634, -2.5216786806237534, -2.5158855334077845, -2.660856861280494, -3.0357992607193482], ""matched_comparators"": [""global_downweight""], ""maximum_decomposition_error"": 1.4210854715202004e-14, ""preheldout_complexity_per_observation"": [0.3672637595718518, 0.46747174017742554, 0.3564894355010036, 0.45480864282410965, 0.07191815230976169]}",0.44999999999999996,0.0,0.0,0.44999999999999996,context_split,context_split
778763,context_split,"{""best_matched_comparator"": ""global_downweight"", ""generating_family_margin"": 0.17243585747764723, ""heldout_log_per_observation"": [-2.4471439958329873, -2.496936577123437, -2.27470813835534, -2.566008560748614, -2.8105416292347742], ""matched_comparators"": [""global_downweight"", ""change_point""], ""maximum_decomposition_error"": 2.842170943040401e-14, ""preheldout_complexity_per_observation"": [0.33877834269581325, 0.4389019860482673, 0.32464134781872317, 0.45268129327619705, 0.29521889051474465]}",-0.44999999999920387,0.0,0.0,-0.44999999999920387,cue_local_relearning,context_split
778764,context_split,"{""best_matched_comparator"": ""global_downweight"", ""generating_family_margin"": -0.2537818709086217, ""heldout_log_per_observation"": [-2.346883729970709, -2.4492442379862434, -2.6006656008793305, -2.39024133742568, -3.9234706160187045], ""matched_comparators"": [""global_downweight""], ""maximum_decomposition_error"": 1.4210854715202004e-14, ""preheldout_complexity_per_observation"": [0.3122477446982169, 0.4125419486795679, 0.2955235946365674, 0.4210604866137173, 0.17351759746879233]}",-0.44999999999999923,0.0,0.0,-0.44999999999999923,continuous_drift,continuous_drift
778765,context_split,"{""best_matched_comparator"": ""global_downweight"", ""generating_family_margin"": -0.1296936148536254, ""heldout_log_per_observation"": [-2.093064999258149, -2.0011143460384373, -2.2227586141117746, -2.017994738068129, -2.3562072982764857], ""matched_comparators"": [""global_downweight""], ""maximum_decomposition_error"": 1.4210854715202004e-14, ""preheldout_complexity_per_observation"": [0.33253876210606187, 0.4169299377989944, 0.35168908542365274, 0.4295515535246585, 0.11169056719282679]}",0.4499999999744344,0.0,0.0,0.4499999999744344,context_split,cue_local_relearning
778766,context_split,"{""best_matched_comparator"": ""global_downweight"", ""generating_family_margin"": 0.1489608490354808, ""heldout_log_per_observation"": [-2.119296208493129, -2.0489570022954133, -1.970335359457648, -1.973661595105729, -1.8394831188177996], ""matched_comparators"": [""global_downweight""], ""maximum_decomposition_error"": 1.4210854715202004e-14, ""preheldout_complexity_per_observation"": [0.3100593769081767, 0.40434857791635564, 0.32608535764895447, 0.40900704128609106, 0.04276120912215529]}",-0.45,0.0,0.0,-0.45,context_split,context_split
778767,change_point,"{""best_matched_comparator"": null, ""generating_family_margin"": NaN, ""heldout_log_per_observation"": [-2.2184925389099943, -2.119509318650885, -2.019576359007446, -2.149017388319084, -1.9601182308229577], ""matched_comparators"": [], ""maximum_decomposition_error"": 7.105427357601002e-15, ""preheldout_complexity_per_observation"": [0.3182331595652053, 0.41389243302972095, 0.21913034719649557, 0.415172264495729, 0.09121045482802376]}",-0.45,0.0,0.0,-0.45,context_split,context_split
778768,change_point,"{""best_matched_comparator"": ""global_downweight"", ""generating_family_margin"": 0.5324849601973813, ""heldout_log_per_observation"": [-2.5057533349194117, -2.277708709628019, -1.9732683747220303, -2.105701440859211, -1.89016625733103], ""matched_comparators"": [""global_downweight""], ""maximum_decomposition_error"": 1.4210854715202004e-14, ""preheldout_complexity_per_observation"": [0.32403003923485124, 0.41815708796211376, 0.2878521036144037, 0.42355241552144474, 0.16415404376554313]}",-0.45,0.0,0.0,-0.45,context_split,context_split
778769,context_split,"{""best_matched_comparator"": null, ""generating_family_margin"": NaN, ""heldout_log_per_observation"": [-2.633905087985889, -2.5640745964133558, -2.3021687499102157, -2.609073109864461, -2.501215995842342], ""matched_comparators"": [], ""maximum_decomposition_error"": 1.4210854715202004e-14, ""preheldout_complexity_per_observation"": [0.36162499917560487, 0.4571502460395807, 0.28813446484763594, 0.4770790294463882, 0.07873829627784595]}",-0.44999999999997525,0.0,0.0,-0.44999999999997525,context_split,context_split
778770,context_split,"{""best_matched_comparator"": ""global_downweight"", ""generating_family_margin"": 0.015916637827858793, ""heldout_log_per_observation"": [-2.0405603931536307, -2.1179336869686054, -2.024643755325772, -2.0979250725962943, -2.5892805905361147], ""matched_comparators"": [""global_downweight""], ""maximum_decomposition_error"": 1.4210854715202004e-14, ""preheldout_complexity_per_observation"": [0.411022588428902, 0.5046858525453348, 0.4206253058031873, 0.48975022091694864, 0.05274275970134959]}",0.44999999999999996,0.0,0.0,0.44999999999999996,context_split,continuous_drift
778771,context_split,"{""best_matched_comparator"": ""cue_local_relearning"", ""generating_family_margin"": 0.4748577885417795, ""heldout_log_per_observation"": [-2.3368225227184247, -2.2838583415218663, -1.8090005529800868, -2.2288349700220245, -2.5326302992996705], ""matched_comparators"": [""global_downweight"", ""cue_local_relearning""], ""maximum_decomposition_error"": 1.4210854715202004e-14, ""preheldout_complexity_per_observation"": [0.3205409175828943, 0.4145952015837207, 0.36814817028156815, 0.4232937997629251, 0.08916618234653868]}",0.44999999999999996,0.0,0.0,0.44999999999999996,cue_local_relearning,context_split
778772,context_split,"{""best_matched_comparator"": ""continuous_drift"", ""generating_family_margin"": 0.29018508537337073, ""heldout_log_per_observation"": [-2.619709014685096, -2.717289535653191, -2.4113361975627754, -2.701521282936146, -3.0524906881214164], ""matched_comparators"": [""cue_local_relearning"", ""continuous_drift""], ""maximum_decomposition_error"": 1.4210854715202004e-14, ""preheldout_complexity_per_observation"": [0.4142486485843138, 0.5087573736595141, 0.4905548741733849, 0.5334189448860726, 0.1857012398011277]}",-0.44999999999999923,0.0,0.0,-0.44999999999999923,cue_local_relearning,cue_local_relearning
778773,global_downweight,"{""best_matched_comparator"": ""global_downweight"", ""generating_family_margin"": 0.12164778292966894, ""heldout_log_per_observation"": [-2.3862134069195706, -2.4928456841322015, -2.2645656239899017, -2.5280401358161226, -3.259769194348425], ""matched_comparators"": [""global_downweight""], ""maximum_decomposition_error"": 2.842170943040401e-14, ""preheldout_complexity_per_observation"": [0.31908983086121934, 0.414701964472421, 0.27805254515903094, 0.42030425523620546, 0.15268545067410608]}",0.44999999999999996,0.0,0.0,0.44999999999999996,global_downweight,global_downweight
778774,context_split,"{""best_matched_comparator"": ""global_downweight"", ""generating_family_margin"": 0.07466896219676844, ""heldout_log_per_observation"": [-2.5560344544652445, -2.528784999831254, -2.481365492268476, -2.7116099643638902, -2.853365092648927], ""matched_comparators"": [""global_downweight""], ""maximum_decomposition_error"": 2.842170943040401e-14, ""preheldout_complexity_per_observation"": [0.37487779738551746, 0.4798295914516839, 0.41035544097877724, 0.48029374367784805, 0.4833829200301299]}",0.4499999999999993,0.0,0.0,0.4499999999999993,context_split,global_downweight
778775,context_split,"{""best_matched_comparator"": ""global_downweight"", ""generating_family_margin"": 0.35883855288022026, ""heldout_log_per_observation"": [-2.6513560793770328, -2.6502359771130735, -2.2925175264968125, -2.7028557598064324, -2.7500684709026366], ""matched_comparators"": [""global_downweight""], ""maximum_decomposition_error"": 1.4210854715202004e-14, ""preheldout_complexity_per_observation"": [0.36907329869355876, 0.46374418274127666, 0.3828873102710431, 0.47737269937313515, 0.3159550498952775]}",0.44999999999999996,0.0,0.0,0.44999999999999996,context_split,global_downweight
778776,context_split,"{""best_matched_comparator"": null, ""generating_family_margin"": NaN, ""heldout_log_per_observation"": [-2.6492865105685874, -2.6241403167032153, -2.6375251040550003, -2.740248505310576, -3.0090501712550415], ""matched_comparators"": [], ""maximum_decomposition_error"": 1.4210854715202004e-14, ""preheldout_complexity_per_observation"": [0.32648825249810814, 0.41326934045300606, 0.27523433848979945, 0.4008007680273726, 0.21042664902641858]}",-0.45,0.0,0.0,-0.45,context_split,global_downweight
778777,context_split,"{""best_matched_comparator"": null, ""generating_family_margin"": NaN, ""heldout_log_per_observation"": [-1.8634656600912525, -1.9727917791496914, -1.6698403497543524, -1.8056397183408297, -1.6079533313122898], ""matched_comparators"": [], ""maximum_decomposition_error"": 1.4210854715202004e-14, ""preheldout_complexity_per_observation"": [0.30259414730516787, 0.3960308376059926, 0.2521283597245441, 0.40866447172821635, 0.17845733328813404]}",0.44999999999999996,0.0,0.0,0.44999999999999996,context_split,global_downweight
778778,context_split,"{""best_matched_comparator"": ""global_downweight"", ""generating_family_margin"": 0.04391596434164757, ""heldout_log_per_observation"": [-2.0753306683527306, -2.164995677817502, -2.031414704011083, -2.098172337359541, -1.9531847762777836], ""matched_comparators"": [""global_downweight""], ""maximum_decomposition_error"": 1.4210854715202004e-14, ""preheldout_complexity_per_observation"": [0.3595960029668764, 0.46135677488300586, 0.32023036281506917, 0.4572717263899854, 0.1384066035039773]}",-0.45,0.0,0.0,-0.45,context_split,continuous_drift
778779,context_split,"{""best_matched_comparator"": ""global_downweight"", ""generating_family_margin"": 0.13516980528054123, ""heldout_log_per_observation"": [-2.756147695463655, -2.6858847588484167, -2.620977890183114, -2.8182349608041077, -3.1590143465626195], ""matched_comparators"": [""global_downweight""], ""maximum_decomposition_error"": 1.4210854715202004e-14, ""preheldout_complexity_per_observation"": [0.35146476719272296, 0.4415545308103402, 0.3202042831102932, 0.42315651692478357, 0.26394791450652294]}",-0.44999999999999923,0.0,0.0,-0.44999999999999923,context_split,global_downweight
778780,continuous_drift,"{""best_matched_comparator"": ""global_downweight"", ""generating_family_margin"": 0.04829340090528955, ""heldout_log_per_observation"": [-2.4497658783707763, -2.535963384356614, -2.4014724774654868, -2.4443668235320635, -4.396747537681045], ""matched_comparators"": [""global_downweight""], ""maximum_decomposition_error"": 1.4210854715202004e-14, ""preheldout_complexity_per_observation"": [0.3228195598665001, 0.41621298809628343, 0.3049090371014381, 0.41059786906075835, 0.24516978334912862]}",0.4499999999992039,0.0,0.0,0.4499999999992039,continuous_drift,continuous_drift
778781,context_split,"{""best_matched_comparator"": ""global_downweight"", ""generating_family_margin"": -0.030139740589260278, ""heldout_log_per_observation"": [-2.4453395517779954, -2.640546597537001, -2.4754792923672557, -2.506468404507201, -3.5827750421179676], ""matched_comparators"": [""global_downweight""], ""maximum_decomposition_error"": 1.4210854715202004e-14, ""preheldout_complexity_per_observation"": [0.40708417643264977, 0.49601583417718675, 0.42620026801852157, 0.5132859339217918, 0.22579868044879814]}",-0.44999999999997525,0.0,0.0,-0.44999999999997525,global_downweight,global_downweight
778782,context_split,"{""best_matched_comparator"": ""global_downweight"", ""generating_family_margin"": -0.020872853991666496, ""heldout_log_per_observation"": [-2.569834368081148, -2.662351941598442, -2.5907072220728145, -2.6828402547267274, -3.6362042683276528], ""matched_comparators"": [""global_downweight""], ""maximum_decomposition_error"": 1.4210854715202004e-14, ""preheldout_complexity_per_observation"": [0.36088096531998093, 0.4589530091359548, 0.32029258386862997, 0.4801536862197808, 0.23833969519643072]}",0.4499999736387603,0.0,0.0,0.4499999736387603,global_downweight,global_downweight
778783,context_split,"{""best_matched_comparator"": ""global_downweight"", ""generating_family_margin"": 0.4658969932265924, ""heldout_log_per_observation"": [-2.451810993279489, -2.452358169646889, -1.9859140000528965, -2.473801958786445, -3.382372680013514], ""matched_comparators"": [""global_downweight"", ""change_point""], ""maximum_decomposition_error"": 2.842170943040401e-14, ""preheldout_complexity_per_observation"": [0.3504690095589882, 0.4563372736345783, 0.34925487163255453, 0.46332545753514237, 0.35988548064109827]}",0.44999999999999996,0.0,0.0,0.44999999999999996,global_downweight,context_split
778784,context_split,"{""best_matched_comparator"": ""global_downweight"", ""generating_family_margin"": -0.331409540050684, ""heldout_log_per_observation"": [-2.407216339596731, -2.364708870706444, -2.738625879647415, -2.512140255410446, -2.6450180033388104], ""matched_comparators"": [""global_downweight""], ""maximum_decomposition_error"": 1.4210854715202004e-14, ""preheldout_complexity_per_observation"": [0.27878619224585577, 0.38293435483427546, 0.23540052240261147, 0.35412252218893614, 0.10804318055315809]}",0.44999999999999996,0.0,0.0,0.44999999999999996,continuous_drift,context_split
778785,context_split,"{""best_matched_comparator"": ""global_downweight"", ""generating_family_margin"": 0.32946623403541864, ""heldout_log_per_observation"": [-2.1436659267331706, -2.0004312387633334, -1.814199692697752, -1.905432760769738, -1.7168794621910441], ""matched_comparators"": [""global_downweight""], ""maximum_decomposition_error"": 2.842170943040401e-14, ""preheldout_complexity_per_observation"": [0.2757766107116874, 0.37771326483054984, 0.22622037447615861, 0.3779366756499356, 0.040367478534077995]}",0.4499999999992039,0.0,0.0,0.4499999999992039,context_split,context_split
778786,context_split,"{""best_matched_comparator"": null, ""generating_family_margin"": NaN, ""heldout_log_per_observation"": [-2.149034663284425, -1.9913926340161243, -1.8181496101517736, -1.9533944667778949, -1.733570886269109], ""matched_comparators"": [], ""maximum_decomposition_error"": 0.0, ""preheldout_complexity_per_observation"": [0.27597780353436, 0.38265858647856876, 0.22434746412692, 0.39054660877649283, 0.06513839115295007]}",0.44999999999999996,0.0,0.0,0.44999999999999996,context_split,context_split
778787,context_split,"{""best_matched_comparator"": ""cue_local_relearning"", ""generating_family_margin"": 0.29255325980794744, ""heldout_log_per_observation"": [-2.6490953950189366, -2.513228545899138, -2.2206752860911907, -2.4615547506264885, -2.249913525699869], ""matched_comparators"": [""cue_local_relearning""], ""maximum_decomposition_error"": 1.4210854715202004e-14, ""preheldout_complexity_per_observation"": [0.4148112013097544, 0.5142756150756974, 0.47618710541478393, 0.5368623833692063, 0.3573103878191291]}",-0.45,0.0,0.0,-0.45,cue_local_relearning,context_split
778788,context_split,"{""best_matched_comparator"": null, ""generating_family_margin"": NaN, ""heldout_log_per_observation"": [-2.7001554004456567, -2.551581481529017, -2.33903247901822, -2.5811474454979084, -2.6045508325176083], ""matched_comparators"": [], ""maximum_decomposition_error"": 2.842170943040401e-14, ""preheldout_complexity_per_observation"": [0.46854479057971193, 0.5714428671574516, 0.4068744216723838, 0.5791731475990485, 0.154080319202088]}",0.44999999999999996,0.0,0.0,0.44999999999999996,context_split,context_split
778789,change_point,"{""best_matched_comparator"": null, ""generating_family_margin"": NaN, ""heldout_log_per_observation"": [-2.578273637735361, -2.3800216331519763, -2.0574727176216676, -2.2648010197786137, -1.97877819952204], ""matched_comparators"": [], ""maximum_decomposition_error"": 2.842170943040401e-14, ""preheldout_complexity_per_observation"": [0.30362174837039585, 0.3952787773086621, 0.2251872085718956, 0.4056297087244168, 0.07559481197581906]}",0.4499999999744344,0.0,0.0,0.4499999999744344,change_point,context_split
778790,context_split,"{""best_matched_comparator"": ""global_downweight"", ""generating_family_margin"": 0.21409548953990765, ""heldout_log_per_observation"": [-1.8463443950400507, -1.996532228465461, -1.632248905500143, -1.8708243559590256, -1.5495947865111033], ""matched_comparators"": [""global_downweight""], ""maximum_decomposition_error"": 2.842170943040401e-14, ""preheldout_complexity_per_observation"": [0.324271959305023, 0.4171469826857634, 0.3390361247432441, 0.4163890911994114, 0.24221064724890642]}",0.44999999999999996,0.0,0.0,0.44999999999999996,change_point,global_downweight
778791,change_point,"{""best_matched_comparator"": ""global_downweight"", ""generating_family_margin"": 0.2269350897344209, ""heldout_log_per_observation"": [-1.678079079160744, -1.8079277703928867, -1.4511439894263232, -1.67972846160046, -1.39871724491298], ""matched_comparators"": [""global_downweight""], ""maximum_decomposition_error"": 2.842170943040401e-14, ""preheldout_complexity_per_observation"": [0.2906560747834848, 0.37616004130062186, 0.2674908229703522, 0.36981906163249767, 0.18885388123748256]}",-0.45,0.0,0.0,-0.45,change_point,global_downweight
778792,context_split,"{""best_matched_comparator"": ""change_point"", ""generating_family_margin"": 0.8037944961264891, ""heldout_log_per_observation"": [-2.2826088515002425, -2.3214923380421446, -2.0270402745083587, -2.4445446753164273, -2.830834770634848], ""matched_comparators"": [""change_point""], ""maximum_decomposition_error"": 2.842170943040401e-14, ""preheldout_complexity_per_observation"": [0.3756647804658428, 0.48365001391748336, 0.315441135702545, 0.4829522356594526, 0.29265426691607926]}",0.44999999999999996,0.0,0.0,0.44999999999999996,context_split,context_split
778793,context_split,"{""best_matched_comparator"": ""change_point"", ""generating_family_margin"": 0.34188560908672727, ""heldout_log_per_observation"": [-2.7527951971132936, -2.7214510292737515, -2.5625015214749833, -2.8820714600636155, -2.9043871305617106], ""matched_comparators"": [""change_point""], ""maximum_decomposition_error"": 2.842170943040401e-14, ""preheldout_complexity_per_observation"": [0.380298579449589, 0.4787156007638529, 0.3135511134987563, 0.4957638086160847, 0.28642871257567987]}",-0.44999999999999923,0.0,0.0,-0.44999999999999923,context_split,global_downweight
778794,context_split,"{""best_matched_comparator"": null, ""generating_family_margin"": NaN, ""heldout_log_per_observation"": [-2.0680976192237654, -2.0954639112867026, -1.9189469118732925, -2.086143680004292, -1.899728203409266], ""matched_comparators"": [], ""maximum_decomposition_error"": 1.4210854715202004e-14, ""preheldout_complexity_per_observation"": [0.2914347699881307, 0.38280790909731016, 0.1497370015256555, 0.34879241240744946, 0.0481531333732284]}",0.44999999999999996,0.0,0.0,0.44999999999999996,change_point,continuous_drift
778795,context_split,"{""best_matched_comparator"": null, ""generating_family_margin"": NaN, ""heldout_log_per_observation"": [-1.8556480276352332, -2.01970108350626, -1.65307529747931, -1.9356626917633921, -4.817233701931517], ""matched_comparators"": [], ""maximum_decomposition_error"": 2.842170943040401e-14, ""preheldout_complexity_per_observation"": [0.27839338985033146, 0.38260102481778574, 0.20848299661216108, 0.38677795950721877, 0.04276349073057165]}",0.44999999999999996,0.0,0.0,0.44999999999999996,context_split,continuous_drift
778796,change_point,"{""best_matched_comparator"": null, ""generating_family_margin"": NaN, ""heldout_log_per_observation"": [-2.5144335245770266, -2.445189138993304, -2.5286540027969657, -2.5572615111754544, -2.4845245717642763], ""matched_comparators"": [], ""maximum_decomposition_error"": 1.4210854715202004e-14, ""preheldout_complexity_per_observation"": [0.2785462462368489, 0.36706001222672485, 0.21141418173078322, 0.36609098280640434, 0.10384083075394261]}",0.4499999999999753,0.0,0.0,0.4499999999999753,cue_local_relearning,cue_local_relearning
778797,context_split,"{""best_matched_comparator"": ""global_downweight"", ""generating_family_margin"": 0.6012662473286268, ""heldout_log_per_observation"": [-2.3021858259342194, -2.0797774818309165, -1.7009195786055926, -1.901510882188263, -1.733570886269109], ""matched_comparators"": [""global_downweight""], ""maximum_decomposition_error"": 1.4210854715202004e-14, ""preheldout_complexity_per_observation"": [0.3141205417820944, 0.4188537497647315, 0.30048289103462783, 0.3875092878361492, 0.06509571277306991]}",0.44999999999999996,0.0,0.0,0.44999999999999996,context_split,context_split
778798,context_split,"{""best_matched_comparator"": ""global_downweight"", ""generating_family_margin"": 0.23906904139550633, ""heldout_log_per_observation"": [-2.1545855614907357, -2.277870480959141, -1.9155165200952293, -2.247639703486043, -2.427630209892019], ""matched_comparators"": [""global_downweight"", ""change_point""], ""maximum_decomposition_error"": 1.4210854715202004e-14, ""preheldout_complexity_per_observation"": [0.3750606273358256, 0.46631817719691315, 0.32967478230092967, 0.4694112261309258, 0.2963293410764087]}",0.4499999999999993,0.0,0.0,0.4499999999999993,global_downweight,global_downweight
778799,context_split,"{""best_matched_comparator"": ""global_downweight"", ""generating_family_margin"": 0.29076153240737046, ""heldout_log_per_observation"": [-2.1786429237638627, -2.0727323419732704, -1.8878813913564922, -2.1200887594531546, -1.8891829120400327], ""matched_comparators"": [""global_downweight""], ""maximum_decomposition_error"": 1.4210854715202004e-14, ""preheldout_complexity_per_observation"": [0.3582962516141594, 0.44977320076053945, 0.36896844452604777, 0.4693684045973567, 0.23480110667876888]}",0.44999999999999996,0.0,0.0,0.44999999999999996,cue_local_relearning,context_split
778800,context_split,"{""best_matched_comparator"": ""global_downweight"", ""generating_family_margin"": 0.11458885975666622, ""heldout_log_per_observation"": [-2.634549260347687, -2.645822294275363, -2.519960400591021, -2.754735105065752, -3.253637906916399], ""matched_comparators"": [""global_downweight""], ""maximum_decomposition_error"": 1.4210854715202004e-14, ""preheldout_complexity_per_observation"": [0.40938567131066805, 0.5097322767137596, 0.4497939164607387, 0.5047513708402247, 0.3186815743794421]}",0.4499999999999753,0.0,0.0,0.4499999999999753,context_split,global_downweight
778801,context_split,"{""best_matched_comparator"": ""change_point"", ""generating_family_margin"": -0.1934629513939745, ""heldout_log_per_observation"": [-2.0225203559454368, -1.957496167129662, -1.919211052674937, -2.07418664111452, -1.7257481012809626], ""matched_comparators"": [""global_downweight"", ""change_point""], ""maximum_decomposition_error"": 2.842170943040401e-14, ""preheldout_complexity_per_observation"": [0.3287950654270429, 0.42438718470498277, 0.3182530225863253, 0.42258465168425147, 0.3043046914996133]}",0.44999999999999996,0.0,0.0,0.44999999999999996,context_split,global_downweight
778802,context_split,"{""best_matched_comparator"": null, ""generating_family_margin"": NaN, ""heldout_log_per_observation"": [-2.707578817461261, -2.6365757772258194, -2.531842174239639, -2.710660324367103, -3.2850847273867902], ""matched_comparators"": [], ""maximum_decomposition_error"": 1.4210854715202004e-14, ""preheldout_complexity_per_observation"": [0.2113433682764687, 0.30367785762409455, 0.1449820940293831, 0.2632962665754592, 0.06828061226876223]}",-0.44999999999920387,0.0,0.0,-0.44999999999920387,context_split,context_split
778803,context_split,"{""best_matched_comparator"": null, ""generating_family_margin"": NaN, ""heldout_log_per_observation"": [-2.2806242813424786, -2.4452390162448365, -2.3684115429244663, -2.371867396543313, -3.820286894537384], ""matched_comparators"": [], ""maximum_decomposition_error"": 1.4210854715202004e-14, ""preheldout_complexity_per_observation"": [0.35049718933911533, 0.45034625021303026, 0.2949028963094854, 0.46118551451150225, 0.05037929343285368]}",-0.45,0.0,0.0,-0.45,global_downweight,global_downweight
778804,context_split,"{""best_matched_comparator"": ""global_downweight"", ""generating_family_margin"": 0.2999624231299718, ""heldout_log_per_observation"": [-2.521030074687575, -2.516962354119568, -2.221067651557603, -2.539588349140568, -2.8265521543874392], ""matched_comparators"": [""global_downweight""], ""maximum_decomposition_error"": 1.4210854715202004e-14, ""preheldout_complexity_per_observation"": [0.39755597725966035, 0.4924986875200275, 0.4104878337674849, 0.5158256022019904, 0.26925987129170725]}",-0.45,0.0,0.0,-0.45,cue_local_relearning,cue_local_relearning
778805,context_split,"{""best_matched_comparator"": ""global_downweight"", ""generating_family_margin"": 0.40855175159027457, ""heldout_log_per_observation"": [-2.6667702664135735, -2.5264152365459536, -2.258218514823299, -2.718976186857053, -2.700485446521844], ""matched_comparators"": [""global_downweight""], ""maximum_decomposition_error"": 2.842170943040401e-14, ""preheldout_complexity_per_observation"": [0.40427602643712324, 0.5062105651713633, 0.4462891675395076, 0.5126789165764208, 0.17921039980390283]}",0.44999999999999996,0.0,0.0,0.44999999999999996,context_split,global_downweight
778806,change_point,"{""best_matched_comparator"": ""global_downweight"", ""generating_family_margin"": 0.022490282241200532, ""heldout_log_per_observation"": [-2.3288326733994085, -2.3412967282581016, -2.306342391158208, -2.4032609681823525, -2.357698771669132], ""matched_comparators"": [""global_downweight""], ""maximum_decomposition_error"": 1.4210854715202004e-14, ""preheldout_complexity_per_observation"": [0.3529220538399885, 0.43863533920567366, 0.30616347422681484, 0.41734086283264177, 0.2279672062192116]}",0.44999999999999996,0.0,0.0,0.44999999999999996,change_point,global_downweight
778807,context_split,"{""best_matched_comparator"": ""global_downweight"", ""generating_family_margin"": 0.1320213363476519, ""heldout_log_per_observation"": [-2.6193189526275686, -2.4768329159953124, -2.4872976162799167, -2.5055030643225455, -2.376287621653992], ""matched_comparators"": [""global_downweight""], ""maximum_decomposition_error"": 1.4210854715202004e-14, ""preheldout_complexity_per_observation"": [0.3742485346199001, 0.4741417671861881, 0.34323740566022803, 0.46954192500171876, 0.21019051839819156]}",-0.44999999999920387,0.0,0.0,-0.44999999999920387,context_split,context_split
778808,context_split,"{""best_matched_comparator"": ""change_point"", ""generating_family_margin"": -0.10210793771339421, ""heldout_log_per_observation"": [-1.986462477531112, -2.032542592426358, -1.9300304102424013, -2.097983561550663, -1.827922472529007], ""matched_comparators"": [""global_downweight"", ""change_point""], ""maximum_decomposition_error"": 1.4210854715202004e-14, ""preheldout_complexity_per_observation"": [0.35728693975551756, 0.45748142632193906, 0.3837629492087184, 0.46380891064964985, 0.3746902604918094]}",0.44999999999999996,0.0,0.0,0.44999999999999996,context_split,global_downweight
778809,change_point,"{""best_matched_comparator"": null, ""generating_family_margin"": NaN, ""heldout_log_per_observation"": [-2.323892002401534, -2.1398373429287734, -1.9211810547067278, -2.128129077362855, -1.8673760627317852], ""matched_comparators"": [], ""maximum_decomposition_error"": 1.4210854715202004e-14, ""preheldout_complexity_per_observation"": [0.2816662774823651, 0.38220207384508004, 0.14845786812745967, 0.3880469372402298, 0.07187679116886955]}",-0.44999999999920387,0.0,0.0,-0.44999999999920387,context_split,context_split
778810,change_point,"{""best_matched_comparator"": null, ""generating_family_margin"": NaN, ""heldout_log_per_observation"": [-2.15284066602472, -2.2811199897713754, -1.9258558952414608, -2.11312150469894, -1.8957259318226365], ""matched_comparators"": [], ""maximum_decomposition_error"": 1.4210854715202004e-14, ""preheldout_complexity_per_observation"": [0.28654427614791095, 0.3862033660179973, 0.21544873109869941, 0.40765169735768564, 0.14640399332290258]}",0.44999999999999996,0.0,0.0,0.44999999999999996,change_point,global_downweight
778811,context_split,"{""best_matched_comparator"": ""global_downweight"", ""generating_family_margin"": 0.5917056607757525, ""heldout_log_per_observation"": [-2.108297189323734, -1.8744357856631355, -1.5165915285479814, -1.8466304320569913, -1.3029345468487978], ""matched_comparators"": [""global_downweight""], ""maximum_decomposition_error"": 2.842170943040401e-14, ""preheldout_complexity_per_observation"": [0.410289859148933, 0.5027230398466666, 0.3786281452954241, 0.5225548155527682, 0.24897547519628338]}",0.44999999999999996,0.0,0.0,0.44999999999999996,context_split,change_point
778812,context_split,"{""best_matched_comparator"": ""global_downweight"", ""generating_family_margin"": 0.3062864019185563, ""heldout_log_per_observation"": [-2.4678988545283325, -2.309066053895604, -2.161612452609776, -2.185458877179639, -2.91516414872361], ""matched_comparators"": [""global_downweight""], ""maximum_decomposition_error"": 1.4210854715202004e-14, ""preheldout_complexity_per_observation"": [0.36210914560712065, 0.4567767805949949, 0.3599144443230502, 0.4663518569772413, 0.040766245069089276]}",0.4499999999992039,0.0,0.0,0.4499999999992039,continuous_drift,context_split
778813,context_split,"{""best_matched_comparator"": ""global_downweight"", ""generating_family_margin"": 0.3028940862001184, ""heldout_log_per_observation"": [-2.304870539292441, -2.1963031769876036, -2.0019764530923227, -2.3004225240179696, -2.146575090420172], ""matched_comparators"": [""global_downweight""], ""maximum_decomposition_error"": 1.4210854715202004e-14, ""preheldout_complexity_per_observation"": [0.3658757348823387, 0.4648752664801504, 0.34791916154040153, 0.4583651923167796, 0.07358572571944264]}",-0.45,0.0,0.0,-0.45,context_split,context_split
778814,global_downweight,"{""best_matched_comparator"": ""global_downweight"", ""generating_family_margin"": 0.19151352169663216, ""heldout_log_per_observation"": [-2.396417114351152, -2.3248287422194176, -2.20490359265452, -2.3367113906804793, -2.2139496530559484], ""matched_comparators"": [""global_downweight""], ""maximum_decomposition_error"": 1.4210854715202004e-14, ""preheldout_complexity_per_observation"": [0.3464874050434805, 0.44740954668184946, 0.29980069597330733, 0.4641097118817831, 0.10404081792180365]}",-0.44999999999999923,0.0,0.0,-0.44999999999999923,global_downweight,global_downweight
778815,context_split,"{""best_matched_comparator"": ""global_downweight"", ""generating_family_margin"": 0.116261070332774, ""heldout_log_per_observation"": [-2.670004578309481, -2.582196113093625, -2.553743507976707, -2.7580743851500626, -3.192136664511408], ""matched_comparators"": [""global_downweight""], ""maximum_decomposition_error"": 1.4210854715202004e-14, ""preheldout_complexity_per_observation"": [0.35732574623821706, 0.45877668145416567, 0.3085166400972136, 0.45313232832552064, 0.15861613920833567]}",0.4499999999999993,0.0,0.0,0.4499999999999993,global_downweight,global_downweight
778816,context_split,"{""best_matched_comparator"": ""global_downweight"", ""generating_family_margin"": 0.1757064158074142, ""heldout_log_per_observation"": [-2.0617895331008773, -2.109235576942498, -1.8860831172934631, -2.1533392357630667, -2.896504180015091], ""matched_comparators"": [""global_downweight""], ""maximum_decomposition_error"": 0.0, ""preheldout_complexity_per_observation"": [0.4561881225190751, 0.5508337216574022, 0.4705367236853732, 0.5524987101426188, 0.06370090041483245]}",0.44999999999999996,0.0,0.0,0.44999999999999996,cue_local_relearning,change_point
778817,context_split,"{""best_matched_comparator"": ""global_downweight"", ""generating_family_margin"": 0.03835685933951183, ""heldout_log_per_observation"": [-1.8889513415927173, -1.8035454897201886, -1.8505944822532054, -1.9397621838601857, -1.719456873091386], ""matched_comparators"": [""global_downweight""], ""maximum_decomposition_error"": 2.842170943040401e-14, ""preheldout_complexity_per_observation"": [0.3856172924592607, 0.4893201855208551, 0.3708053633952731, 0.4941932767204758, 0.03006444771013633]}",-0.45,0.0,0.0,-0.45,context_split,context_split
778818,context_split,"{""best_matched_comparator"": ""global_downweight"", ""generating_family_margin"": 0.08626614966361679, ""heldout_log_per_observation"": [-1.796843360460051, -1.8624137144730204, -1.7105772107964343, -1.9028688377610248, -1.6540552134532431], ""matched_comparators"": [""global_downweight""], ""maximum_decomposition_error"": 2.842170943040401e-14, ""preheldout_complexity_per_observation"": [0.2641757729270576, 0.3619708249421798, 0.2550516689807915, 0.3494146365824398, 0.17156481989211456]}",0.44999999999999996,0.0,0.0,0.44999999999999996,context_split,global_downweight
778819,context_split,"{""best_matched_comparator"": ""continuous_drift"", ""generating_family_margin"": 0.04968065460851001, ""heldout_log_per_observation"": [-2.4454876833173778, -2.5041449139574246, -2.3820059323442893, -2.4316865869527993, -2.909420330876067], ""matched_comparators"": [""cue_local_relearning"", ""continuous_drift""], ""maximum_decomposition_error"": 1.4210854715202004e-14, ""preheldout_complexity_per_observation"": [0.3434863382480433, 0.4382658732797294, 0.455035832920967, 0.4344752824285698, 0.2160456136602856]}",0.4499999999999753,0.0,0.0,0.4499999999999753,continuous_drift,continuous_drift
