mapping,seed,trial,true_depth,noiseless_external_load,observed_external_load,state_depth,capture,class
theory,11,1,0.9,0.009499999999999995,0.0,0.88327233684608,0.19775048820227953,self
theory,11,2,0.8440358449100248,0.02310857678928334,0.03828450167170662,0.9026760903901785,0.1920851779466226,self
theory,11,3,0.8097768850548566,0.03437559178646159,0.04428725535821354,0.9188543390160158,0.18620620941620958,self
theory,11,4,0.7719731220668627,0.04939644420693718,0.03470730320816509,0.9323432615589949,0.1806736966622572,self
theory,11,5,0.7229888046309006,0.07289844224182646,0.05691378334963286,0.9435899073226107,0.17572389847725184,self
theory,11,6,0.6777677493734446,0.09864194217666243,0.10475422085781959,0.9529670121676592,0.17142248138130498,self
theory,11,7,0.6246056776059712,0.1338748524213884,0.12979545235025233,0.9607853517084579,0.1677500590122041,self
theory,11,8,0.5755580110749413,0.17114345186452667,0.176619995429353,0.9673040410251817,0.16464903793470242,self
theory,11,9,0.5222379393905167,0.21684375722992863,0.21669758799018954,0.9727391222449501,0.16204855288019268,self
theory,11,10,0.46715662857294005,0.269725955550068,0.2603455968188007,0.9772707246009167,0.15987714434821965,self
theory,11,11,0.4276281509734734,0.3112290568801427,0.32569517147762955,0.9810490342677366,0.15806869479299065,self
theory,11,12,0.39227470862993175,0.3508635282822926,0.36118677816281963,0.9841992718254492,0.15656474930258407,self
theory,11,13,0.35650604825148396,0.3933802426400755,0.39084515046164026,0.9868258423146742,0.15531497227719795,self
theory,11,14,0.30372693554614233,0.4605563712697676,0.45621875748163015,0.9890157954240761,0.16044055212014385,self
theory,11,15,0.25051538270904705,0.5336408319779778,0.534787128016854,0.9908417104874844,0.1717441885003753,self
theory,11,16,0.19388089170464584,0.617336615920952,0.6127044972937268,0.9923641019051215,0.18737980404507137,self
theory,11,17,0.1374429444589351,0.7068044403604881,0.7071377215046524,0.9794059880161508,0.20895921096355616,self
theory,11,18,0.0844555932259997,0.7963104827363983,0.7868258025006597,0.9355340116032268,0.23888878020635423,self
theory,11,19,0.11518016674306182,0.743760830458594,0.751479074190506,0.8842351554741121,0.2687785532101428,self
theory,11,20,0.1776294756265348,0.6424786153903735,0.6319023527853685,0.8476956558036256,0.2887485327229846,self
theory,11,21,0.2247616197467229,0.5709448189068383,0.5709451419571688,0.8170627097969716,0.3049622147399283,self
theory,11,22,0.2814944053714036,0.49043777503696323,0.5099296085689986,0.7945605691512075,0.3164553665453033,self
theory,11,23,0.3390791943706362,0.41497549574807896,0.4161189005195416,0.7905635862509053,0.3168948932017336,self
theory,11,24,0.38541531560773373,0.3588286175750644,0.37022585625636745,0.7976333389325184,0.3112465653189787,self
theory,11,25,0.4523496106835623,0.2849249014725235,0.2925518266915591,0.8261428740038846,0.293209307227486,self
theory,11,26,0.5061083761885219,0.23173248926758166,0.22427750556298684,0.8550433139986916,0.26433754270950016,self
theory,11,27,0.5634925016690544,0.18101185629418345,0.18953593795017148,0.8791396056037909,0.23533727184191192,self
theory,11,28,0.6101849995120163,0.14435794787517436,0.15791824971077448,0.8992303471019241,0.21483181705584534,self
theory,11,29,0.6795252331748379,0.09756887236305989,0.09954483178460467,0.9159813850026854,0.2000850325426303,self
theory,11,30,0.7345807345375027,0.06692501715471902,0.05963687560580491,0.9299478814995327,0.18923287681423417,self
theory,11,31,0.7694608693440443,0.0504908762254236,0.057405195944301136,0.9415927136318497,0.18107526360343823,self
theory,11,32,0.8031633827192354,0.036807421207407494,0.013869074124912752,0.9513018139363144,0.17482604489676115,self
theory,11,33,0.853179449844168,0.020478460250658106,0.028143468694323437,0.9593969610067942,0.16996007579447495,self
theory,11,34,0.9034422254746931,0.008857233630216005,0.010274845076267086,0.9661464438669686,0.16611900201280738,self
theory,11,35,0.8852417229768922,0.012510989038046736,0.0,0.9717739535938655,0.1630527301149706,self
theory,11,36,0.8511724795204924,0.021042149309474355,0.03478483660514402,0.9764659968781273,0.16058269715002974,self
theory,11,37,0.8181222582764756,0.03142553728772661,0.04172915987977457,0.9803780772209053,0.1585785433140209,self
theory,11,38,0.7689431188347724,0.050717918217112,0.04455368610647817,0.9836398486243543,0.15694308815722616,self
theory,11,39,0.6941016174708357,0.088895129412261,0.08658588749203022,0.9863594125791177,0.1556024978478129,self
theory,11,40,0.6461749372773553,0.11893256626014927,0.11782917125218538,0.9886269007593833,0.15449973263490768,self
theory,11,41,0.5935831990986442,0.15691588525214767,0.16226276696813033,0.9905174621630372,0.1535900932257064,self
theory,11,42,0.5380321869467737,0.20274354728232163,0.21743267053301962,0.9920937536965907,0.15283812980076356,self
theory,11,43,0.5051368996607788,0.2326450136734788,0.23584990841973108,0.9934080167477408,0.15221545030439498,self
theory,11,44,0.4476262312167603,0.28986094141781,0.2911358917105768,0.9945038085672429,0.15169913308763497,self
theory,11,45,0.4132528502432776,0.32705860686025573,0.3154687058899051,0.9954174458414833,0.15127055372387713,self
theory,11,46,0.3796251594201798,0.3656216956832154,0.344864432106764,0.9961792082985719,0.15091450152477806,self
theory,11,47,0.3238354125203873,0.4343386218934011,0.43570038816632084,0.9968143422378172,0.15330383911208134,self
theory,11,48,0.26709937723577104,0.5102861567057849,0.5048778390948109,0.9973438972415162,0.16194295265524955,self
theory,11,49,0.20283028036558567,0.6037055838069102,0.6121516579265034,0.997785423799325,0.17900099903305358,self
theory,11,50,0.1385391543435232,0.7050090491692134,0.71060737760812,0.9883105514475002,0.2017512864444309,self
theory,11,51,0.11577645934768228,0.7427587063515348,0.7427067066870207,0.9596387970569276,0.22527131433497774,self
theory,11,52,0.0928278326591155,0.7818132741380598,0.775346741021951,0.9099380988417715,0.2550352774856785,self
theory,11,53,0.14971980298694879,0.6868275927609255,0.6981067231696271,0.8637680352554156,0.2806368999712576,self
theory,11,54,0.2107810157641481,0.5917232748243564,0.6085966491206701,0.8275166441278845,0.29991845572761894,self
theory,11,55,0.24651762689136095,0.5393489022561551,0.542040421699051,0.7992298827289493,0.3145942739445665,self
theory,11,56,0.3093232540535665,0.4531826490215966,0.4732265873733634,0.7818955169132349,0.32297195691382413,self
theory,11,57,0.3786199814755817,0.36680747105033606,0.36146939135858047,0.7888476784237123,0.3166687772893373,self
theory,11,58,0.43537863266020854,0.302857424033823,0.32171352301323397,0.8079584834183102,0.3040157138630364,self
theory,11,59,0.4835383879340054,0.2533959669009156,0.24618307972376213,0.8398817324348898,0.27888414622409563,self
theory,11,60,0.5407848614696285,0.20033461628269492,0.20520039844888502,0.8664983485633614,0.2489563895667172,self
theory,11,61,0.5705907858985734,0.1751726594974446,0.1867291807522401,0.8886904585758001,0.2245713546745361,self
theory,11,62,0.6217483653357171,0.13592058416989203,0.15564233161638347,0.9071935524487049,0.20721117424537203,self
theory,11,63,0.687410780065185,0.09282641939848335,0.10452947181624311,0.9226208589408607,0.19455942259155054,self
theory,11,64,0.7376530794212843,0.0653846114002782,0.056720385137502105,0.9354836691950652,0.1851340074382856,self
theory,11,65,0.8059902146961251,0.035757806953972855,0.028591918330142768,0.9462082819276765,0.17797105716341013,self
theory,11,66,0.8735219846514565,0.015196853948181089,0.019335913971395693,0.9551501318027371,0.1724319773165927,self
theory,11,67,0.9022519505183496,0.009076947118593814,0.0,0.9626055692326585,0.16808490674472612,self
theory,11,68,0.8449642077775339,0.022834292026545296,0.01094162989755286,0.9688216820111227,0.16463131023144498,self
theory,11,69,0.7970079859276497,0.03914546988829181,0.04414478019303708,0.9740044842863466,0.16186009342554344,self
theory,11,70,0.7694438496146161,0.05049833155650137,0.04750190498559875,0.9783257442733159,0.15961860020553642,self
theory,11,71,0.7132284909969787,0.07812600345707642,0.10055051075972136,0.9819286769887406,0.15779403959628296,self
theory,11,72,0.6794579535996218,0.0976098433350151,0.11025210081006555,0.9849326906771145,0.15630141035065712,self
theory,23,1,0.9,0.009499999999999995,0.019939732158617485,0.88327233684608,0.19775048820227953,self
theory,23,2,0.8347294928740546,0.025948623499383802,0.009261213285468757,0.9026760903901785,0.1920851779466226,self
theory,23,3,0.7846736734932082,0.04404715554256405,0.04641570416684362,0.9188543390160158,0.18620620941620958,self
theory,23,4,0.7424294823035023,0.06302544300711976,0.06504449539558842,0.9323432615589949,0.1806736966622572,self
theory,23,5,0.7047475856999532,0.08281528874250614,0.10019989296488246,0.9435899073226107,0.17572389847725184,self
theory,23,6,0.676944043432218,0.0991468935202284,0.08733841802459656,0.9529670121676592,0.17142248138130498,self
theory,23,7,0.6192217579225247,0.1377424661576318,0.13485870075946632,0.9607853517084579,0.1677500590122041,self
theory,23,8,0.5541374812725678,0.18885371632567136,0.18121805623991527,0.9673040410251817,0.16464903793470242,self
theory,23,9,0.48482523634201363,0.25213478525455907,0.25561489706022433,0.9727391222449501,0.16204855288019268,self
theory,23,10,0.40730325578890836,0.3337249590685068,0.3553456709503584,0.9772707246009167,0.15987714434821965,self
theory,23,11,0.39168363472205586,0.35154636025172076,0.3544745548620046,0.9810490342677366,0.15806869479299065,self
theory,23,12,0.33174838190571426,0.42423221383134946,0.4511478773447498,0.9841992718254492,0.16305756755068918,self
theory,23,13,0.27374896612091326,0.5010685359999203,0.49723800737929774,0.9868258423146742,0.1706746886147132,self
theory,23,14,0.2180190188989923,0.5809195420635097,0.5864775837608203,0.9890157954240761,0.1848034254054085,self
theory,23,15,0.15179666324765972,0.6834764554539138,0.676011894523937,0.9846785908654709,0.2039628919643815,self
theory,23,16,0.08561077193911883,0.7943022773740854,0.7729452940194623,0.9469978436856994,0.23188039186253956,self
theory,23,17,0.14242140337966494,0.6986689969122382,0.6995809224512852,0.9124987495901256,0.25328648912788543,self
theory,23,18,0.19359665314063657,0.6177720399346835,0.6035196235454683,0.8908393691494577,0.2654270796675138,self
theory,23,19,0.2631891055296165,0.5157457794997342,0.5350190137044258,0.880167506606743,0.2706367496641745,self
theory,23,20,0.3126653927470259,0.44880741921122,0.4369938933615309,0.8913773651593561,0.26333022731983996,self
theory,23,21,0.3687947299111851,0.37849908833849905,0.37216267374185025,0.9094338119245005,0.24691121356981044,self
theory,23,22,0.4178894724876034,0.32191003292872256,0.3167086799809058,0.9244887178942037,0.2250185198794447,self
theory,23,23,0.4857285203994788,0.25125139699398386,0.24423682148647205,0.9370410321288142,0.20288919997644553,self
theory,23,24,0.5358905550028429,0.20462769808879075,0.20079645045676198,0.9475067628986696,0.18826579170687663,self
theory,23,25,0.590323376103597,0.15944318935879712,0.17414377900292452,0.9562327650126933,0.17835486002940118,self
theory,23,26,0.6545755549894772,0.11335214485028632,0.12612209192263274,0.9635082352658799,0.17145360230362336,self
theory,23,27,0.695953688525413,0.08782195154523653,0.07361129955546646,0.9695742969873109,0.16651417903216345,self
theory,23,28,0.7502785124837039,0.059242780260984035,0.0461113179014048,0.974631991339383,0.16288397710663854,self
theory,23,29,0.8218038853653794,0.030166162507331097,0.022460614004445215,0.9788489402155556,0.16015037885564656,self
theory,23,30,0.8947502921462889,0.010523625953126964,0.008606682827054658,0.9823649015580924,0.15804769141427935,self
theory,23,31,0.8969561772497963,0.010087127936626635,0.009876706148512304,0.9852964012099056,0.15640111202468038,self
theory,23,32,0.8503998515973931,0.021261194181977916,0.034291370572615006,0.9877405948091391,0.1550928079646194,self
theory,23,33,0.8030528012405783,0.036848789144223994,0.05449576051875234,0.9897784877172412,0.15404123858944593,self
theory,23,34,0.7644562179304053,0.05270682960806628,0.04547307753392745,0.9914776196952463,0.1531884355912925,self
theory,23,35,0.6977940168755962,0.08676203342437808,0.10552654844732219,0.9928943033036935,0.1524920885701201,self
theory,23,36,0.6177107144194797,0.13883784297618137,0.12312116701935057,0.9940754902111402,0.15192054986380962,self
theory,23,37,0.5295969647790022,0.2102150647678709,0.21618165062745442,0.9950603272643848,0.1514496267797265,self
theory,23,38,0.46970989611058306,0.2671472145688962,0.26830213346845616,0.9958814538916179,0.15106047916434698,self
theory,23,39,0.39341235648867484,0.34955114079759125,0.33828373930112404,0.9965660838369778,0.15073820910524038,self
theory,23,40,0.3460941210219928,0.4062132536339002,0.3937602801481323,0.9971369070773138,0.15047089072696973,self
theory,23,41,0.2675794499695764,0.5096178690015248,0.5215910306418765,0.997612841812445,0.1616443176508689,self
theory,23,42,0.20485273946432112,0.600646207640525,0.5850499321967141,0.9980096614513426,0.1758914911408981,self
theory,23,43,0.14482083778293972,0.6947648295157594,0.6851937709754439,0.9958670833491525,0.196249793798457,self
theory,23,44,0.09142547312649535,0.784232287339242,0.8100968925187195,0.9533658515830685,0.22785718027374496,self
theory,23,45,0.13628245802939545,0.7087075926923558,0.7169318907513844,0.916710750162437,0.2508770725487977,self
theory,23,46,0.18253225061513834,0.6348408452201334,0.6409838806320166,0.8869153013064063,0.2677055913440613,self
theory,23,47,0.23451732565106012,0.5566655384919849,0.5473502477379458,0.8720462702461461,0.2751397636334018,self
theory,23,48,0.2985298060679712,0.46745741132628615,0.47633452099746576,0.871225486001878,0.27444440247654833,self
theory,23,49,0.35268629431128556,0.39806428189383275,0.41720464350572706,0.8853976342583367,0.2656269168129681,self
theory,23,50,0.41100882189204024,0.3295650774945522,0.33828250197631077,0.904448097536177,0.24583316610556383,self
theory,23,51,0.4655808829031603,0.2713236030826374,0.2714536635028911,0.9203317836820476,0.2201105083354191,self
theory,23,52,0.5149457443428102,0.22351374938459295,0.22018503078796797,0.9335751091540316,0.20051138461025705,self
theory,23,53,0.5635819311570512,0.1809376942719783,0.19602091823668527,0.9446169836878279,0.18728780043267282,self
theory,23,54,0.6273636752410541,0.13191493900336188,0.1294745267377911,0.9538233566247479,0.17812725797563272,self
theory,23,55,0.687870095372919,0.09255382349438515,0.10554717148775737,0.961499345189392,0.17160721549236418,self
theory,23,56,0.7447940579132486,0.06187356923256699,0.05536070591599097,0.9678993466718714,0.16684244061267275,self
theory,23,57,0.8166809661768878,0.03192557475374739,0.007501355833505457,0.9732354696520961,0.16327408872044466,self
theory,23,58,0.8650447327915609,0.017302277939936134,0.023026775656414523,0.9776845636934071,0.16054314359677876,self
theory,23,59,0.8980027647428009,0.00988326420010679,0.01142207044022815,0.9813940804833662,0.158414163939333,self
theory,23,60,0.8478894548140622,0.021980737058925063,0.03365340738442929,0.9844869606713816,0.15672909487395875,self
theory,23,61,0.7612431315252647,0.05415460013166896,0.06656938337654061,0.9870657083625395,0.1553790988738604,self
theory,23,62,0.7082777136442961,0.08084679773876931,0.08642629123384976,0.9892157883043424,0.15428722598054298,self
theory,23,63,0.6604380418778963,0.10953720723353141,0.12118400905584945,0.9910084583557766,0.15339763471755236,self
theory,23,64,0.6020794744033219,0.15042370745657974,0.1481492114533091,0.9925031311122761,0.15266879557565624,self
theory,23,65,0.5508334220728276,0.1916630839904663,0.18672607967897764,0.9937493429554619,0.15206913421085644,self
theory,23,66,0.4770506490439845,0.2598022224820519,0.2860058782708067,0.9947883957858177,0.15157418360972374,self
theory,23,67,0.4266076799115451,0.3123398150996001,0.31490399010091386,0.9956547258485384,0.15116468078252163,self
theory,23,68,0.3664023401962762,0.3813736947833176,0.37326190731221953,0.9963770450181197,0.15082526339747843,self
theory,23,69,0.29985464367306586,0.4656933439868612,0.47614481461750613,0.9969792923660948,0.15735332392405607,self
theory,23,70,0.23421929270693387,0.5570990870791551,0.5570891002259978,0.997481427548736,0.1701411068725573,self
theory,23,71,0.1723163573555024,0.6508072016862011,0.6445841682940446,0.9979000923091437,0.1880556428326993,self
theory,23,72,0.14253678051082855,0.6984810141378982,0.6865745112476321,0.9905788190717106,0.20531295550728823,self
theory,37,1,0.9,0.009499999999999995,0.020217744751246894,0.88327233684608,0.19775048820227953,self
theory,37,2,0.8614547335470678,0.01823505131368828,0.030111287888294053,0.9026760903901785,0.1920851779466226,self
theory,37,3,0.8025898298078601,0.037022236530525165,0.028681101263061212,0.9188543390160158,0.18620620941620958,self
theory,37,4,0.7735805216603897,0.04870249116300219,0.05608279385250711,0.9323432615589949,0.1806736966622572,self
theory,37,5,0.7252125295169308,0.07173274623775942,0.05352684297892236,0.9435899073226107,0.17572389847725184,self
theory,37,6,0.6680256603159672,0.10469661409821711,0.1182575564464197,0.9529670121676592,0.17142248138130498,self
theory,37,7,0.5991585790163468,0.15264015253738453,0.18160482171519113,0.9607853517084579,0.1677500590122041,self
theory,37,8,0.5196481454517673,0.21920100895953015,0.2377524782360489,0.9673040410251817,0.16464903793470242,self
theory,37,9,0.4546183478327371,0.28256908919465873,0.3151937915383731,0.9727391222449501,0.16204855288019268,self
theory,37,10,0.3941022028137269,0.34875653360341924,0.33384569700268746,0.9772707246009167,0.15987714434821965,self
theory,37,11,0.34022137262921864,0.41354244527850864,0.40182331632434126,0.9810490342677366,0.15992722885044494,self
theory,37,12,0.28120944858864694,0.49082686395832514,0.4683588821744769,0.9841992718254492,0.16615639242540203,self
theory,37,13,0.2138659422937347,0.5871064188514318,0.5910369194359114,0.9868258423146742,0.18277909842647005,self
theory,37,14,0.15560182597636904,0.67735786247972,0.7018792518350493,0.9765000410123003,0.20641730085941265,self
theory,37,15,0.09617490615142184,0.7760548102568714,0.7759824465837803,0.9361085184313418,0.23642757550560067,self
theory,37,16,0.12168911599441462,0.7328585085145392,0.7286653999607474,0.8915317376051806,0.2637017858388423,self
theory,37,17,0.17866661032610273,0.6408591101435532,0.6365483699117406,0.8561779680395881,0.2836215410313758,self
theory,37,18,0.24823156462217477,0.5368979914089022,0.5482578649105664,0.8334336743263957,0.29549961227622706,self
theory,37,19,0.29097892963162,0.47757533431500715,0.47959995756702445,0.8224162442245185,0.30041350419407253,self
theory,37,20,0.34335076130983994,0.4096288115387485,0.41498570760723535,0.8252388048836043,0.2973495957434137,self
theory,37,21,0.4123462725848055,0.32807005817772317,0.33241753668790247,0.849812401381737,0.2819134418643697,self
theory,37,22,0.4943257183458274,0.24292115517014032,0.21883188150679933,0.8747782327042233,0.25049793979329926,self
theory,37,23,0.5430733478554356,0.19834286716803778,0.20151054003271435,0.8955939694825716,0.22436750150562787,self
theory,37,24,0.6098754918239079,0.14458727528565588,0.14207077402365312,0.9129494859894551,0.20618852431956528,self
theory,37,25,0.6647521705111511,0.10677155181813508,0.1197467894957995,0.927419978022868,0.19322167460807393,self
theory,37,26,0.7192571450479898,0.07487572307627519,0.09724197136364786,0.939485026021066,0.18374490666953747,self
theory,37,27,0.7570708855516685,0.056063826914318035,0.05081664841521865,0.9495444892972769,0.17666002079868226,self
theory,37,28,0.8267681704833498,0.02850880341980146,0.03436265201763048,0.9579317581602396,0.1712546957157098,self
theory,37,29,0.8681274285453532,0.016520856346957883,0.015206469014062168,0.9649248031217914,0.1670578205614409,self
theory,37,30,0.9045798730050765,0.008649750603940966,0.0018273109505275234,0.9707553873838789,0.1637509959090029,self
theory,37,31,0.8742374800670578,0.015025400848889495,0.03874117745455233,0.9756167479248468,0.1611139799837722,self
theory,37,32,0.8146542827985392,0.032635383140677675,0.03577925129385792,0.9796699997512458,0.15899074447249814,self
theory,37,33,0.7520096284855574,0.05842426314567769,0.07360350867002143,0.9830494755646021,0.1572681138618538,self
theory,37,34,0.7016416444991976,0.084566822882286,0.0856908404037101,0.9858671778101613,0.1558621406828159,self
theory,37,35,0.6427625455691427,0.12123766890582689,0.11478084003475911,0.9882164906572162,0.15470927630426223,self
theory,37,36,0.5944464546123429,0.1562499942676735,0.17013723085649834,0.9901752749333176,0.15376054461607047,self
theory,37,37,0.5444037977770688,0.1971895045059601,0.1847512956946136,0.9918084485845459,0.152977618861139,self
theory,37,38,0.47638224079079866,0.26046677987130185,0.2757729035251489,0.993170138183349,0.15233012188031742,self
theory,37,39,0.4296613373626284,0.30902188059403635,0.30656846639259316,0.9943054727891295,0.1517937258229191,self
theory,37,40,0.38491847200024193,0.35940902178219136,0.378100551915561,0.9952520796136334,0.15134878404231938,self
theory,37,41,0.34349435070262996,0.40944968418139327,0.404683717790386,0.9960413310604183,0.15097932450910928,self
theory,37,42,0.258132147239318,0.5228495154117576,0.5293532358075653,0.996699384467733,0.16304663598489616,self
theory,37,43,0.2060196945722741,0.5988844891367496,0.599431508323325,0.997248049013921,0.178581712114536,self
theory,37,44,0.14673032609935452,0.691665679578588,0.6743933904414438,0.9962201535373756,0.19711928401230397,self
theory,37,45,0.08990256780268127,0.7868634692875456,0.7762753607286634,0.961955934272839,0.22400419366176128,self
theory,37,46,0.13102017512309133,0.7173696392409478,0.72552899656576,0.9255286663343611,0.24676534274413905,self
theory,37,47,0.18119765173651983,0.6369154212457,0.6263974779033599,0.9016847179996784,0.2601979813784434,self
theory,37,48,0.24258578135913245,0.544992483669388,0.5331851302918292,0.8942119797595477,0.2635888479352787,self
theory,37,49,0.3211446356827783,0.4378023753791544,0.44305505138711054,0.9075202029423127,0.255367285092459,self
theory,37,50,0.3800058488630972,0.3651731100717702,0.3467654552322418,0.9228932100036243,0.23474488632973092,self
theory,37,51,0.4175234490510392,0.3223149857851274,0.31782650200305895,0.9357107470744501,0.21385781234420456,self
theory,37,52,0.46605742841894704,0.27083993625925845,0.2625326926943964,0.9463976124292088,0.19490712115566727,self
theory,37,53,0.5172692092619389,0.22137756551026405,0.22834158079900724,0.9553079897099345,0.18241132023292325,self
theory,37,54,0.583482194855319,0.16481272790241527,0.15988184260770605,0.9627371862656408,0.17395973849445936,self
theory,37,55,0.6594000326677874,0.1102079208593691,0.1221247095167895,0.9689314202160604,0.16808536637032895,self
theory,37,56,0.721420323166203,0.07372630452758165,0.07407184394127718,0.9740959806022116,0.16388716876793272,self
theory,37,57,0.7694789433430591,0.05048295968412092,0.06584879454091395,0.9784020310671596,0.16080513393465176,self
theory,37,58,0.8225893514958063,0.029900811292544655,0.026381594328278246,0.9819922825542755,0.15848598278057424,self
theory,37,59,0.8824597876496421,0.013124916443398875,0.0,0.9849857230273178,0.1567027574459822,self
theory,37,60,0.8958630119349679,0.010302286669093812,0.007427133963239035,0.987481560964522,0.15530648022272406,self
theory,37,61,0.8536640908553942,0.02034348838991941,0.03597811623726495,0.9895625133218132,0.15419694032229553,self
theory,37,62,0.8042344098432718,0.036407957974941486,0.053492975604405024,0.9912975469346792,0.15330491929766873,self
theory,37,63,0.7486944732877662,0.05999674436830761,0.04937057043511918,0.9927441642141316,0.1525812805258339,self
theory,37,64,0.7205138220683317,0.07420689747210954,0.049877670226546725,0.9939503088891928,0.15199019624094398,self
theory,37,65,0.666725176062811,0.1055185028568461,0.10428958425808754,0.994955954955946,0.1515048832980376,self
theory,37,66,0.6078524742349564,0.14609069786546328,0.15950042739329823,0.9957944314940319,0.15110487166641573,self
theory,37,67,0.5350124561486449,0.20540274514007006,0.2002547700969988,0.9964935272576044,0.15077421852837353,self
theory,37,68,0.4687847410203458,0.26808016880417995,0.29268511158553134,0.9970764116490517,0.15050031299048702,self
theory,37,69,0.40622608588098497,0.3349390880338047,0.3350738797407424,0.9975624025983556,0.1502730553514587,self
theory,37,70,0.34919623551766604,0.4023682628711583,0.39614892229789705,0.9979676067971142,0.1500842783149105,self
theory,37,71,0.2648862872246196,0.5133725621748843,0.5015510854715619,0.9983054535058374,0.159119007217775,self
theory,37,72,0.21127207821461252,0.5909871478737015,0.5887409254254543,0.9985871396259337,0.17436818315371552,self
theory,53,1,0.9,0.009499999999999995,0.03625750743780484,0.88327233684608,0.19775048820227953,self
theory,53,2,0.8468551449310892,0.02228067930237382,0.039983262949491005,0.9026760903901785,0.1920851779466226,self
theory,53,3,0.8019376656514997,0.037267253873198264,0.02016885109384552,0.9188543390160158,0.18620620941620958,self
theory,53,4,0.7382108561707432,0.06510687803551252,0.061499900960529125,0.9323432615589949,0.1806736966622572,self
theory,53,5,0.6905712112016377,0.09095886657036044,0.08446891018167987,0.9435899073226107,0.17572389847725184,self
theory,53,6,0.6335764447348434,0.12755291076049938,0.13661583760741264,0.9529670121676592,0.17142248138130498,self
theory,53,7,0.5830247528004664,0.16517493893825655,0.16735819661715107,0.9607853517084579,0.1677500590122041,self
theory,53,8,0.5216640775326599,0.21736499198654716,0.2025667760599434,0.9673040410251817,0.16464903793470242,self
theory,53,9,0.46129357705703844,0.2756943796140009,0.27756949289890137,0.9727391222449501,0.16204855288019268,self
theory,53,10,0.39695322760074725,0.3454821392160983,0.36367873869914996,0.9772707246009167,0.15987714434821965,self
theory,53,11,0.34462651644070696,0.40803868280501077,0.41004620037584866,0.9810490342677366,0.1607905206808115,self
theory,53,12,0.2813907115263783,0.49057934400653663,0.471057958170636,0.9841992718254492,0.16703810611236955,self
theory,53,13,0.22734761695276287,0.5671421197771457,0.5924644234589015,0.9868258423146742,0.18354165279872084,self
theory,53,14,0.17772639818893596,0.6423271824235732,0.6617100009991929,0.9862838007272753,0.20180470316659327,self
theory,53,15,0.11368186023871257,0.7462818526264134,0.7599887381020033,0.95297906248638,0.2281396143624451,self
theory,53,16,0.11036704650655316,0.7518744523443996,0.7542460010884015,0.9067931089607427,0.25622801030679176,self
theory,53,17,0.1628886864845773,0.6657175836547404,0.6445465118167941,0.8733177085682062,0.27492733702068706,self
theory,53,18,0.2083759072892134,0.5953352689521673,0.5962015254521348,0.8427517411227253,0.291241525293358,self
theory,53,19,0.25109061519656983,0.5328220033143196,0.5336620040842278,0.8202501946953593,0.30270533555179324,self
theory,53,20,0.2899727429703672,0.47893177043877316,0.4819122003238641,0.8055836706591156,0.3097050479706701,self
theory,53,21,0.32981145170215753,0.426695055756091,0.4268102374939257,0.8015972121584217,0.31056216078261745,self
theory,53,22,0.3960046644213143,0.34656984713076866,0.34624808247228994,0.8171517804452524,0.2999261327945121,self
theory,53,23,0.42803088264106015,0.31079123765174643,0.3022266903293332,0.8464090753102798,0.28136442838570086,self
theory,53,24,0.49538545418971924,0.24190404785115013,0.23944108013020804,0.8719406448522802,0.2534755272698781,self
theory,53,25,0.5387220366919593,0.20213849146193347,0.20471422858329028,0.8932280766329197,0.2265065082308595,self
theory,53,26,0.6130038077871915,0.14227775014785235,0.14229298805124677,0.910976877820795,0.20776004566448883,self
theory,53,27,0.654170378324391,0.11361822086688013,0.09634722752541933,0.9257752784382535,0.19440060615349278,self
theory,53,28,0.6992341636791084,0.08593708388291509,0.07826289392820376,0.9381137264560496,0.18464600808175338,self
theory,53,29,0.7439301857668273,0.062293162273340974,0.07625362754073359,0.94840114219936,0.1773600336306586,self
theory,53,30,0.788936355347997,0.042320468989097644,0.024123192979752395,0.9569784707679991,0.17180600711722466,self
theory,53,31,0.8369748308604574,0.02524834548432764,0.030764482676893252,0.9641299816245749,0.16749697684044007,self
theory,53,32,0.8707480925573852,0.015870752798676557,0.0,0.9700926898410603,0.1641040608737391,self
theory,53,33,0.910291071852707,0.007645307199869374,0.0,0.9750642112423392,0.16139994746890904,self
theory,53,34,0.838065311290531,0.024911701237061004,0.05194170984837122,0.9792093117815606,0.15922374157293517,self
theory,53,35,0.76275891140338,0.05346916741258382,0.05797773294624578,0.9826653682064274,0.1574588457603964,self
theory,53,36,0.6856443060867594,0.09387852718089125,0.07095618350676801,0.9855469209935901,0.15601885477135152,self
theory,53,37,0.6213015640067567,0.13624188015254213,0.12500626583325675,0.9879494704443057,0.1548384178450977,self
theory,53,38,0.5634252436981239,0.1810676419480404,0.19592248432228482,0.989952641751404,0.15386721166629305,self
theory,53,39,0.5192775433113579,0.2195393763465252,0.2161583555794174,0.9916228239340794,0.1530658844797078,self
theory,53,40,0.4476657841158155,0.2898194317345771,0.2867582055137103,0.9930153700999723,0.15240326704723361,self
theory,53,41,0.41915604258111444,0.32051071772653045,0.3010493366339453,0.9941764319555341,0.15185441115388731,self
theory,53,42,0.37013644129253365,0.3768916974582522,0.3890595347879042,0.9951444893639403,0.15139917872117742,self
theory,53,43,0.3255518881910666,0.4321362427465037,0.4020903727386729,0.9959516256430981,0.15102120471641378,self
theory,53,44,0.2636954978597365,0.51503710387842,0.5375810307625932,0.9966245908696185,0.16395269328723377,self
theory,53,45,0.19767038549672158,0.6115461697935305,0.6268325109803592,0.9971856884287298,0.18210494537559002,self
theory,53,46,0.13471371552333306,0.7112843363982635,0.7295270655608221,0.9814476612040036,0.20663228295195793,self
theory,53,47,0.09604926223609139,0.776270589488719,0.7790210356261967,0.9407452222703638,0.2355644026025012,self
theory,53,48,0.1493611310323119,0.6874071611286962,0.6908734488098172,0.906403983181648,0.256574539863964,self
theory,53,49,0.20686710756055976,0.5976067958158852,0.5859065217308769,0.8874415414034449,0.26706158425571336,self
theory,53,50,0.23426531795848993,0.5570321231171519,0.5725674034281646,0.8665438648444571,0.278124556248931,self
theory,53,51,0.2872283312587147,0.4826412791722246,0.4702972291963317,0.8658054382816425,0.27724039400344286,self
theory,53,52,0.3346140220313194,0.42060157469347065,0.41970659268119126,0.8779859368374151,0.26945805395363565,self
theory,53,53,0.4082008063480926,0.33271497132669536,0.3316908459178,0.8982684538222618,0.24938602114951755,self
theory,53,54,0.4783205162470028,0.25854200958035395,0.2542146491162752,0.9151793881831252,0.22188529373956759,self
theory,53,55,0.5327720242762937,0.2073868822339287,0.19777337536954462,0.9292792013952172,0.20220933977346361,self
theory,53,56,0.5821349706317728,0.16588062363046394,0.17460725723383738,0.9410351888748907,0.1888219519670851,self
theory,53,57,0.6305444934397857,0.12967250276128134,0.1275750285411911,0.9508369670646694,0.17946914753048082,self
theory,53,58,0.6668367477635835,0.10544786500870879,0.08780465421751275,0.9590093860849975,0.1727581358899344,self
theory,53,59,0.7150029679442871,0.07716214286653679,0.061247542428509216,0.9658232959032658,0.16781755827673467,self
theory,53,60,0.7681798790263631,0.05105354006382007,0.06076019599942513,0.9715045228320371,0.16409389518495757,self
theory,53,61,0.8169836077965179,0.03182024982441984,0.03349919659915648,0.9762413538551987,0.16122903097110283,self
theory,53,62,0.885662608070173,0.012419387233649114,0.014433656010880024,0.9801907768272604,0.15898628627504913,self
theory,53,63,0.8846487700366517,0.01264061094135441,0.010878673922928375,0.983483683358226,0.15720546913937475,self
theory,53,64,0.8163437141939895,0.032043149750256045,0.039325686017369944,0.9862292068178252,0.15577535582610846,self
theory,53,65,0.7753496613592675,0.04794438591882599,0.05746108915984822,0.9885183392290628,0.15461668309270316,self
theory,53,66,0.7061763951848264,0.08201569520925411,0.09342520747551737,0.9904269469220176,0.15367151245477603,self
theory,53,67,0.660468410739582,0.10951761510041996,0.0996988072778302,0.9920182848925619,0.15289648245885373,self
theory,53,68,0.620018627665935,0.1371665511548354,0.16326413565147121,0.9933450931967744,0.15225845297919205,self
theory,53,69,0.5489967527629667,0.19323373256743118,0.19041400913992534,0.9944513448596597,0.15173163643571735,self
theory,53,70,0.5021164192836121,0.23549365694962338,0.2338279878324076,0.9953737032272935,0.15129566515115928,self
theory,53,71,0.44766373778692536,0.2898215792277348,0.3084965939927845,0.996142737061896,0.1509342572339755,self
theory,53,72,0.39578811698866584,0.346818399593497,0.3526452669041615,0.9967839336504636,0.15063427215098774,self
theory,71,1,0.9,0.009499999999999995,0.011213101537777761,0.88327233684608,0.19775048820227953,self
theory,71,2,0.8459005262892844,0.022559315408023563,0.00617692008920806,0.9026760903901785,0.1920851779466226,self
theory,71,3,0.7932215841432386,0.04061944760102015,0.04638109364561099,0.9188543390160158,0.18620620941620958,self
theory,71,4,0.72513618932728,0.07177260869665245,0.04854644555099064,0.9323432615589949,0.1806736966622572,self
theory,71,5,0.6616543071337275,0.10875391748710007,0.13091136666145792,0.9435899073226107,0.17572389847725184,self
theory,71,6,0.5934249527690715,0.15703810557929015,0.15410334368729925,0.9529670121676592,0.17142248138130498,self
theory,71,7,0.5528011429059013,0.18998747689695467,0.18374769188649634,0.9607853517084579,0.1677500590122041,self
theory,71,8,0.5078630681434981,0.2300888217122746,0.25128877910026476,0.9673040410251817,0.16464903793470242,self
theory,71,9,0.45927295710829663,0.2777664481686857,0.27314233102672736,0.9727391222449501,0.16204855288019268,self
theory,71,10,0.40485391126924414,0.3364889235849408,0.33340694878777427,0.9772707246009167,0.15987714434821965,self
theory,71,11,0.3486047870161786,0.4030999373233261,0.40392792611054845,0.9810490342677366,0.16014803677025194,self
theory,71,12,0.30676975321656125,0.4565397663026561,0.4702182503304103,0.9841992718254492,0.1665053819400342,self
theory,71,13,0.24940080775339588,0.5352291900311917,0.5395111199422119,0.9868258423146742,0.17753702466441237,self
theory,71,14,0.19166079370996392,0.6207416588043252,0.6209401408990685,0.9890157954240761,0.19321885627553517,self
theory,71,15,0.16518141946749673,0.6620759592821884,0.671504823011055,0.9821715495812297,0.20956756796080478,self
theory,71,16,0.09498035903493073,0.7781075230059157,0.7715415384098642,0.9422061587117732,0.23652857770025057,self
theory,71,17,0.10546796534202685,0.7601781829778667,0.7600395716641982,0.8902651103597153,0.26627103509728367,self
theory,71,18,0.13570828471324448,0.709650160657656,0.716495008036543,0.8339884935496329,0.2971348007696262,self
theory,71,19,0.18339354330874863,0.6335037998543486,0.6435470694548866,0.7818520538295197,0.32561374129023934,self
theory,71,20,0.23673428704292332,0.5534458211470807,0.5420410253218394,0.7434224702417667,0.3463730066277387,self
theory,71,21,0.2818579462553582,0.4899416088887434,0.48370076554546654,0.7118949312294465,0.3635705745818312,mixed
theory,71,22,0.3223551318688098,0.4362424389393112,0.4256812810272939,0.6889119079997654,0.3759806954095041,mixed
theory,71,23,0.3576373008110158,0.39199834544388945,0.40970279724942754,0.6660034153212729,0.388990294662594,mixed
theory,71,24,0.4040272109319998,0.3374243870440165,0.3275311494957642,0.6593279792673705,0.3916016358551737,mixed
theory,71,25,0.4401525208673936,0.2977577398965775,0.3021790498064451,0.6580827647599442,0.3912134051509547,mixed
theory,71,26,0.4990593513674193,0.23839445677980914,0.22986931464468138,0.6746145234440314,0.3791163658832593,mixed
theory,71,27,0.5226681485779425,0.2164534115629087,0.19319472318423886,0.7036733699780325,0.3595316407163691,mixed
theory,71,28,0.5944034764141009,0.1562831129477185,0.1719572019129136,0.7440714012602782,0.3338550794464856,self
theory,71,29,0.657016329668134,0.11175590820860225,0.11279007101704555,0.7866146623918214,0.29653954161112095,self
theory,71,30,0.6932827455926031,0.08937170044365125,0.08890997502045042,0.8220859156406216,0.264065219748394,self
theory,71,31,0.7500294179079356,0.05936102731587321,0.05351774276082928,0.8516607477897169,0.23968405345355476,self
theory,71,32,0.7841401059912176,0.04426571914940861,0.048643070736204184,0.8763193266820978,0.22112311009027355,self
theory,71,33,0.8362769735401858,0.025464967923502963,0.03650991129219708,0.8968788859021278,0.20681300390370636,self
theory,71,34,0.8828186266279634,0.013044900552088816,0.0,0.9140208094966187,0.19565403139686965,self
theory,71,35,0.8912397429251692,0.011237353843034125,0.013568733242759357,0.928313214376247,0.1868641887470775,self
theory,71,36,0.8303339954528478,0.027347225444044557,0.044581407849361085,0.9402297788223093,0.17987919487555884,self
theory,71,37,0.7652971244187896,0.05233116781578467,0.04597020241324662,0.9501654411123944,0.17428596047970674,self
theory,71,38,0.7219907622170968,0.07342467947799927,0.09590646199674158,0.958449488548167,0.169777807341247,self
theory,71,39,0.676482973231601,0.09943010327861174,0.11018108267148967,0.9653564706812667,0.16612397873529927,self
theory,71,40,0.6385739467200116,0.1240973523900716,0.09895296356981867,0.9711152984229997,0.16314863389922182,self
theory,71,41,0.6007151029811176,0.1514570075380105,0.14987090691003918,0.9759168306001316,0.16071619935126405,self
theory,71,42,0.5534406962085865,0.18944445121253833,0.19523415614669942,0.9799201993900954,0.1587210244861883,self
theory,71,43,0.5198263575788573,0.21903839053218802,0.23133245822650647,0.9832580842729227,0.15707998243921098,self
theory,71,44,0.45678840054653586,0.2803248996917511,0.2758888291984888,0.9860411092889886,0.15572710848727497,self
theory,71,45,0.39899254606368606,0.34314946170266,0.3295146174774888,0.9883615093363048,0.15460966418609792,self
theory,71,46,0.35048605769338,0.400774943188153,0.384518354954887,0.9902961870156296,0.1536852110041151,self
theory,71,47,0.3127376778685667,0.44871302445041555,0.4447060514758011,0.991909261333227,0.15737771764217937,self
theory,71,48,0.2593469371781061,0.5211386114940797,0.5241895197699047,0.9932541927302752,0.1678598149550682,self
theory,71,49,0.18983156760024988,0.623554244414215,0.619965578285297,0.9943755548665594,0.1848862818561422,self
theory,71,50,0.14325512393350795,0.6973111935328794,0.68020913497762,0.9896180639491784,0.203115571964842,self
theory,71,51,0.09923211036598382,0.7708136514459332,0.75988676484739,0.9561632723531563,0.22814799004411415,self
theory,71,52,0.11342104835199138,0.7467211256300179,0.7482511388703517,0.9117826229023742,0.2545048178500583,self
theory,71,53,0.17826893291209198,0.6414798492865603,0.6480831354263004,0.8784509673402386,0.27273788791435566,self
theory,71,54,0.22886964890859998,0.5649099174556286,0.5497551867273753,0.8605791044756403,0.28150847277162083,self
theory,71,55,0.2670534447114797,0.5103501202638426,0.5126166864175697,0.8477102703109122,0.2875142016197822,self
theory,71,56,0.3255513871282714,0.4321368848343689,0.4224728084446527,0.854450459975398,0.28218320318113294,self
theory,71,57,0.3719298216897912,0.3747485414384865,0.4010533194153737,0.8688174442416999,0.27335875260072007,self
theory,71,58,0.41363045171447343,0.32663778479874384,0.32605962859853244,0.8906240487126773,0.25351794800110644,self
theory,71,59,0.47165903174541424,0.2651869697993835,0.27004713110500245,0.9088057200070988,0.22821602500897664,self
theory,71,60,0.535534327259431,0.20494194309663188,0.20634156221329672,0.9239650343101741,0.2067585517721343,self
theory,71,61,0.5826012855316639,0.16551060249782856,0.17122765089692146,0.9366044009788439,0.1921704919552296,self
theory,71,62,0.638325851191212,0.12426778042073328,0.1326122050153528,0.9471427133715536,0.18198902367816172,self
theory,71,63,0.6988646625408929,0.08614836689327982,0.0741091813802137,0.955929231794318,0.17469187586963067,self
theory,71,64,0.7567025775895295,0.05623395396399996,0.08064460490864872,0.9632551586710904,0.16932651165039322,self
theory,71,65,0.807838376377049,0.035079785113738236,0.008449809516261404,0.9693632895622486,0.16528782738167053,self
theory,71,66,0.8750877434490479,0.014822918244818323,0.008470094997867057,0.9744560598848426,0.1621844021730082,self
theory,71,67,0.8888240488162612,0.011742087515528618,0.010631510092560458,0.9787022540186715,0.159757653539894,self
theory,71,68,0.8467373818525322,0.02231495861534569,0.017727207609836315,0.9822425991510981,0.1578326843597424,self
theory,71,69,0.7860297093639276,0.043494121011141036,0.03175245650855498,0.9851944292515732,0.15628817479550208,self
theory,71,70,0.7341322328847886,0.06715138611128688,0.054566443040379886,0.987655573749115,0.1550377662583373,self
theory,71,71,0.6874901997807747,0.09277925647140707,0.09300639025207093,0.9897075997911307,0.1540184158458014,self
theory,71,72,0.6323376558867115,0.12841681931493423,0.12238304070069753,0.991418515538384,0.15318300646401872,self
theory,97,1,0.9,0.009499999999999995,0.011187402851101898,0.88327233684608,0.19775048820227953,self
theory,97,2,0.8308349826429793,0.027185962942531065,0.023767167002830738,0.9026760903901785,0.1920851779466226,self
theory,97,3,0.7829460143390817,0.044756811056725604,0.026451614146210528,0.9188543390160158,0.18620620941620958,self
theory,97,4,0.7267721560475064,0.07092078197538176,0.053290510744833285,0.9323432615589949,0.1806736966622572,self
theory,97,5,0.6695972546975973,0.10370767539819614,0.09623386883597759,0.9435899073226107,0.17572389847725184,self
theory,97,6,0.6167868182424915,0.13950972553907756,0.15105275422538128,0.9529670121676592,0.17142248138130498,self
theory,97,7,0.5634888370824475,0.1810148955840524,0.17387800208436405,0.9607853517084579,0.1677500590122041,self
theory,97,8,0.4915736003840616,0.2455725336351046,0.24236540618407987,0.9673040410251817,0.16464903793470242,self
theory,97,9,0.43523343290008,0.30301321154813704,0.3206794380314007,0.9727391222449501,0.16204855288019268,self
theory,97,10,0.3578776730380796,0.3917050286438418,0.3913895682543121,0.9772707246009167,0.16127718459294946,self
theory,97,11,0.299703001023335,0.46589509243693694,0.4582838691056169,0.9810490342677366,0.16685071344593513,self
theory,97,12,0.2534515926524203,0.5294677982875473,0.5295904481717478,0.9841992718254492,0.17744101316757188,self
theory,97,13,0.19882748695401192,0.6097835258774028,0.61061785027092,0.9868258423146742,0.19267867979677825,self
theory,97,14,0.13803949304614607,0.7058271197707376,0.6970217868483161,0.9734607541955089,0.21306732195050856,self
theory,97,15,0.08908454335093612,0.788278620704064,0.7918436977432591,0.9259803735900844,0.24428570098917124,self
theory,97,16,0.15316004732368968,0.6812810101763747,0.6708254701494857,0.8919886823263845,0.2644002958772833,self
theory,97,17,0.21666000922982756,0.5829404640828232,0.583444950951369,0.8696679782425994,0.2764567408658525,self
theory,97,18,0.2794414439572407,0.49324440105210504,0.4752280375765995,0.86849531526855,0.27589036709557874,self
theory,97,19,0.315026398124644,0.44572939350279384,0.4531451508712523,0.8729705579941986,0.27260384720550035,self
theory,97,20,0.38712087574720433,0.35683977989763005,0.3562869279052131,0.8940867863065457,0.2557026011930636,self
theory,97,21,0.45643733842583994,0.2806873487047055,0.27153946660432166,0.9116928433460095,0.2291325531788301,self
theory,97,22,0.5172403225248126,0.22140406088614964,0.23641042961432218,0.9263722283143755,0.20693187770600083,self
theory,97,23,0.5848201526709755,0.16375559034674445,0.14285196402216865,0.9386114447707622,0.19197244662958127,self
theory,97,24,0.6557585296569347,0.11257708040875772,0.11356887378978645,0.9488161243121124,0.18162599953596545,self
theory,97,25,0.7058605164840046,0.0821921339749037,0.07659889401239321,0.9573244699985153,0.17427536820701287,self
theory,97,26,0.7711974633238006,0.04973307074999041,0.04759041402152175,0.9644184650647977,0.1689141217187311,self
theory,97,27,0.8234433201202943,0.029613648149637628,0.04063978277724921,0.9703332183970305,0.16490698926559447,self
theory,97,28,0.8810690573286393,0.013437340668463566,0.03777709688991821,0.9752647565013405,0.16184602883940885,self
theory,97,29,0.8654396583614985,0.017201161264776728,0.02850648208261307,0.9793765202061305,0.15946391845654476,self
theory,97,30,0.7865410515180529,0.04328648655266763,0.03639818309231327,0.9828047814111395,0.15758140518908842,self
theory,97,31,0.7274581452074308,0.07056510948308517,0.06987890822718074,0.9856631594050105,0.15607523889190292,self
theory,97,32,0.6428781223403389,0.12115923372800384,0.12001470964605387,0.9880463864309759,0.15485843601612231,self
theory,97,33,0.5805291257986614,0.16715802358807344,0.1698091130159377,0.9900334472988773,0.15386799994065747,self
theory,97,34,0.5258797610822887,0.21355050090381825,0.21691830431080228,0.9916901970964112,0.15305717751491124,self
theory,97,35,0.46983001918710304,0.2670261981273902,0.26275770398337145,0.9930715437556744,0.1523904961438692,self
theory,97,36,0.40980118175207064,0.3309179128081898,0.3188589823507688,0.9942232678095406,0.15184052151067154,self
theory,97,37,0.34109050904439936,0.4124536314078003,0.4038146769608369,0.9951835396481548,0.1513856926863643,self
theory,97,38,0.2965329876590968,0.4701225455792447,0.4738087902495061,0.9959841845603972,0.15775580152740423,self
theory,97,39,0.23473576784423028,0.5563478777661117,0.5705375012833512,0.9966517374862695,0.172052870146385,self
theory,97,40,0.16505657397220572,0.6622739984336792,0.6638727278260682,0.9972083224367597,0.191608436778906,self
theory,97,41,0.1041502020002133,0.7624195175474457,0.7486859534895458,0.9724511684149417,0.21609733899913214,self
theory,97,42,0.10609951159397811,0.7591051790138982,0.7438295883622281,0.9357214236081143,0.24042793701507925,self
theory,97,43,0.1541352317404095,0.6797128458737083,0.6895347514601219,0.8993649603610449,0.2613721732473474,self
theory,97,44,0.19906327474764537,0.6094246559650673,0.6100338870059957,0.872048518492607,0.2759287634101649,self
theory,97,45,0.2634349436008031,0.5154016781929345,0.529899760927407,0.8575673931342687,0.2827598091220421,self
theory,97,46,0.2957020036681097,0.4712338842552595,0.4678287397741412,0.8552429140961206,0.28270939501541104,self
theory,97,47,0.3582676493601565,0.3912293893648522,0.3945544803711579,0.8710971696521689,0.2725715513416963,self
theory,97,48,0.43115659003720896,0.3074036838051911,0.2897518230100797,0.8925248131397963,0.24801989985358683,self
theory,97,49,0.5053930096118778,0.23240427119375617,0.24133761751901264,0.9103905185055537,0.2211260271792814,self
theory,97,50,0.5799817418134547,0.1675945703495564,0.12973325466836894,0.9252863902051347,0.20236910390447585,self
theory,97,51,0.6223042369875167,0.13552138492770285,0.14583423281745903,0.9377061065917968,0.1894131011647313,self
theory,97,52,0.6843543877168804,0.09465054492590619,0.11266002908551496,0.9480612813835789,0.18022538170231236,self
theory,97,53,0.7354874584456139,0.06646854040758278,0.08434655620465152,0.9566951053478298,0.17353928456591164,self
theory,97,54,0.8170386804677282,0.03180110222274056,0.04213772523717856,0.963893720315182,0.16855441823720457,self
theory,97,55,0.8721846697480943,0.01551992071503354,0.018815700323860353,0.9698957024800667,0.16475644953735608,self
theory,97,56,0.9119794975641302,0.00736022840660981,0.0,0.9748999692829131,0.16180827849056373,self
theory,97,57,0.8510658088396768,0.021072323631750718,0.027091021606518273,0.9790723719235918,0.15948396386086086,self
theory,97,58,0.8015229084491681,0.03742349807695345,0.04958578767590183,0.9825511919949035,0.15762832920256895,self
theory,97,59,0.7296125683622067,0.06945389502829824,0.08059295588653746,0.9854517244053119,0.15613205460360208,self
theory,97,60,0.6618319079696733,0.10863977554405994,0.10357321175733385,0.9878700984779489,0.1549161516394418,self
theory,97,61,0.5945857906549548,0.15614264708192477,0.17426445330272822,0.9898864638645987,0.1539221584391286,self
theory,97,62,0.5343911485802151,0.20595202239442878,0.20625535887602892,0.9915676468620848,0.15310584838425634,self
theory,97,63,0.49689300135957504,0.2404608194769277,0.24334528346796105,0.9929693651665895,0.15243311759099357,self
theory,97,64,0.41320069476171456,0.3271167533967277,0.30163696924001365,0.994138074467196,0.15187723925365615,self
theory,97,65,0.3683195938307245,0.37906912876127186,0.3825200438565709,0.9951125080783821,0.15141698765816194,self
theory,97,66,0.32980614443421913,0.42670181383622047,0.42971915901791746,0.9959249606378991,0.1532604248581852,self
theory,97,67,0.2864507949753404,0.48369484459175766,0.4953136654308776,0.9966023584142981,0.1611162781257026,self
theory,97,68,0.20953652581197185,0.593590878824137,0.5704002407056554,0.9971671516961889,0.17422465880909435,self
theory,97,69,0.14542736031925377,0.6937796766663726,0.7033127336477764,0.9915780629093295,0.1974670734644036,self
theory,97,70,0.08069748924470362,0.8028612509669422,0.7849272417192524,0.9544229638592748,0.22670271266829684,self
theory,97,71,0.14141346195344645,0.7003123011490276,0.7037063374667054,0.9216622223591968,0.24794994296343076,self
theory,97,72,0.19594080021186966,0.6141856369257321,0.6003608855467804,0.903574297579036,0.25854310476679876,self
theory,131,1,0.9,0.009499999999999995,0.008477025270376937,0.88327233684608,0.19775048820227953,self
theory,131,2,0.864798464183944,0.017365482522669253,0.019560841121922537,0.9026760903901785,0.1920851779466226,self
theory,131,3,0.7940703183281005,0.04028668210381537,0.04576574212678972,0.9188543390160158,0.18620620941620958,self
theory,131,4,0.7222019216275732,0.07331318373004231,0.08636867580211396,0.9323432615589949,0.1806736966622572,self
theory,131,5,0.6868068565426438,0.09318544785326506,0.11253551903269404,0.9435899073226107,0.17572389847725184,self
theory,131,6,0.6372301717323386,0.12502185088628107,0.13095161203999223,0.9529670121676592,0.17142248138130498,self
theory,131,7,0.5775093910872002,0.1695733988885329,0.1785280788345605,0.9607853517084579,0.1677500590122041,self
theory,131,8,0.5051966526643488,0.23258883490783686,0.22731574522166637,0.9673040410251817,0.16464903793470242,self
theory,131,9,0.47034212683114957,0.2665105894792625,0.25823848389620385,0.9727391222449501,0.16204855288019268,self
theory,131,10,0.4110585618857536,0.3295094166516729,0.32546435492105563,0.9772707246009167,0.15987714434821965,self
theory,131,11,0.35298924033261014,0.39769177696910424,0.3975569764821505,0.9810490342677366,0.15947993778683614,self
theory,131,12,0.301394246589184,0.4636474987637591,0.4697392806060833,0.9841992718254492,0.16599308079208833,self
theory,131,13,0.2353845782334785,0.5554049060430358,0.5606800247163036,0.9868258423146742,0.17943266618839615,self
theory,131,14,0.18370076036078428,0.6330272262037835,0.6340216577528892,0.9890157954240761,0.1959236316836254,self
theory,131,15,0.1447185657699239,0.6949310151517232,0.6967344491153069,0.9745900475959564,0.2148153929320022,self
theory,131,16,0.0806728056348391,0.8029043657843523,0.7646943498940368,0.9333516719447419,0.24164300760748872,self
theory,131,17,0.13052751797105694,0.718183277155292,0.7202791870354502,0.8886120802656186,0.26715114827551445,self
theory,131,18,0.18743314494955515,0.6272516492302419,0.6375882795686675,0.8515409361143328,0.2871087107991252,self
theory,131,19,0.23698294938356856,0.553085268554828,0.5776492478287282,0.8200206550815049,0.3036438433976103,self
theory,131,20,0.2869324924034269,0.4830420068704894,0.4766855539595133,0.806326838501649,0.3096555247000677,self
theory,131,21,0.3310111342894805,0.42516879732241514,0.44416496589359905,0.7980880491294192,0.31296337231045185,self
theory,131,22,0.3804932902022795,0.3645991353101772,0.3519052625553968,0.811295858585048,0.303489708757796,self
theory,131,23,0.43706164394785,0.30105461307896225,0.3089088702381336,0.8389470776026569,0.28649183473835643,self
theory,131,24,0.4910995154953251,0.24603071797263826,0.26446322774442343,0.8657190623174894,0.2618698593216027,self
theory,131,25,0.5670969224455849,0.1780348208282798,0.18592073689181418,0.8880407138443099,0.2323034302053426,self
theory,131,26,0.6277902209039696,0.13161311367197992,0.13445525345855147,0.9066518154190376,0.21186301859754766,self
theory,131,27,0.6845747821756071,0.09451841463758744,0.0778581138364598,0.9221691753871676,0.19737612076489572,self
theory,131,28,0.7258835105242133,0.07138285731240263,0.06690765208811679,0.9351070694400105,0.18685411125499757,self
theory,131,29,0.7615567236232931,0.054012436246795706,0.05386755717881412,0.9458942847180202,0.179033256857123,self
theory,131,30,0.8078116181195677,0.03508955542332794,0.020010103559444183,0.9548883306561655,0.17309733121991205,self
theory,131,31,0.8647681864920124,0.017373261215426185,0.03150411589305718,0.9623872875465849,0.16850915532298136,self
theory,131,32,0.9100197131086781,0.00769162942759236,0.024079475276609707,0.9686396855030893,0.16490767785620533,self
theory,131,33,0.8789325468269492,0.013924461806918401,0.011804582692558668,0.9738527412357402,0.16204463691362864,self
theory,131,34,0.8316441957551014,0.026926492981799287,0.04861642356725179,0.9781992256183365,0.1597452324738288,self
theory,131,35,0.7819273552474351,0.04517789446990947,0.05549509337511817,0.981823189653447,0.15788344294020132,self
theory,131,36,0.736852745313183,0.0657841537667481,0.06464338840193802,0.9848447386046776,0.1563663316705468,self
theory,131,37,0.696932643548337,0.08725733141926942,0.09918636549683088,0.9873640125202657,0.15512391651044044,self
theory,131,38,0.6465010307790275,0.11871344517827552,0.12213067378138935,0.9894645050703459,0.15410251495076943,self
theory,131,39,0.6155193064776703,0.14043413350684106,0.1627807283915879,0.9912158306906536,0.15326028590708007,self
theory,131,40,0.5562131770643111,0.1870994070007849,0.19618869135041705,0.9926760317412258,0.15256417879464654,self
theory,131,41,0.5074956204067174,0.230432535722636,0.22041226851032253,0.9938935021438556,0.1519877985508359,self
theory,131,42,0.46102080474970536,0.27597364426702253,0.25669127353566323,0.9949085912514132,0.15150987757427223,self
theory,131,43,0.4317492085444605,0.30676351389035467,0.3155950249765595,0.9957549411044002,0.1511131578337728,self
theory,131,44,0.3760159695329477,0.3698882667640119,0.38904095921160975,0.996460601394042,0.15078355609448207,self
theory,131,45,0.3166213965174622,0.44365599991285637,0.4337918064039591,0.9970489590839734,0.15295997531871613,self
theory,131,46,0.27356389857487284,0.5013239389810508,0.47554905668345687,0.9975395135000044,0.15862413176625223,self
theory,131,47,0.23591725962923035,0.5546313124258796,0.5792838224856949,0.9979485225759553,0.17321274937574233,self
theory,131,48,0.17587443914584963,0.6452237930505094,0.6417370388257109,0.998289541673416,0.18977342168476077,self
theory,131,49,0.12986073153812938,0.7192852291933913,0.7345317690946994,0.9780627405309584,0.212620966055597,self
theory,131,50,0.08722910628290338,0.791493169196252,0.7728029933331034,0.9360582067219839,0.240111015276321,self
theory,131,51,0.15382122135906615,0.6802175991511493,0.687365596150403,0.9003989587593996,0.26074808527294696,self
theory,131,52,0.21245369230491049,0.5892177274259601,0.6041549625748039,0.8748592387517969,0.2743525080369655,self
theory,131,53,0.25690505270626,0.524580595658812,0.5366677654324274,0.8594364584094607,0.2818057908198281,self
theory,131,54,0.3126952210187956,0.44876846624988204,0.46018277978132877,0.8594708689845505,0.2803841733923644,self
theory,131,55,0.36037533423453555,0.3886637274028031,0.39760799483763776,0.8756510834525969,0.270210065787194,self
theory,131,56,0.39895524823473827,0.3431920539433368,0.3381532304952636,0.8963217253978559,0.2512290111886254,self
theory,131,57,0.4570613586711342,0.28004324983563306,0.268269348024253,0.9135562663275808,0.22519340803678667,self
theory,131,58,0.5020743767082377,0.23553343001396543,0.2426243993759162,0.9279258926722763,0.20436875402857088,self
theory,131,59,0.5566496892033836,0.1867315231792835,0.1865104832672007,0.9399068419837857,0.1902653451627323,self
theory,131,60,0.6069489418624439,0.1467646775878999,0.14316778875262734,0.9498961863802003,0.18045936577596453,self
theory,131,61,0.6669517729745841,0.10537506544853434,0.0820139657259909,0.9582249922932945,0.17345618010457411,self
theory,131,62,0.7215981049190833,0.07363223442541349,0.07002131929601818,0.9651692926582804,0.16832309581742605,self
theory,131,63,0.7615695049381097,0.05400664592668518,0.057757932985217045,0.9709592351857357,0.1644694529241419,self
theory,131,64,0.8187788823233174,0.031199038817386733,0.036722542700655204,0.9757867099073453,0.16151448441774147,self
theory,131,65,0.8544472537842539,0.02012632183439812,0.013399442484230261,0.9798117087872604,0.15920756913752018,self
theory,131,66,0.9011148970118169,0.009289350413334398,0.002428422354570429,0.9831676281690436,0.15737983382496276,self
theory,131,67,0.9038873369109953,0.008775761805757497,0.0028928532541295654,0.9859656897916755,0.15591457042506013,self
theory,131,68,0.8448182145024161,0.022877317222707225,0.0,0.9882986268957505,0.15472898977482136,self
theory,131,69,0.7789805259031842,0.046407127533531364,0.05093276965842284,0.9902437575846345,0.15376283930825138,self
theory,131,70,0.7196395323963461,0.07467189220519246,0.0755224369351385,0.9918655472977944,0.1529712029122215,self
theory,131,71,0.6689596651073377,0.10410831815955368,0.10584902938088177,0.9932177453216818,0.15231986915754311,self
theory,131,72,0.6279378988748594,0.13150869673897164,0.12890094080650397,0.9943451661463227,0.1517822925739921,self
theory,173,1,0.9,0.009499999999999995,0.007442054356725653,0.88327233684608,0.19775048820227953,self
theory,173,2,0.8540644954521989,0.02023231291324022,0.022395216615823367,0.9026760903901785,0.1920851779466226,self
theory,173,3,0.7890186178811737,0.0422874864207317,0.04367034396285828,0.9188543390160158,0.18620620941620958,self
theory,173,4,0.7239844864275017,0.0723753355460555,0.05792549357417767,0.9323432615589949,0.1806736966622572,self
theory,173,5,0.6656154337193817,0.10622238625834335,0.11173704134280028,0.9435899073226107,0.17572389847725184,self
theory,173,6,0.6177975170789725,0.13877480105344842,0.1614919719250712,0.9529670121676592,0.17142248138130498,self
theory,173,7,0.5755130755181385,0.17117969160326613,0.16816451174890815,0.9607853517084579,0.1677500590122041,self
theory,173,8,0.5090593640306431,0.22897157264369675,0.2281898747655468,0.9673040410251817,0.16464903793470242,self
theory,173,9,0.4433462318366817,0.29437024672990025,0.2818992117772668,0.9727391222449501,0.16204855288019268,self
theory,173,10,0.40357329979783935,0.337938568278336,0.34993922644568626,0.9772707246009167,0.15987714434821965,self
theory,173,11,0.3687022493578691,0.3786100074675233,0.3697408570946925,0.9810490342677366,0.15806869479299065,self
theory,173,12,0.31654610215243933,0.44375376895887264,0.4380253003824762,0.9841992718254492,0.1616779073838545,self
theory,173,13,0.26415175874937497,0.5143990024440562,0.4933053086171603,0.9868258423146742,0.16930550928254073,self
theory,173,14,0.21762112274756887,0.581510872192236,0.5858410307472363,0.9890157954240761,0.18378802359693922,self
theory,173,15,0.14878355027061163,0.6883409720754091,0.6864845452180967,0.9824528408460633,0.20456667940348922,self
theory,173,16,0.1243342510972367,0.7284509786113653,0.7338333311088583,0.9541623490968334,0.22782233844278044,self
theory,173,17,0.1117220614201864,0.7495858113592229,0.7726208881286702,0.9035997477262676,0.2581286290757225,self
theory,173,18,0.1768243732879227,0.6437372067921803,0.6538210903022602,0.8668594131666201,0.2785274629077246,self
theory,173,19,0.22368090938326057,0.5725377639332012,0.5853724303986593,0.8373093093539448,0.2941433339264043,self
theory,173,20,0.27447766605728663,0.500063524197198,0.5067043106029118,0.8202225379139153,0.3023656042336183,self
theory,173,21,0.3201949620692011,0.43902814511629024,0.45500554722763686,0.8123419373929496,0.30541414734636885,self
theory,173,22,0.36967808121067314,0.3774404352409458,0.3756416721928024,0.8227856366576584,0.2977699355946492,self
theory,173,23,0.4047917085072977,0.33655926474857867,0.3457862311869445,0.8437526412866124,0.28489260361411184,self
theory,173,24,0.4814823451708383,0.255417530451057,0.23093838726104965,0.869725792452957,0.25542832243911384,self
theory,173,25,0.49936545609284044,0.23810319922547318,0.2375102400413518,0.8913814013128921,0.2302277512133687,self
theory,173,26,0.526721248626633,0.2127931376764566,0.21866137255022242,0.909437177144289,0.21019907107891553,self
theory,173,27,0.5769413099907429,0.17002972243273126,0.18154304993323592,0.9244915237102174,0.19603731715461017,self
theory,173,28,0.6226000062433282,0.1353092175231591,0.1365376279113684,0.9370433715312892,0.18577284910888048,self
theory,173,29,0.6551652252111897,0.11296547080846704,0.13083640087622156,0.9475087134199845,0.17815676381729348,self
theory,173,30,0.7108189611440439,0.07944438957211951,0.07352112803685354,0.9562343912969434,0.1723843363497448,self
theory,173,31,0.7857242903200213,0.043618375770915575,0.04829822616559394,0.9635095912113096,0.1679272783291515,self
theory,173,32,0.8171784727233156,0.031752525293990495,0.05797140609887429,0.9695754275326065,0.16443140825114122,self
theory,173,33,0.8715997108920978,0.015662302530843233,0.01915381176863909,0.974632933953029,0.1616537818010732,self
theory,173,34,0.9173184240326704,0.0064944308542192325,0.0,0.9788497261376138,0.15942372867484,self
theory,173,35,0.860831513410048,0.018399474276750753,0.016448377691879477,0.9823655568355587,0.15761844857652485,self
theory,173,36,0.8230470088957815,0.029746743007693137,0.025737361440882567,0.9852969475599582,0.15614753038052762,self
theory,173,37,0.7844744939507187,0.044128681569908866,0.06226509493870508,0.9877410503388884,0.15494298279642635,self
theory,173,38,0.7395630437983536,0.06443603774779938,0.06060138287550217,0.989778867523835,0.15395270150168092,self
theory,173,39,0.6823442309573459,0.09585992822577602,0.11936295903497804,0.9914779363662187,0.15313610337049238,self
theory,173,40,0.6507896545649903,0.11585047209089687,0.11193570504919491,0.9928945673341408,0.1524611458322672,self
theory,173,41,0.6020797837909003,0.1504234735445018,0.15071320714783487,0.9940757103515481,0.15190224556043871,self
theory,173,42,0.5770542438268634,0.16993895703162296,0.17427785285258784,0.9950605108106375,0.15143879161046556,self
theory,173,43,0.5255849505863444,0.21381615715465324,0.20057717635689803,0.9958816069267976,0.1510540593481114,self
theory,173,44,0.46374170426008765,0.2731943117623815,0.2608422778368669,0.99656621143297,0.1507344004095503,self
theory,173,45,0.41273836816129067,0.32763241301837065,0.32904248812868053,0.9971370134628995,0.15046862700925823,self
theory,173,46,0.38495297027178305,0.359368706338627,0.35973546433475734,0.9976129305134509,0.15024753613356667,self
theory,173,47,0.3351843473858923,0.4198808593626858,0.4138170949606815,0.9980097354074935,0.15032016763282174,self
theory,173,48,0.2740901266600223,0.5005978870018393,0.5029634262437139,0.9983405790361337,0.159418982151024,self
theory,173,49,0.2370409788740079,0.5530011445216554,0.5404093063924934,0.9986164262049947,0.16952683048048234,self
theory,173,50,0.19269195764797148,0.6191589614839513,0.6345424708512631,0.9988464190293431,0.18630578684793656,self
theory,173,51,0.15166186651610325,0.6836937092867947,0.6650315969366746,0.9974106408977055,0.20111516604883037,self
theory,173,52,0.10432141270579998,0.7621281251504671,0.7511042576148769,0.9679415678859301,0.22335343048585576,self
theory,173,53,0.09069024597789514,0.7855020173217538,0.7821305141673964,0.9181240506858166,0.2521292066517129,self
theory,173,54,0.1310070365290265,0.7173913320339612,0.7191433142865903,0.8684204257654807,0.2790543306330381,self
theory,173,55,0.16803275668124654,0.6575610192576357,0.668759769758154,0.8180682712553211,0.30605571750535576,self
theory,173,56,0.20775957059981362,0.596262653077382,0.5812554170251326,0.7776257015486123,0.327578006491576,self
theory,173,57,0.23933060595841366,0.5496870306800143,0.5489173592974746,0.7367592072920012,0.3500602933826358,mixed
theory,173,58,0.3042982046070247,0.4598009387073588,0.4669990417598803,0.7080769999957403,0.3655619748017289,mixed
theory,173,59,0.36066268230567217,0.38831459550674885,0.3917027285637246,0.6927694888861565,0.3731056420159815,mixed
theory,173,60,0.41235212474995425,0.3280635240215987,0.3196421517625922,0.6927261428737029,0.37123994211342637,mixed
theory,173,61,0.4572367766057678,0.27986232083583235,0.2587033770566814,0.7081644805508637,0.3598316744838426,mixed
theory,173,62,0.5131859522827192,0.22513852120213876,0.2235548201295005,0.7358290079306755,0.3414645205493999,mixed
theory,173,63,0.5671761996338169,0.1779696200552542,0.17089228424457859,0.7788764952890589,0.3121412537189094,self
theory,173,64,0.6167363750674584,0.13954645588661035,0.13731469988466774,0.8156340716191931,0.2768432213879517,self
theory,173,65,0.6647692802095253,0.10676065371667777,0.1160653868721328,0.8462814001064675,0.24815971194032282,self
theory,173,66,0.733938970854822,0.06724904766830171,0.061193953919987554,0.8718341932223966,0.22687384618308407,self
theory,173,67,0.7624728251276889,0.05359820086268039,0.06586879712858945,0.8931393205615251,0.2108101306564902,self
theory,173,68,0.8107072514187929,0.034040157432156694,0.04260853000623069,0.9109028757579049,0.19850150981328224,self
theory,173,69,0.8767467340396498,0.01443179919139819,0.006005889599630646,0.9257135778106126,0.1889420325658029,self
theory,173,70,0.9129791069410135,0.00719400403734439,0.005377940680640842,0.9380622823840522,0.1814299243762483,self
theory,173,71,0.8669655304461575,0.016813261584998625,0.0,0.948358249725736,0.17546695027568507,self
theory,173,72,0.8102636404987427,0.034199891810950844,0.036641953112249874,0.9569427083521919,0.17069314896233168,self
theory,211,1,0.9,0.009499999999999995,0.007494337724601088,0.88327233684608,0.19775048820227953,self
theory,211,2,0.8319778597931032,0.02681986761972077,0.014928069597956388,0.9026760903901785,0.1920851779466226,self
theory,211,3,0.7621464490535342,0.053745596112950836,0.05353636828896389,0.9188543390160158,0.18620620941620958,self
theory,211,4,0.7056673231156002,0.08230013844783966,0.08789248694352733,0.9323432615589949,0.1806736966622572,self
theory,211,5,0.661934025236222,0.10857417312833419,0.11911204208349432,0.9435899073226107,0.17572389847725184,self
theory,211,6,0.6085053307473338,0.14560467225059176,0.16638743613969278,0.9529670121676592,0.17142248138130498,self
theory,211,7,0.5435437268971891,0.19793471279216246,0.18557255114500432,0.9607853517084579,0.1677500590122041,self
theory,211,8,0.4903968035261184,0.24671064696357772,0.2442119329251378,0.9673040410251817,0.16464903793470242,self
theory,211,9,0.43114025348145707,0.3074213406486839,0.31805555405407965,0.9727391222449501,0.16204855288019268,self
theory,211,10,0.3387955460119533,0.41533176347494943,0.42663410636191473,0.9772707246009167,0.16500849027018583,self
theory,211,11,0.2762680820708601,0.4975984945779217,0.48929515875259527,0.9810490342677366,0.17272698378013057,self
theory,211,12,0.21898076029376196,0.5794915001517447,0.5825196641810139,0.9841992718254492,0.18716014904915595,self
theory,211,13,0.15407856044274895,0.6798039278074813,0.6908473063158915,0.9744568851687435,0.20892998851919112,self
theory,211,14,0.08327806461084708,0.7983601514824525,0.7869649271353282,0.9300247893082115,0.2403157891607095,self
theory,211,15,0.13485150596618156,0.7110578208925348,0.70879539472381,0.8883910657731038,0.265576269915906,self
theory,211,16,0.1972976209347402,0.6121145538891766,0.6020607557607172,0.860737888320687,0.2809835655088701,self
theory,211,17,0.2543813409164349,0.528149825534895,0.5183028975260198,0.8466467641452207,0.28792146823363657,self
theory,211,18,0.3034991386540478,0.4608577773628707,0.4651393088137483,0.8425463597843577,0.2890808184162995,self
theory,211,19,0.3507539621315388,0.4004443968035006,0.38983778796713714,0.8565883258133165,0.27988847689347773,self
theory,211,20,0.41152355496657506,0.3289893000412188,0.3159496092191676,0.8804277885942648,0.25963094351620186,self
theory,211,21,0.45359457596820324,0.2836309430407993,0.29916713049054633,0.9003043941747287,0.23816482004845355,self
theory,211,22,0.5252665263260304,0.21410327747522587,0.21470605766202694,0.9168768921807269,0.2137263619980958,self
theory,211,23,0.6157864929041423,0.14023901808315373,0.15719104509685483,0.930694527644035,0.19717615915573536,self
theory,211,24,0.6824345692950746,0.09580541263986452,0.0978270847320011,0.9422152440579257,0.1856739866400968,self
theory,211,25,0.7335006731064224,0.06747079667299342,0.055201730630734316,0.9518208605211577,0.17746615266360355,self
theory,211,26,0.7880935228514713,0.04265913730462493,0.03514921505007236,0.9598297259704854,0.17145693274870416,self
theory,211,27,0.817419859913224,0.03166873217640142,0.0380466491374934,0.9665072698877297,0.16695164110645133,self
theory,211,28,0.8577862901288139,0.019213502311559598,0.013805685040583458,0.9720747991524983,0.16350205192052472,self
theory,211,29,0.9031335804380768,0.008913948076809213,0.008240351268416376,0.9767168325854805,0.16081297943562303,self
theory,211,30,0.8858014030655351,0.012389253564710353,0.010454269510269764,0.9805872162634403,0.15868549665722886,self
theory,211,31,0.8284946690489902,0.02794337461738464,0.042888833692572424,0.9838142222794212,0.15698217338580264,self
theory,211,32,0.7573126420296393,0.055952296032702284,0.06984144928713534,0.9865047999310576,0.1556056007431214,self
theory,211,33,0.6785980933356772,0.09813422632708894,0.10195555140212517,0.988748120229698,0.15448497338443248,self
theory,211,34,0.6313459688174692,0.12911050497177387,0.1485442079324392,0.9906185312023127,0.1535675895371727,self
theory,211,35,0.5888004805185805,0.1606307925806628,0.15231615385764224,0.9921780219306754,0.15281337656987107,self
theory,211,36,0.529191186000028,0.2105778923730572,0.22051131628184,0.9934782769909037,0.15219129649123328,self
theory,211,37,0.4667018492002889,0.27018657176407185,0.2860296746533153,0.9945623893815074,0.15167693389364773,self
theory,211,38,0.41326015062629146,0.3270504683009281,0.3311401058932058,0.9954662887097315,0.1512508386729253,self
theory,211,39,0.3471487964788767,0.4049039592420302,0.3965959212947921,0.9962199319690886,0.15089735898567164,self
theory,211,40,0.28395394897655724,0.48708584982695347,0.48574631251224143,0.9968482963727777,0.1584279379209795,self
theory,211,41,0.2285390913134142,0.565394336949956,0.5674716114599458,0.9973722071474329,0.17199999559669135,self
theory,211,42,0.17772947266205735,0.6423223791221875,0.6487343645976097,0.997809027721909,0.1898059927269426,self
theory,211,43,0.12630905881799376,0.7251690676683248,0.7170241635527355,0.9819598630158302,0.2105260135923914,self
theory,211,44,0.08589572004486111,0.7938073029006877,0.7860508746972458,0.9379056756873978,0.23920229355837588,self
theory,211,45,0.1368365040133985,0.7077986597636212,0.6977310075356566,0.9001623872305355,0.26097406959970054,self
theory,211,46,0.19472221129460554,0.6160487011331374,0.6307744298167098,0.867869942998557,0.2783373350186322,self
theory,211,47,0.25550307396559385,0.5265618892309459,0.5242103365322265,0.8536831909489722,0.28485349074211486,self
theory,211,48,0.32052754532902694,0.43859867582376766,0.43130251167575134,0.8595037154702478,0.279929812055666,self
theory,211,49,0.3797630621508552,0.3654591661188597,0.3602760737453542,0.8824749379337258,0.2645144992725559,self
theory,211,50,0.43685331073386807,0.301277483949835,0.310003914503263,0.90201124387846,0.2423491117693055,self
theory,211,51,0.5179628943372845,0.22074178267390354,0.2088836298445937,0.918300010589809,0.21597724698042417,self
theory,211,52,0.5668200767684639,0.17826260359633553,0.1802605090206059,0.9318810796889172,0.19832599245539423,self
theory,211,53,0.6344203706593218,0.1269660421194243,0.11895418104343712,0.9432045543965657,0.18620627374844564,self
theory,211,54,0.695334570225769,0.08817997289454099,0.11751637026408518,0.9526457168351824,0.177660115804539,self
theory,211,55,0.7434062879024592,0.06254831643359587,0.08438109228356386,0.9605174656131559,0.17147247558455025,self
theory,211,56,0.8133368280959304,0.03310098275802381,0.007071871519175852,0.9670806858973529,0.16687922101948624,self
theory,211,57,0.864194952632042,0.017520860346082637,0.0,0.9725528956583438,0.16339190492450828,self
theory,211,58,0.9058803107818886,0.008415590103588185,0.010439756716003388,0.9771154546418334,0.16069220753777946,self
theory,211,59,0.8737511463556017,0.015141834394198469,0.01392392992409238,0.9809195749857238,0.15856802830466668,self
theory,211,60,0.830759377285952,0.027210268957806816,0.0,0.9840913326864281,0.15687454536808434,self
theory,211,61,0.7568123233419903,0.05618323377440462,0.037832897231827936,0.98673584600424,0.15551029502184788,self
theory,211,62,0.6773798979750162,0.0988795437190804,0.10788979833771066,0.9889407592882944,0.1544023269672852,self
theory,211,63,0.6197253567595206,0.13737836407709023,0.1324983076537045,0.9907791476818993,0.15349687456076896,self
theory,211,64,0.5541974310379908,0.18880293396847062,0.17419590361256673,0.9923119389758621,0.15275340023364756,self
theory,211,65,0.49247111236222746,0.244706293197493,0.24331779743113754,0.993589932874769,0.15214072508133056,self
theory,211,66,0.4321299997076504,0.3063525203704314,0.28454132179400515,0.9946554845986573,0.15163445982642781,self
theory,211,67,0.3750814189741345,0.37099707126581216,0.3753163619792494,0.9955439086179366,0.15121525951614168,self
theory,211,68,0.3217274884228251,0.4370509199631483,0.43976952650490253,0.9962846490440815,0.15406030074241467,self
theory,211,69,0.2557216623190811,0.5262527317440183,0.5225791155292727,0.9969022554651354,0.1644206461628471,self
theory,211,70,0.21453964721652533,0.5861005675050035,0.5872263643592402,0.9974171965671246,0.17820671159065052,self
theory,211,71,0.1726520733966004,0.6502793620721972,0.641689457796415,0.9978465385063895,0.1933541877185913,self
theory,211,72,0.09468759684432349,0.7786110199421308,0.7778210662483244,0.96501353194502,0.22097184453360638,self
theory,251,1,0.9,0.009499999999999995,0.017526572798960877,0.88327233684608,0.19775048820227953,self
theory,251,2,0.8459753039885205,0.022537426632357235,0.029184454400896002,0.9026760903901785,0.1920851779466226,self
theory,251,3,0.7950791525724649,0.039892926024898176,0.04550774281162664,0.9188543390160158,0.18620620941620958,self
theory,251,4,0.7359677136141162,0.0662273958414495,0.04440806318277209,0.9323432615589949,0.1806736966622572,self
theory,251,5,0.6713390115103328,0.10261714308725488,0.09884429750391542,0.9435899073226107,0.17572389847725184,self
theory,251,6,0.6059980361284051,0.14747567015793991,0.13975781255712771,0.9529670121676592,0.17142248138130498,self
theory,251,7,0.5581509461581291,0.1854690570619087,0.1885821244412204,0.9607853517084579,0.1677500590122041,self
theory,251,8,0.511796665208631,0.22642537129634285,0.24509342738283652,0.9673040410251817,0.16464903793470242,self
theory,251,9,0.46502008525742117,0.27189333371907815,0.2707043287632839,0.9727391222449501,0.16204855288019268,self
theory,251,10,0.40235284435855234,0.3393230165139971,0.33284077038366605,0.9772707246009167,0.15987714434821965,self
theory,251,11,0.32871013544529426,0.4280985781411814,0.42939147005183814,0.9810490342677366,0.16282739754149275,self
theory,251,12,0.25613670843128505,0.5256659667162707,0.5010223869694148,0.9841992718254492,0.17161999093380506,self
theory,251,13,0.19687923513239902,0.6127528148134443,0.6164688538840546,0.9868258423146742,0.18927461923220765,self
theory,251,14,0.13398836697058522,0.7124773411151599,0.7085640080910601,0.9719935664829097,0.21206349374807107,self
theory,251,15,0.09616307641716818,0.7760751252100939,0.7597229807335268,0.9328740943276604,0.2397103265071933,self
theory,251,16,0.1475951875999488,0.6902642659926281,0.6912753750706288,0.8961132257052254,0.2619060507351506,self
theory,251,17,0.20005182713914138,0.6079212253002548,0.5947428773708314,0.8721843944888369,0.2750811697932589,self
theory,251,18,0.26350428647805146,0.5153046392343938,0.51987755394345,0.8605168319641117,0.2806610672192102,self
theory,251,19,0.3258539434977701,0.4317492602226324,0.4524370346883731,0.8629576750993669,0.2781291401855652,self
theory,251,20,0.3709214290911044,0.37595285595793937,0.3891295518103808,0.8822892372165013,0.2664236987436482,self
theory,251,21,0.46101297337456215,0.2759816641270039,0.2736527735660847,0.901856412372977,0.23933435779750517,self
theory,251,22,0.5036114064130816,0.23408155405103895,0.23654450347050507,0.918170916876826,0.21421672790620705,self
theory,251,23,0.5680295479986388,0.17726854783214727,0.1813683728040781,0.9317734453500287,0.19730251738169252,self
theory,251,24,0.6125298023131562,0.14262649639070768,0.14866145044392534,0.9431148122190403,0.18561512546260042,self
theory,251,25,0.6658480023659477,0.10607467964668633,0.09695919303509445,0.9525708925875476,0.1773219043363657,self
theory,251,26,0.7225354553816316,0.07313724484426463,0.07199573738416658,0.9604550794733441,0.17128170782960933,self
theory,251,27,0.7677816448591022,0.05122909624112694,0.057742363463984946,0.9670286702665426,0.16677395419767868,self
theory,251,28,0.8260631335296533,0.028741331841647046,0.037985999977197225,0.9725095266366869,0.1633358449154811,self
theory,251,29,0.8792257937842077,0.01385708844270198,0.009541353164511383,0.9770792948950384,0.16066415193037656,self
theory,251,30,0.9198690953740211,0.006099913782368846,0.007115452239868325,0.9808894261089836,0.1585556434243731,self
theory,251,31,0.8726520515080541,0.015406624985851932,0.017670084905997138,0.9840661954869382,0.15687070015116192,self
theory,251,32,0.8042104869690818,0.03641685674223988,0.03498941316134385,0.9867148873859922,0.15551090288446096,self
theory,251,33,0.749775679557353,0.05948160001393525,0.07514390788674646,0.9889232846416444,0.15440507673830575,self
theory,251,34,0.7066793591926589,0.08173514840744776,0.04952018685805073,0.990764577862843,0.15350048531592586,self
theory,251,35,0.6506076858285041,0.1159712397420076,0.10136135203638201,0.9922997911120692,0.15275718464395574,self
theory,251,36,0.6063468574261492,0.14721465682535506,0.12840053967778015,0.9935798043622485,0.15214433427409318,self
theory,251,37,0.5583496859236736,0.18530224992753183,0.16792519717776108,0.9946470397586734,0.15163773490570406,self
theory,251,38,0.5131025124685432,0.22521570519622286,0.22398542215559067,0.9955368675719579,0.15121814565090863,self
theory,251,39,0.45171093985283395,0.28558984880320953,0.30711310706469214,0.9962787784380583,0.15087010533312906,self
theory,251,40,0.40938249633482243,0.33138758385390166,0.33491938508393454,0.9968973607356898,0.15058108607660745,self
theory,251,41,0.35976256529807965,0.389408774154011,0.3832688298697335,0.9974131154933391,0.15034087081117783,self
theory,251,42,0.3031470573132584,0.46132382254461257,0.45296127031168293,0.9978431358334885,0.15441608387289202,self
theory,251,43,0.23940220575175097,0.5495835543845367,0.5489434577937867,0.998201673472162,0.16706217477665375,self
theory,251,44,0.19340574443327202,0.6180645784575819,0.6138294730023799,0.9985006110486984,0.18252319809813056,self
theory,251,45,0.13283384767330525,0.71437827895403,0.7129328511875178,0.9869758064815528,0.20444856591618943,self
theory,251,46,0.08345081792556154,0.798059283003256,0.7749797403301205,0.9488344160247759,0.2318494081003341,self
theory,251,47,0.12674249305929794,0.7244497397568757,0.7144504953329808,0.910780519824212,0.2547533750080416,self
theory,251,48,0.1796940635995734,0.6392567378290916,0.6313097458755791,0.8814740662201748,0.2708616627087457,self
theory,251,49,0.2260534214330771,0.5690436411516737,0.5664111903429601,0.8603247555968793,0.2816864144381577,self
theory,251,50,0.27658436986272983,0.4971636652305585,0.5037330166455931,0.8495918834747489,0.2864167581873377,self
theory,251,51,0.3421078859055078,0.41118093209833434,0.41204120754895934,0.8594297505569568,0.27933867203442125,self
theory,251,52,0.38970521732635,0.3538367356707438,0.3099211349460963,0.8827968805253568,0.2578371732836206,self
theory,251,53,0.4362356773195305,0.30193870095100006,0.30004244180406076,0.9022796696383943,0.236502285947298,self
theory,251,54,0.5025257723194515,0.23510657684604028,0.24134576941355312,0.9185238156732909,0.2124895717215117,self
theory,251,55,0.5500819915874049,0.1923049035792582,0.19217749798247802,0.9320676814346085,0.19623800867402535,self
theory,251,56,0.6189416547837837,0.13794518933597502,0.14241856357149832,0.9433601371516729,0.18495006945945164,self
theory,251,57,0.6649293822597466,0.10665870292919324,0.09984635730030111,0.9527754369168304,0.17689929551669545,self
theory,251,58,0.7084744522959442,0.08073778771594223,0.05426933804822992,0.9606256221988339,0.1710075830971195,self
theory,251,59,0.7751898398701057,0.04801262769274728,0.06626509933964335,0.9671708635080735,0.1665918351231419,self
theory,251,60,0.8401893508034224,0.024262471416800012,0.021711685443112506,0.9726280829566882,0.16321158707132224,self
theory,251,61,0.8688135917682115,0.016349380019519594,0.008978627679106217,0.9771781434820805,0.1605769544807181,self
theory,251,62,0.9099767557531048,0.007698975279499346,0.0,0.98097184299878,0.15849270709808908,self
theory,251,63,0.8478552829782867,0.021990614171736353,0.024042415858834366,0.9841349121365834,0.15682404744015505,self
theory,251,64,0.8001159680782546,0.037955944906428674,0.03561104725130244,0.9867721811997984,0.155475480835862,self
theory,251,65,0.732083672732572,0.0681902004956442,0.055601072178002704,0.9889710544487784,0.15437762144742395,self
theory,251,66,0.6645545570996458,0.10689746290448401,0.10681550885056515,0.9908044068482434,0.1534788394694949,self
theory,251,67,0.6173428485991446,0.13910517074230636,0.1368402450899694,0.9923329992862947,0.15273988507938438,self
theory,251,68,0.5545072919563956,0.18854056527402294,0.18168080220823718,0.9936074923092125,0.15213036090022408,self
theory,251,69,0.5027047408868776,0.2349374459995682,0.23201627320485974,0.9946701251111494,0.1516263563974788,self
theory,251,70,0.43392217208681044,0.30442190189216883,0.31502774948788353,0.9955561154237265,0.151208823457088,self
theory,251,71,0.3740702568127541,0.372198641236129,0.37844986833235283,0.9962948267006132,0.15086243304089525,self
theory,251,72,0.30598095386879676,0.45757931457322193,0.45713823421280436,0.9969107412798734,0.15544059648898742,self
