stage,seed,condition,model,generating_carrier_id,selected_carrier_id,samples_to_formation,formed,formation_rmse,interference_shared_carrier,interference_baseline_rmse,interference_after_rmse,interference_degradation,cluster_margin,estimate_affect,estimate_self_world_coupling,estimate_policy,estimate_policy_outcome_coupling,carrier_residue_norm,coupling_residue_norm,carrier_ablation_loss,coupling_ablation_loss,carrier_residue_present,coupling_residue_present
pilot,18101,prepared,assembly,1,1,9,true,0.254054197153409,false,0.254054197153409,0.254054197153409,0.0,0.5867461055069433,-0.6724939363648951,0.08561047753305472,-0.5824874173766533,-0.4474617880639497,0.0,0.21955257607603826,0.0,0.21955257607603826,false,true
pilot,18101,prepared,recruitment,1,1,4,true,0.07279993886480314,true,0.07279993886480314,0.1023917045634104,0.02959176569860726,1.608629496819082,-1.1003884224618508,0.07416222140659096,-0.914283602720415,-0.4075589002333947,1.5305227865013966,0.0,1.5305227865013966,0.0,true,false
pilot,18101,prepared,hybrid,1,1,4,true,0.07279993886480314,true,0.07279993886480314,0.1023917045634104,0.02959176569860726,1.608629496819082,-1.1003884224618508,0.07416222140659096,-0.914283602720415,-0.4075589002333947,1.5305227865013966,0.2001802899516819,1.5305227865013966,0.2001802899516819,true,true
pilot,18101,arbitrary,assembly,0,3,7,true,0.23580555354147376,false,0.23580555354147376,0.23580555354147376,0.0,0.1867512621225501,-0.15259310444313273,0.016676658901207033,-0.9470895386242818,0.00617225840821098,0.0,0.11499809150754649,0.0,0.11499809150754649,false,false
pilot,18101,arbitrary,recruitment,0,3,8,true,0.24695195126298713,true,0.24695195126298713,0.6600471397357701,0.413095188472783,0.37211409835438325,0.03068838673141918,0.031603298097318516,-1.1548622500821337,-0.01223523668709102,0.7106335201775948,0.0,0.7106335201775948,0.0,true,false
pilot,18101,arbitrary,hybrid,0,3,8,true,0.24695195126298713,true,0.24695195126298713,0.6600471397357701,0.413095188472783,0.37211409835438325,0.03068838673141918,0.031603298097318516,-1.1548622500821337,-0.01223523668709102,0.7106335201775948,0.10485120108041,0.7106335201775948,0.10485120108041,true,false
pilot,18101,shuffled,assembly,1,2,18,true,0.2593244715943923,true,0.2593244715943923,0.2593244715943923,0.0,0.967778718434724,-1.1234814730945575,-0.5723599394597598,-0.6107653899391546,0.22243546946887,0.0,0.5857790969775666,0.0,0.5857790969775666,false,true
pilot,18101,shuffled,recruitment,1,2,10,true,0.26898067965248973,true,0.26898067965248973,0.38056530192128735,0.11158462226879762,1.45758915456905,-0.9915794147121536,-0.5204337950083516,-0.8914733563054372,0.36204278006996116,1.0124228365658292,0.0,1.0124228365658292,0.0,true,false
pilot,18101,shuffled,hybrid,1,2,10,true,0.26898067965248973,true,0.26898067965248973,0.38056530192128735,0.11158462226879762,1.45758915456905,-0.9915794147121536,-0.5204337950083516,-0.8914733563054372,0.36204278006996116,1.0124228365658292,0.5340927060677813,1.0124228365658292,0.5340927060677813,true,true
pilot,18102,prepared,assembly,2,2,6,true,0.20766624449145082,true,0.20766624449145082,0.20766624449145082,0.0,0.6984092899492902,-0.13211212875865722,0.30737059073239165,0.43871713181488037,0.08533346528736382,0.0,0.30400471896029063,0.0,0.30400471896029063,false,true
pilot,18102,prepared,recruitment,2,2,4,true,0.09626961857803508,true,0.09626961857803508,0.18970351611880068,0.0934338975407656,1.4065378717500983,-0.3458025211226589,0.25203479856506344,0.72730102549433,0.056159024648948654,0.873212459828649,0.0,0.873212459828649,0.0,true,false
pilot,18102,prepared,hybrid,2,2,4,true,0.09626961857803508,true,0.09626961857803508,0.18970351611880068,0.0934338975407656,1.4065378717500983,-0.3458025211226589,0.25203479856506344,0.72730102549433,0.056159024648948654,0.873212459828649,0.2771807731696767,0.873212459828649,0.2771807731696767,true,true
pilot,18102,arbitrary,assembly,0,2,2,true,0.20530416485540812,false,0.20530416485540812,0.20530416485540812,0.0,0.10104533109818237,-0.053042898998172425,-0.039105347954072875,0.12826320787880516,-0.26756859995941207,0.0,0.21206805114404353,0.0,0.21206805114404353,false,true
pilot,18102,arbitrary,recruitment,0,2,11,true,0.2657962022318031,true,0.2657962022318031,0.18163715062408112,-0.084159051607722,0.42649034834781396,-0.11286053869963644,-0.05414472328485562,0.2872487104132829,-0.2833103389980654,0.873212459828649,0.0,0.873212459828649,0.0,true,false
pilot,18102,arbitrary,hybrid,0,2,11,true,0.2657962022318031,true,0.2657962022318031,0.18163715062408112,-0.084159051607722,0.42649034834781396,-0.11286053869963644,-0.05414472328485562,0.2872487104132829,-0.2833103389980654,0.873212459828649,0.1933561642783926,0.873212459828649,0.1933561642783926,true,true
pilot,18102,shuffled,assembly,2,1,5,true,0.1879619446604661,true,0.1879619446604661,0.1879619446604661,0.0,0.23858070900621497,-0.2909365339006338,0.18709155398361368,0.5555341720884698,-0.14483875218192135,0.0,0.31949663940384976,0.0,0.31949663940384976,false,true
pilot,18102,shuffled,recruitment,2,1,13,true,0.2547295886111486,true,0.2547295886111486,0.41270771021773023,0.15797812160658165,0.5222171726453713,-0.6048323178046748,0.40554396238861806,0.9562691841384239,-0.29431916124011254,1.697056274847714,0.0,1.697056274847714,0.0,true,false
pilot,18102,shuffled,hybrid,2,1,13,true,0.2547295886111486,true,0.2547295886111486,0.41270771021773023,0.15797812160658165,0.5222171726453713,-0.6048323178046748,0.40554396238861806,0.9562691841384239,-0.29431916124011254,1.697056274847714,0.29130575945645126,1.697056274847714,0.29130575945645126,true,true
pilot,18103,prepared,assembly,3,3,4,true,0.26707682154707885,true,0.26707682154707885,0.26707682154707885,0.0,1.17496437307688,0.35260620795380343,0.2212295084551943,-0.38942465382366237,-0.014073375209840564,0.0,0.22560036975494732,0.0,0.22560036975494732,false,true
pilot,18103,prepared,recruitment,3,3,4,true,0.12229174029378163,true,0.12229174029378163,0.16257312455864176,0.04028138426486012,1.5390606441462629,0.6537374296732604,0.2212295084551943,-0.6358047443213999,-0.014073375209840564,0.7106335201775948,0.0,0.7106335201775948,0.0,true,false
pilot,18103,prepared,hybrid,3,3,4,true,0.12229174029378163,true,0.12229174029378163,0.16257312455864176,0.04028138426486012,1.5390606441462629,0.6537374296732604,0.2212295084551943,-0.6358047443213999,-0.014073375209840564,0.7106335201775948,0.2056944547765696,0.7106335201775948,0.2056944547765696,true,true
pilot,18103,arbitrary,assembly,0,2,6,true,0.2686600032432779,true,0.2686600032432779,0.2686600032432779,0.0,0.40826253443952,-0.0705896634518169,-0.10913360329500911,0.3046081314717545,0.1682548718829205,0.0,0.23203677961125826,0.0,0.23203677961125826,false,true
pilot,18103,arbitrary,recruitment,0,2,8,true,0.23636288310364884,true,0.23636288310364884,0.19009247027738557,-0.04627041282626326,0.9859610652303563,-0.11717653979978258,-0.07470849982050348,0.6333298937638756,0.25219468724689675,0.873212459828649,0.0,0.873212459828649,0.0,true,false
pilot,18103,arbitrary,hybrid,0,2,8,true,0.23636288310364884,true,0.23636288310364884,0.19009247027738557,-0.04627041282626326,0.9859610652303563,-0.11717653979978258,-0.07470849982050348,0.6333298937638756,0.25219468724689675,0.873212459828649,0.21156294611614723,0.873212459828649,0.21156294611614723,true,true
pilot,18103,shuffled,assembly,3,2,3,true,0.2090075537202751,false,0.2090075537202751,0.2090075537202751,0.0,0.20376907826629753,0.1442244680537119,-0.2679815237424463,-0.3797935444628672,-0.05577822859041548,0.0,0.10461360805445613,0.0,0.10461360805445613,false,false
pilot,18103,shuffled,recruitment,3,2,14,true,0.25310227848446315,true,0.25310227848446315,0.2659471131942397,0.012844834709776543,0.6445527718436646,0.05907271165802743,-0.16047216458415364,-0.7735583782198225,-0.20919671607914006,1.0124228365658292,0.0,1.0124228365658292,0.0,true,false
pilot,18103,shuffled,hybrid,3,2,14,true,0.25310227848446315,true,0.25310227848446315,0.2659471131942397,0.012844834709776543,0.6445527718436646,0.05907271165802743,-0.16047216458415364,-0.7735583782198225,-0.20919671607914006,1.0124228365658292,0.09538299557906292,1.0124228365658292,0.09538299557906292,true,false
pilot,18104,prepared,assembly,4,4,13,true,0.2503319974121139,true,0.2503319974121139,0.2503319974121139,0.0,0.89834804320155,0.9192804219950972,-0.17418016413409895,0.8736279258530774,0.23832499911596153,0.0,0.08276555428424706,0.0,0.08276555428424706,false,false
pilot,18104,prepared,recruitment,4,4,4,true,0.09033649932455738,true,0.09033649932455738,0.12198931980283888,0.031652820478281496,1.47722971635965,1.1507895682963907,0.003930493826282057,1.1582739792573928,0.18569419798273287,1.6278820596099708,0.0,1.6278820596099708,0.0,true,false
pilot,18104,prepared,hybrid,4,4,4,true,0.09033649932455738,true,0.09033649932455738,0.12198931980283888,0.031652820478281496,1.47722971635965,1.1507895682963907,0.003930493826282057,1.1582739792573928,0.18569419798273287,1.6278820596099708,0.07546271125916643,1.6278820596099708,0.07546271125916643,true,false
pilot,18104,arbitrary,assembly,0,2,3,true,0.19741516191768513,true,0.19741516191768513,0.19741516191768513,0.0,0.08337985865739561,-0.1184822040762334,0.0691170967724018,-0.03748510601131045,-0.03883243722227717,0.0,0.3005040574504823,0.0,0.3005040574504823,false,true
pilot,18104,arbitrary,recruitment,0,2,4,true,0.18388917386500353,true,0.18388917386500353,0.16114940566311553,-0.022739768201888,0.9228405790964209,-0.3229634502860442,0.23915157658362204,0.46168509047188566,-0.04131864574142941,0.873212459828649,0.0,0.873212459828649,0.0,true,false
pilot,18104,arbitrary,hybrid,0,2,4,true,0.18388917386500353,true,0.18388917386500353,0.16114940566311553,-0.022739768201888,0.9228405790964209,-0.3229634502860442,0.23915157658362204,0.46168509047188566,-0.04131864574142941,0.873212459828649,0.27398899355779266,0.873212459828649,0.27398899355779266,true,true
pilot,18104,shuffled,assembly,4,3,10,true,0.2678736693689435,true,0.2678736693689435,0.2678736693689435,0.0,1.1339921860723254,0.667901241745919,0.2615091564321625,0.7401876189023389,-0.42090601418121204,0.0,0.2944232430983939,0.0,0.2944232430983939,false,true
pilot,18104,shuffled,recruitment,4,3,4,true,0.2135890445520169,true,0.2135890445520169,0.3278527957912359,0.11426375123921897,1.2245053467716631,0.748723454034436,0.24155768105143235,1.0681778710098946,-0.1678627900147234,0.97082439194738,0.0,0.97082439194738,0.0,true,false
pilot,18104,shuffled,hybrid,4,3,4,true,0.2135890445520169,true,0.2135890445520169,0.3278527957912359,0.11426375123921897,1.2245053467716631,0.748723454034436,0.24155768105143235,1.0681778710098946,-0.1678627900147234,0.97082439194738,0.2684447216485356,0.97082439194738,0.2684447216485356,true,true
pilot,18105,prepared,assembly,1,1,17,true,0.23714088401192648,true,0.23714088401192648,0.23714088401192648,0.0,0.8218272975887295,-0.7493406495700331,-0.16540458000512576,-0.721047410997281,-0.5045613436968747,0.0,0.4948824235613552,0.0,0.4948824235613552,false,true
pilot,18105,prepared,recruitment,1,1,7,true,0.2395139882675165,true,0.2395139882675165,0.30784362428113976,0.06832963601362327,1.406011680117641,-0.9922400897155461,-0.09298152940946679,-0.9287906284990083,-0.2549741598514432,1.5305227865013966,0.0,1.5305227865013966,0.0,true,false
pilot,18105,prepared,hybrid,1,1,7,true,0.2395139882675165,true,0.2395139882675165,0.30784362428113976,0.06832963601362327,1.406011680117641,-0.9922400897155461,-0.09298152940946679,-0.9287906284990083,-0.2549741598514432,1.5305227865013966,0.45121632736476497,1.5305227865013966,0.45121632736476497,true,true
pilot,18105,arbitrary,assembly,0,2,6,true,0.2649626160833824,false,0.2649626160833824,0.2649626160833824,0.0,0.7261780115066503,-0.2808869645532476,-0.10990076072671642,0.366636148589327,-0.1878107735046276,0.0,0.2474961792379429,0.0,0.2474961792379429,false,true
pilot,18105,arbitrary,recruitment,0,2,4,true,0.20459453619566556,true,0.20459453619566556,0.5024475758454836,0.297853039649818,1.3832609736986363,-0.36883278350159054,-0.04344007166473624,0.7073877733522425,-0.11983926893440261,0.873212459828649,0.0,0.873212459828649,0.0,true,false
pilot,18105,arbitrary,hybrid,0,2,4,true,0.20459453619566556,true,0.20459453619566556,0.5024475758454836,0.297853039649818,1.3832609736986363,-0.36883278350159054,-0.04344007166473624,0.7073877733522425,-0.11983926893440261,0.873212459828649,0.22565828106988906,0.873212459828649,0.22565828106988906,true,true
pilot,18105,shuffled,assembly,1,2,12,true,0.24579882627734345,true,0.24579882627734345,0.24579882627734345,0.0,0.8904673143807825,-1.0751702874533164,-0.527758903551903,-0.5259918137564904,0.41740621176434545,0.0,0.6103969589511611,0.0,0.6103969589511611,false,true
pilot,18105,shuffled,recruitment,1,2,4,true,0.23689746795043337,true,0.23689746795043337,0.34441615870176095,0.10751869075132758,1.4876746886330943,-0.9169004414071336,-0.43529234075149303,-0.870073345306712,0.39855971730486855,1.0124228365658292,0.0,1.0124228365658292,0.0,true,false
pilot,18105,shuffled,hybrid,1,2,4,true,0.23689746795043337,true,0.23689746795043337,0.34441615870176095,0.10751869075132758,1.4876746886330943,-0.9169004414071336,-0.43529234075149303,-0.870073345306712,0.39855971730486855,1.0124228365658292,0.556538403749588,1.0124228365658292,0.556538403749588,true,true
pilot,18106,prepared,assembly,2,2,10,true,0.22606205924654804,true,0.22606205924654804,0.22606205924654804,0.0,0.96915170556592,-0.2214479128773951,0.14104891926363308,0.5424416128384285,-0.5082561505899007,0.0,0.5785831577907167,0.0,0.5785831577907167,false,true
pilot,18106,prepared,recruitment,2,2,4,true,0.2205182090430642,true,0.2205182090430642,0.29058348612453533,0.07006527708147112,1.4874232566038732,-0.4202170055759745,0.18031883076300217,0.774363574287044,-0.43098235863893347,0.873212459828649,0.0,0.873212459828649,0.0,true,false
pilot,18106,prepared,hybrid,2,2,4,true,0.2205182090430642,true,0.2205182090430642,0.29058348612453533,0.07006527708147112,1.4874232566038732,-0.4202170055759745,0.18031883076300217,0.774363574287044,-0.43098235863893347,0.873212459828649,0.5275317026915357,0.873212459828649,0.5275317026915357,true,true
pilot,18106,arbitrary,assembly,0,2,3,true,0.24104280276496381,false,0.24104280276496381,0.24104280276496381,0.0,0.14807069204177703,0.05376380478768914,0.06261305439070486,0.23293983526517675,0.1559637617437675,0.0,0.32607980151990434,0.0,0.32607980151990434,false,true
pilot,18106,arbitrary,recruitment,0,2,9,true,0.23489971201429638,true,0.23489971201429638,0.40074091736964784,0.16584120535535146,0.5149485992095338,0.0938750079520832,0.04876291696525502,0.4978595922356189,0.44551307422551306,0.873212459828649,0.0,0.873212459828649,0.0,true,false
pilot,18106,arbitrary,hybrid,0,2,9,true,0.23489971201429638,true,0.23489971201429638,0.40074091736964784,0.16584120535535146,0.5149485992095338,0.0938750079520832,0.04876291696525502,0.4978595922356189,0.44551307422551306,0.873212459828649,0.2973080543269716,0.873212459828649,0.2973080543269716,true,true
pilot,18106,shuffled,assembly,2,1,5,true,0.2608223756932913,true,0.2608223756932913,0.2608223756932913,0.0,0.06915223525454195,-0.4360975440193428,-0.19132992096866316,0.3182359350970486,0.27218494869922377,0.0,0.04806505839096741,0.0,0.04806505839096741,false,false
pilot,18106,shuffled,recruitment,2,1,7,true,0.19591413956220738,true,0.19591413956220738,0.3326087978074875,0.1366946582452801,0.8679534947813233,-0.859599399016858,-0.07561062650267296,0.778472044533898,0.23532804001600463,1.697056274847714,0.0,1.697056274847714,0.0,true,false
pilot,18106,shuffled,hybrid,2,1,7,true,0.19591413956220738,true,0.19591413956220738,0.3326087978074875,0.1366946582452801,0.8679534947813233,-0.859599399016858,-0.07561062650267296,0.778472044533898,0.23532804001600463,1.697056274847714,0.043824023827058516,1.697056274847714,0.043824023827058516,true,false
pilot,18107,prepared,assembly,3,3,3,true,0.2271211878785701,true,0.2271211878785701,0.2271211878785701,0.0,0.7306251466655,0.38302077955511926,0.05234914691582353,-0.07479485272767135,0.15514775062807645,0.0,0.16806864947458006,0.0,0.16806864947458006,false,true
pilot,18107,prepared,recruitment,3,3,4,true,0.22321870604909666,true,0.22321870604909666,0.32907137748804777,0.10585267143895111,1.432626905217518,0.7520331165613493,0.008079855878681591,-0.4120947110872061,0.20742301958591663,0.7106335201775948,0.0,0.7106335201775948,0.0,true,false
pilot,18107,prepared,hybrid,3,3,4,true,0.22321870604909666,true,0.22321870604909666,0.32907137748804777,0.10585267143895111,1.432626905217518,0.7520331165613493,0.008079855878681591,-0.4120947110872061,0.20742301958591663,0.7106335201775948,0.15323906275623475,0.7106335201775948,0.15323906275623475,true,true
pilot,18107,arbitrary,assembly,0,3,10,true,0.2744608316452596,true,0.2744608316452596,0.2744608316452596,0.0,1.524787484112161,0.6366370275705922,-0.2544443406958548,-0.752810721553479,-0.5267201092362291,0.0,0.5706623860833552,0.0,0.5706623860833552,false,true
pilot,18107,arbitrary,recruitment,0,3,6,true,0.2619940297010929,true,0.2619940297010929,0.4242861919127575,0.1622921622116646,1.366055786389309,0.6955272237863017,-0.22719358626121863,-0.9591021236895926,-0.4176967206047003,0.7106335201775948,0.0,0.7106335201775948,0.0,true,false
pilot,18107,arbitrary,hybrid,0,3,6,true,0.2619940297010929,true,0.2619940297010929,0.4242861919127575,0.1622921622116646,1.366055786389309,0.6955272237863017,-0.22719358626121863,-0.9591021236895926,-0.4176967206047003,0.7106335201775948,0.520309822605412,0.7106335201775948,0.520309822605412,true,true
pilot,18107,shuffled,assembly,3,3,10,true,0.2608978862171909,false,0.2608978862171909,0.2608978862171909,0.0,0.110100037103397,0.2890573809089319,-0.2025252045578063,-0.25498389976630115,-0.13308359747246604,0.0,0.04210918911062343,0.0,0.04210918911062343,false,false
pilot,18107,shuffled,recruitment,3,3,13,true,0.2603752944558295,true,0.2603752944558295,0.17489942877145695,-0.08547586568437257,0.16719194145762706,0.5027848906303581,-0.09519869824745911,-0.07245858074435617,-0.0904987019096784,0.97082439194738,0.0,0.97082439194738,0.0,true,false
pilot,18107,shuffled,hybrid,3,3,13,true,0.2603752944558295,true,0.2603752944558295,0.17489942877145695,-0.08547586568437257,0.16719194145762706,0.5027848906303581,-0.09519869824745911,-0.07245858074435617,-0.0904987019096784,0.97082439194738,0.03839367242439195,0.97082439194738,0.03839367242439195,true,false
pilot,18108,prepared,assembly,4,4,8,true,0.2166499208042213,true,0.2166499208042213,0.2166499208042213,0.0,0.6342699245442964,0.7127226630264537,0.05785733050178542,0.982749305824145,-0.425886653146134,0.0,0.37445630033107025,0.0,0.37445630033107025,false,true
pilot,18108,prepared,recruitment,4,4,4,true,0.20597978949101703,true,0.20597978949101703,0.33386518805622706,0.12788539856521003,1.2592176506848616,1.0387875141238117,0.13673027730172643,1.480926576423106,-0.33723463733504944,1.6278820596099708,0.0,1.6278820596099708,0.0,true,false
pilot,18108,prepared,hybrid,4,4,4,true,0.20597978949101703,true,0.20597978949101703,0.33386518805622706,0.12788539856521003,1.2592176506848616,1.0387875141238117,0.13673027730172643,1.480926576423106,-0.33723463733504944,1.6278820596099708,0.3414160385371523,1.6278820596099708,0.3414160385371523,true,true
pilot,18108,arbitrary,assembly,0,3,4,true,0.2258965082574649,true,0.2258965082574649,0.2258965082574649,0.0,0.35784654301023233,-0.1126505790660728,-0.05834147645677156,-0.2292786298605513,-0.10886146485572683,0.0,0.34363553778860584,0.0,0.34363553778860584,false,true
pilot,18108,arbitrary,recruitment,0,3,8,true,0.222982122762947,true,0.222982122762947,0.3301026827417116,0.10712055997876463,0.6064010681640536,-0.00885219371258181,-0.24089557059627142,-0.32796221020704674,-0.2694278048686184,0.7106335201775948,0.0,0.7106335201775948,0.0,true,false
pilot,18108,arbitrary,hybrid,0,3,8,true,0.222982122762947,true,0.222982122762947,0.3301026827417116,0.10712055997876463,0.6064010681640536,-0.00885219371258181,-0.24089557059627142,-0.32796221020704674,-0.2694278048686184,0.7106335201775948,0.31331475504255235,0.7106335201775948,0.31331475504255235,true,true
pilot,18108,shuffled,assembly,4,3,10,true,0.27215760992147214,true,0.27215760992147214,0.27215760992147214,0.0,0.9964466850281413,0.917857584537842,0.16261416896027298,0.9219552787493422,-0.6989420559481782,0.0,0.6395675378406834,0.0,0.6395675378406834,false,true
pilot,18108,shuffled,recruitment,4,3,7,true,0.2656864577273931,true,0.2656864577273931,0.340076929311512,0.07439047158411893,1.0303913045195396,1.0090425881207208,0.1488834324334194,1.1631440683159502,-0.47689795820874276,0.97082439194738,0.0,0.97082439194738,0.0,true,false
pilot,18108,shuffled,hybrid,4,3,7,true,0.2656864577273931,true,0.2656864577273931,0.340076929311512,0.07439047158411893,1.0303913045195396,1.0090425881207208,0.1488834324334194,1.1631440683159502,-0.47689795820874276,0.97082439194738,0.5831351080312114,0.97082439194738,0.5831351080312114,true,true
pilot,18109,prepared,assembly,1,1,11,true,0.25506799333167146,true,0.25506799333167146,0.25506799333167146,0.0,1.1853660550369707,-0.9974165574576208,-0.031263129840154745,-0.6365106626884354,-0.4262916128997661,0.0,0.22049275715306166,0.0,0.22049275715306166,false,true
pilot,18109,prepared,recruitment,1,1,4,true,0.09453881981788506,true,0.09453881981788506,0.1593450413550047,0.06480622153711965,1.8177351066413543,-1.368603931586735,-0.1423266717688603,-0.9679754314523313,-0.34571939500478743,1.5305227865013966,0.0,1.5305227865013966,0.0,true,false
pilot,18109,prepared,hybrid,1,1,4,true,0.09453881981788506,true,0.09453881981788506,0.1593450413550047,0.06480622153711965,1.8177351066413543,-1.368603931586735,-0.1423266717688603,-0.9679754314523313,-0.34571939500478743,1.5305227865013966,0.20103751387485033,1.5305227865013966,0.20103751387485033,true,true
pilot,18109,arbitrary,assembly,0,2,8,true,0.27750072572020834,true,0.27750072572020834,0.27750072572020834,0.0,0.4313092100436865,0.02235585395650658,-0.15589778373517504,0.3857098643915444,0.06838924055160278,0.0,0.3966434814799002,0.0,0.3966434814799002,false,true
pilot,18109,arbitrary,recruitment,0,2,8,true,0.26385681588555887,true,0.26385681588555887,0.2584709541035082,-0.005385861782050694,1.0482190210776772,-0.10957561021794825,-0.15589778373517504,0.6872674967902983,0.06838924055160278,0.873212459828649,0.0,0.873212459828649,0.0,true,false
pilot,18109,arbitrary,hybrid,0,2,8,true,0.26385681588555887,true,0.26385681588555887,0.2584709541035082,-0.005385861782050694,1.0482190210776772,-0.10957561021794825,-0.15589778373517504,0.6872674967902983,0.06838924055160278,0.873212459828649,0.3616455272316737,0.873212459828649,0.3616455272316737,true,true
pilot,18109,shuffled,assembly,1,2,15,true,0.2712727215736837,true,0.2712727215736837,0.2712727215736837,0.0,0.9396843787038952,-0.9316944858402574,0.6030326860991545,-0.47150063015993876,-0.5616786746237127,0.0,0.7602994682050348,0.0,0.7602994682050348,false,true
pilot,18109,shuffled,recruitment,1,2,11,true,0.2553611771397094,true,0.2553611771397094,0.3196240746195813,0.0642628974798719,1.2875111050915111,-0.9365159402325798,0.529347191214563,-0.7050045773320719,-0.5542910701164333,1.0124228365658292,0.0,1.0124228365658292,0.0,true,false
pilot,18109,shuffled,hybrid,1,2,11,true,0.2553611771397094,true,0.2553611771397094,0.3196240746195813,0.0642628974798719,1.2875111050915111,-0.9365159402325798,0.529347191214563,-0.7050045773320719,-0.5542910701164333,1.0124228365658292,0.6932142210104728,1.0124228365658292,0.6932142210104728,true,true
pilot,18110,prepared,assembly,2,2,5,true,0.22644198501338306,true,0.22644198501338306,0.22644198501338306,0.0,1.1943165634520572,-0.1882596675781233,0.22958204497673956,0.7198186645197796,0.2730707238527754,0.0,0.1587598640828751,0.0,0.1587598640828751,false,true
pilot,18110,prepared,recruitment,2,2,4,true,0.2578657668838737,true,0.2578657668838737,0.35959857667639616,0.10173280979252247,1.272672444743987,-0.44114330135467966,0.20085374553277932,1.0593273105021372,0.3017609184717536,0.873212459828649,0.0,0.873212459828649,0.0,true,false
pilot,18110,prepared,hybrid,2,2,4,true,0.2578657668838737,true,0.2578657668838737,0.35959857667639616,0.10173280979252247,1.272672444743987,-0.44114330135467966,0.20085374553277932,1.0593273105021372,0.3017609184717536,0.873212459828649,0.14475164078144492,0.873212459828649,0.14475164078144492,true,false
pilot,18110,arbitrary,assembly,0,2,4,true,0.20133635340857284,false,0.20133635340857284,0.20133635340857284,0.0,0.12071768650314962,0.16397710505255061,-0.21975124609622262,0.146608607504221,0.17136941036432848,0.0,0.3652175209828171,0.0,0.3652175209828171,false,true
pilot,18110,arbitrary,recruitment,0,2,12,true,0.25499826367471584,true,0.25499826367471584,0.38704880451762685,0.132050540842911,0.33782256898540275,0.007029889200876812,-0.1935213722265573,0.31620889350056597,0.23759597780672925,0.873212459828649,0.0,0.873212459828649,0.0,true,false
pilot,18110,arbitrary,hybrid,0,2,12,true,0.25499826367471584,true,0.25499826367471584,0.38704880451762685,0.132050540842911,0.33782256898540275,0.007029889200876812,-0.1935213722265573,0.31620889350056597,0.23759597780672925,0.873212459828649,0.33299244560198027,0.873212459828649,0.33299244560198027,true,true
pilot,18110,shuffled,assembly,2,3,3,true,0.2350121664434032,false,0.2350121664434032,0.2350121664434032,0.0,0.4956118381124447,-0.11174316710944601,-0.20378345894211483,0.3333916401727633,0.1303517739934119,0.0,0.36197299912306263,0.0,0.36197299912306263,false,true
pilot,18110,shuffled,recruitment,2,3,4,true,0.2445652572438413,true,0.2445652572438413,0.21875177102901786,-0.025813486214823433,1.0417308681949882,0.1644034684175971,-0.24996360250260194,0.7789166631703734,0.13877488375941424,0.97082439194738,0.0,0.97082439194738,0.0,true,false
pilot,18110,shuffled,hybrid,2,3,4,true,0.2445652572438413,true,0.2445652572438413,0.21875177102901786,-0.025813486214823433,1.0417308681949882,0.1644034684175971,-0.24996360250260194,0.7789166631703734,0.13877488375941424,0.97082439194738,0.3300342050827924,0.97082439194738,0.3300342050827924,true,true
confirmation,18201,prepared,assembly,1,1,13,true,0.26310770105715314,true,0.26310770105715314,0.26310770105715314,0.0,1.072271254786177,-0.8373649399120019,-0.19290560436688978,-0.8585318153421775,-1.2044733322717949,0.0,0.9281197499248889,0.0,0.9281197499248889,false,true
confirmation,18201,prepared,recruitment,1,1,7,true,0.249714269921311,true,0.249714269921311,0.3514546841217122,0.10174041420040122,1.721847635812795,-1.1690883042569753,-0.2927993393256654,-1.0408172711634809,-0.944532869411165,1.5305227865013966,0.0,1.5305227865013966,0.0,true,false
confirmation,18201,prepared,hybrid,1,1,7,true,0.249714269921311,true,0.249714269921311,0.3514546841217122,0.10174041420040122,1.721847635812795,-1.1690883042569753,-0.2927993393256654,-1.0408172711634809,-0.944532869411165,1.5305227865013966,0.8462268308138692,1.5305227865013966,0.8462268308138692,true,true
confirmation,18201,arbitrary,assembly,0,3,11,true,0.24684391552803123,false,0.24684391552803123,0.24684391552803123,0.0,0.4939186724904201,0.10433721059216608,-0.3500061457996449,-0.13508417479292908,-0.34162566123379445,0.0,0.5763832202452525,0.0,0.5763832202452525,false,true
confirmation,18201,arbitrary,recruitment,0,3,12,true,0.2532468953655669,true,0.2532468953655669,0.4758621584186292,0.22261526305306234,0.8476257577461312,0.256878136195386,-0.3851989971257375,-0.24283341386794902,-0.3563808456192326,0.7106335201775948,0.0,0.7106335201775948,0.0,true,false
confirmation,18201,arbitrary,hybrid,0,3,12,true,0.2532468953655669,true,0.2532468953655669,0.4758621584186292,0.22261526305306234,0.8476257577461312,0.256878136195386,-0.3851989971257375,-0.24283341386794902,-0.3563808456192326,0.7106335201775948,0.5255258772824359,0.7106335201775948,0.5255258772824359,true,true
confirmation,18201,shuffled,assembly,1,2,21,true,0.23561307133601564,true,0.23561307133601564,0.23561307133601564,0.0,1.4562839425571517,-0.7640694417395383,-0.2400403797372861,-0.8000807702162437,0.36066461732553834,0.0,0.4343258416008975,0.0,0.4343258416008975,false,true
confirmation,18201,shuffled,recruitment,1,2,13,true,0.24826328078383594,true,0.24826328078383594,0.36402070312763585,0.1157574223437999,1.520606313892838,-0.722484306685085,-0.28094922590297966,-0.9630366474179252,0.29938111504368337,1.0124228365658292,0.0,1.0124228365658292,0.0,true,false
confirmation,18201,shuffled,hybrid,1,2,13,true,0.24826328078383594,true,0.24826328078383594,0.36402070312763585,0.1157574223437999,1.520606313892838,-0.722484306685085,-0.28094922590297966,-0.9630366474179252,0.29938111504368337,1.0124228365658292,0.39600297322434763,1.0124228365658292,0.39600297322434763,true,true
confirmation,18202,prepared,assembly,2,2,9,true,0.2697449085464721,true,0.2697449085464721,0.2697449085464721,0.0,1.1969895034814513,-0.36581714402000115,0.4312530638021125,0.6024770221525817,-0.039886246712812566,0.0,0.526567655646046,0.0,0.526567655646046,false,true
confirmation,18202,prepared,recruitment,2,2,5,true,0.26769995208541575,true,0.26769995208541575,0.2797803205728024,0.012080368487386639,1.4398483033619451,-0.3331999964334491,0.32701595016474144,0.83524069958117,-0.017976168204531073,0.873212459828649,0.0,0.873212459828649,0.0,true,false
confirmation,18202,prepared,hybrid,2,2,5,true,0.26769995208541575,true,0.26769995208541575,0.2797803205728024,0.012080368487386639,1.4398483033619451,-0.3331999964334491,0.32701595016474144,0.83524069958117,-0.017976168204531073,0.873212459828649,0.4801058036772773,0.873212459828649,0.4801058036772773,true,true
confirmation,18202,arbitrary,assembly,0,3,5,true,0.2178343043557238,false,0.2178343043557238,0.2178343043557238,0.0,0.39096661824609613,-0.08960676013185816,0.10089835894317106,-0.8006604671644704,-0.0986403117815356,0.0,0.2745418873572154,0.0,0.2745418873572154,false,true
confirmation,18202,arbitrary,recruitment,0,3,11,true,0.24731623302828543,true,0.24731623302828543,0.13265751684481855,-0.11465871618346687,0.6100397717751704,0.14012658232110906,0.31961395873237236,-1.0595741533362864,0.06714263954761056,0.7106335201775948,0.0,0.7106335201775948,0.0,true,false
confirmation,18202,arbitrary,hybrid,0,3,11,true,0.24731623302828543,true,0.24731623302828543,0.13265751684481855,-0.11465871618346687,0.6100397717751704,0.14012658232110906,0.31961395873237236,-1.0595741533362864,0.06714263954761056,0.7106335201775948,0.2503176031786376,0.7106335201775948,0.2503176031786376,true,true
confirmation,18202,shuffled,assembly,2,3,6,true,0.2584550389534584,false,0.2584550389534584,0.2584550389534584,0.0,0.40159116365628744,-0.17308122220697092,-0.22277468077481927,0.7340824515933364,-0.1271315903999393,0.0,0.31402627669216665,0.0,0.31402627669216665,false,true
confirmation,18202,shuffled,recruitment,2,3,9,true,0.24643034743872988,true,0.24643034743872988,0.2551447156297023,0.008714368190972432,0.39584647956259356,-0.10446222335167671,-0.1969958550614704,1.068813579340638,0.03802442466146999,0.97082439194738,0.0,0.97082439194738,0.0,true,false
confirmation,18202,shuffled,hybrid,2,3,9,true,0.24643034743872988,true,0.24643034743872988,0.2551447156297023,0.008714368190972432,0.39584647956259356,-0.10446222335167671,-0.1969958550614704,1.068813579340638,0.03802442466146999,0.97082439194738,0.2863180758075637,0.97082439194738,0.2863180758075637,true,true
confirmation,18203,prepared,assembly,3,3,9,true,0.24055190985529734,true,0.24055190985529734,0.24055190985529734,0.0,0.7063291537430667,0.4931759058774505,0.3468507889697726,0.0014279646539411231,0.23056872362209346,0.0,0.2143238655745775,0.0,0.2143238655745775,false,true
confirmation,18203,prepared,recruitment,3,3,4,true,0.10950493806741303,true,0.10950493806741303,0.15946269475032904,0.04995775668291601,1.303815603573192,0.6287829271969824,0.2757720251769202,-0.3005072124658555,0.21376400185719618,0.7106335201775948,0.0,0.7106335201775948,0.0,true,false
confirmation,18203,prepared,hybrid,3,3,4,true,0.10950493806741303,true,0.10950493806741303,0.15946269475032904,0.04995775668291601,1.303815603573192,0.6287829271969824,0.2757720251769202,-0.3005072124658555,0.21376400185719618,0.7106335201775948,0.19541293625917358,0.7106335201775948,0.19541293625917358,true,true
confirmation,18203,arbitrary,assembly,0,3,6,true,0.23287306264997434,false,0.23287306264997434,0.23287306264997434,0.0,0.8269167022073317,0.19722588283812867,0.2362165710976688,-0.8992810615498564,0.14705538451659803,0.0,0.3420263249368907,0.0,0.3420263249368907,false,true
confirmation,18203,arbitrary,recruitment,0,3,5,true,0.18340075152381302,true,0.18340075152381302,0.5133493599199501,0.3299486083961371,1.0396165714076147,0.47135191610690397,0.15016487201842674,-1.0820711261507605,0.18673835043904657,0.7106335201775948,0.0,0.7106335201775948,0.0,true,false
confirmation,18203,arbitrary,hybrid,0,3,5,true,0.18340075152381302,true,0.18340075152381302,0.5133493599199501,0.3299486083961371,1.0396165714076147,0.47135191610690397,0.15016487201842674,-1.0820711261507605,0.18673835043904657,0.7106335201775948,0.31184753156010625,0.7106335201775948,0.31184753156010625,true,true
confirmation,18203,shuffled,assembly,3,2,3,true,0.24701990550857406,false,0.24701990550857406,0.24701990550857406,0.0,0.41841452428041126,0.03420627084557556,0.004245486905612125,-0.428692837498517,-0.15091937900726918,0.0,0.016446754481645474,0.0,0.016446754481645474,false,false
confirmation,18203,shuffled,recruitment,3,2,8,true,0.22875911455930817,true,0.22875911455930817,0.24583961082064354,0.01708049626133537,0.640053697311788,0.08785860996760768,0.029303095038884293,-0.8514783678971595,-0.10509022362631358,1.0124228365658292,0.0,1.0124228365658292,0.0,true,false
confirmation,18203,shuffled,hybrid,3,2,8,true,0.22875911455930817,true,0.22875911455930817,0.24583961082064354,0.01708049626133537,0.640053697311788,0.08785860996760768,0.029303095038884293,-0.8514783678971595,-0.10509022362631358,1.0124228365658292,0.014995570262676755,1.0124228365658292,0.014995570262676755,true,false
confirmation,18204,prepared,assembly,4,4,21,true,0.24548165137990482,false,0.24548165137990482,0.24548165137990482,0.0,1.0634181463143062,0.9281552999682785,-0.5706537638860484,1.0373785165201668,0.38907430182126373,0.0,0.6231722951484835,0.0,0.6231722951484835,false,true
confirmation,18204,prepared,recruitment,4,4,14,true,0.2659663596248004,true,0.2659663596248004,0.2857053770166668,0.019739017391866398,1.3740153721125234,1.1054219876640596,-0.39381138158675694,1.0900972859000515,0.37693430658429217,1.6278820596099708,0.0,1.6278820596099708,0.0,true,false
confirmation,18204,prepared,hybrid,4,4,14,true,0.2659663596248004,true,0.2659663596248004,0.2857053770166668,0.019739017391866398,1.3740153721125234,1.1054219876640596,-0.39381138158675694,1.0900972859000515,0.37693430658429217,1.6278820596099708,0.5681865044000878,1.6278820596099708,0.5681865044000878,true,true
confirmation,18204,arbitrary,assembly,0,4,2,true,0.09735938369349802,true,0.09735938369349802,0.09735938369349802,0.0,0.005259384034285275,0.12660605161094823,-0.16527152979173299,0.19740003614396,-0.014912267714340842,0.0,0.041995527240755136,0.0,0.041995527240755136,false,false
confirmation,18204,arbitrary,recruitment,0,4,14,true,0.24975296744451536,true,0.24975296744451536,0.5035449080091478,0.2537919405646324,0.09450228419619167,0.519013393011745,-0.2376772660374093,0.6742363231644375,-0.10152210214225976,1.6278820596099708,0.0,1.6278820596099708,0.0,true,false
confirmation,18204,arbitrary,hybrid,0,4,14,true,0.24975296744451536,true,0.24975296744451536,0.5035449080091478,0.2537919405646324,0.09450228419619167,0.519013393011745,-0.2376772660374093,0.6742363231644375,-0.10152210214225976,1.6278820596099708,0.038290039543041436,1.6278820596099708,0.038290039543041436,true,false
confirmation,18204,shuffled,assembly,4,3,16,true,0.2612775340380869,true,0.2612775340380869,0.2612775340380869,0.0,1.1961165852569655,0.7272913221765833,-0.1882417545679376,0.8982381503081274,0.1116945343172744,0.0,0.10131938749400535,0.0,0.10131938749400535,false,false
confirmation,18204,shuffled,recruitment,4,3,5,true,0.21568824610424608,true,0.21568824610424608,0.2906599168077863,0.07497167070354022,1.1683908232933797,0.7868571199935109,-0.2109958559884637,0.9854564816644656,0.06852400296886442,0.97082439194738,0.0,0.97082439194738,0.0,true,false
confirmation,18204,shuffled,hybrid,4,3,5,true,0.21568824610424608,true,0.21568824610424608,0.2906599168077863,0.07497167070354022,1.1683908232933797,0.7868571199935109,-0.2109958559884637,0.9854564816644656,0.06852400296886442,0.97082439194738,0.09237944153865192,0.97082439194738,0.09237944153865192,true,false
confirmation,18205,prepared,assembly,1,1,14,true,0.23068372152964914,false,0.23068372152964914,0.23068372152964914,0.0,0.7167417606057235,-0.8110411742402239,-0.13198059248400423,-0.4603789300314631,-0.17157698399105228,0.0,0.21777083531465347,0.0,0.21777083531465347,false,true
confirmation,18205,prepared,recruitment,1,1,4,true,0.18009495060919503,true,0.18009495060919503,0.09471944610539414,-0.0853755045038009,1.2704110258732209,-1.2926969190117972,-0.027872647841433916,-0.5691930681298113,-0.09356572935681305,1.5305227865013966,0.0,1.5305227865013966,0.0,true,false
confirmation,18205,prepared,hybrid,1,1,4,true,0.18009495060919503,true,0.18009495060919503,0.09471944610539414,-0.0853755045038009,1.2704110258732209,-1.2926969190117972,-0.027872647841433916,-0.5691930681298113,-0.09356572935681305,1.5305227865013966,0.19855576161041932,1.5305227865013966,0.19855576161041932,true,true
confirmation,18205,arbitrary,assembly,0,4,4,true,0.2729213596375668,false,0.2729213596375668,0.2729213596375668,0.0,0.10175552560305978,0.14174207458302326,0.039486885802420255,0.2681601888985298,0.1383804630169829,0.0,0.09089312707581577,0.0,0.09089312707581577,false,false
confirmation,18205,arbitrary,recruitment,0,4,11,true,0.20298664341496703,true,0.20298664341496703,0.2624361185446587,0.059449475129691676,0.5762677777391377,0.14403568978660872,-0.01403005983164707,0.6942855451141878,0.1348211844484189,1.6278820596099708,0.0,1.6278820596099708,0.0,true,false
confirmation,18205,arbitrary,hybrid,0,4,11,true,0.20298664341496703,true,0.20298664341496703,0.2624361185446587,0.059449475129691676,0.5762677777391377,0.14403568978660872,-0.01403005983164707,0.6942855451141878,0.1348211844484189,1.6278820596099708,0.0828731452750085,1.6278820596099708,0.0828731452750085,true,false
confirmation,18205,shuffled,assembly,1,2,17,true,0.2511072106315466,true,0.2511072106315466,0.2511072106315466,0.0,1.4502779656217153,-1.0074856780572858,0.3661402692778406,-0.9007995113035182,0.043815344160322546,0.0,0.4170829701300838,0.0,0.4170829701300838,false,true
confirmation,18205,shuffled,recruitment,1,2,16,true,0.2321783889506879,true,0.2321783889506879,0.35170968120038076,0.11953129224969286,1.5310145884850908,-1.0787340000329206,0.35259975863186854,-1.1183555031023726,0.043176266683747376,1.0124228365658292,0.0,1.0124228365658292,0.0,true,false
confirmation,18205,shuffled,hybrid,1,2,16,true,0.2321783889506879,true,0.2321783889506879,0.35170968120038076,0.11953129224969286,1.5310145884850908,-1.0787340000329206,0.35259975863186854,-1.1183555031023726,0.043176266683747376,1.0124228365658292,0.380281531589194,1.0124228365658292,0.380281531589194,true,true
confirmation,18206,prepared,assembly,2,2,5,true,0.2656894752699558,true,0.2656894752699558,0.2656894752699558,0.0,0.6101662342405478,-0.165518748914074,-0.03175509435135828,0.36389032149957906,0.1973286073107899,0.0,0.26203465869517717,0.0,0.26203465869517717,false,true
confirmation,18206,prepared,recruitment,2,2,4,true,0.12209366336251554,true,0.12209366336251554,0.24078707261220086,0.11869340924968533,1.499718929045084,-0.40320519678597383,0.025868128889989506,0.7803879291118149,0.2577627607365573,0.873212459828649,0.0,0.873212459828649,0.0,true,false
confirmation,18206,prepared,hybrid,2,2,4,true,0.12209366336251554,true,0.12209366336251554,0.24078707261220086,0.11869340924968533,1.499718929045084,-0.40320519678597383,0.025868128889989506,0.7803879291118149,0.2577627607365573,0.873212459828649,0.23891395351619094,0.873212459828649,0.23891395351619094,true,true
confirmation,18206,arbitrary,assembly,0,3,3,true,0.16091092739288365,true,0.16091092739288365,0.16091092739288365,0.0,0.5584972959093915,0.24361777614438748,0.059157864143710555,-0.06589038906855595,0.030480172639092345,0.0,0.24436594130042308,0.0,0.24436594130042308,false,true
confirmation,18206,arbitrary,recruitment,0,3,4,true,0.1064064351959909,true,0.1064064351959909,0.11963242479639441,0.013225989600403512,1.0857871285251857,0.5330321307917926,0.13799002134634858,-0.2013111168932415,0.06901678734978989,0.7106335201775948,0.0,0.7106335201775948,0.0,true,false
confirmation,18206,arbitrary,hybrid,0,3,4,true,0.1064064351959909,true,0.1064064351959909,0.11963242479639441,0.013225989600403512,1.0857871285251857,0.5330321307917926,0.13799002134634858,-0.2013111168932415,0.06901678734978989,0.7106335201775948,0.22280424059744455,0.7106335201775948,0.22280424059744455,true,true
confirmation,18206,shuffled,assembly,2,3,6,true,0.16310495214165346,false,0.16310495214165346,0.16310495214165346,0.0,0.35018071545784546,-0.22512865697897788,0.06854532339639409,0.5777144124822527,0.2624522854108746,0.0,0.3156927254578042,0.0,0.3156927254578042,false,true
confirmation,18206,shuffled,recruitment,2,3,6,true,0.20798387166681234,true,0.20798387166681234,0.1916532459799675,-0.016330625686844846,0.7024299302475854,0.020443298740579336,0.06854532339639409,0.9349099844379724,0.2624522854108746,0.97082439194738,0.0,0.97082439194738,0.0,true,false
confirmation,18206,shuffled,hybrid,2,3,6,true,0.20798387166681234,true,0.20798387166681234,0.1916532459799675,-0.016330625686844846,0.7024299302475854,0.020443298740579336,0.06854532339639409,0.9349099844379724,0.2624522854108746,0.97082439194738,0.28783748497623324,0.97082439194738,0.28783748497623324,true,true
confirmation,18207,prepared,assembly,3,3,4,true,0.2622772813297122,true,0.2622772813297122,0.2622772813297122,0.0,0.8717120929210962,0.1398680681748141,-0.06907944291846882,-0.38936973696154653,-0.360483774258234,0.0,0.1356956693151405,0.0,0.1356956693151405,false,false
confirmation,18207,prepared,recruitment,3,3,4,true,0.1335168263973859,true,0.1335168263973859,0.18442550924698725,0.050908682849601344,1.4238548414066756,0.4409992898942712,-0.06907944291846882,-0.6357498274592841,-0.360483774258234,0.7106335201775948,0.0,0.7106335201775948,0.0,true,false
confirmation,18207,prepared,hybrid,3,3,4,true,0.1335168263973859,true,0.1335168263973859,0.18442550924698725,0.050908682849601344,1.4238548414066756,0.4409992898942712,-0.06907944291846882,-0.6357498274592841,-0.360483774258234,0.7106335201775948,0.12372252202262807,0.7106335201775948,0.12372252202262807,true,false
confirmation,18207,arbitrary,assembly,0,1,2,true,0.20420001107312435,false,0.20420001107312435,0.20420001107312435,0.0,0.12670812363667316,-0.23137855722850617,-0.06421405442303754,-0.1546881288086655,0.0813005167171438,0.0,0.10527496866664018,0.0,0.10527496866664018,false,false
confirmation,18207,arbitrary,recruitment,0,1,5,true,0.26379345161187284,true,0.26379345161187284,0.2105529642614676,-0.053240487350405236,1.18088532289986,-0.9720642337884312,-0.16663631174422314,-0.6744146141364965,-0.021110015516041976,1.5305227865013966,0.0,1.5305227865013966,0.0,true,false
confirmation,18207,arbitrary,hybrid,0,1,5,true,0.26379345161187284,true,0.26379345161187284,0.2105529642614676,-0.053240487350405236,1.18088532289986,-0.9720642337884312,-0.16663631174422314,-0.6744146141364965,-0.021110015516041976,1.5305227865013966,0.0959860008431131,1.5305227865013966,0.0959860008431131,true,false
confirmation,18207,shuffled,assembly,3,4,2,true,0.23003622064278662,false,0.23003622064278662,0.23003622064278662,0.0,0.08664176772250975,0.254781069356236,0.04450492139944556,-0.19065623233372425,0.18935709970501993,0.0,0.2742205753976951,0.0,0.2742205753976951,false,true
confirmation,18207,shuffled,recruitment,3,4,9,true,0.23899879228292684,true,0.23899879228292684,0.38935618592353566,0.15035739364060882,1.2012182158085192,0.9595588075769939,-0.061103352033186745,-0.5449792970559402,0.30944887650550845,1.1884864324004714,0.0,1.1884864324004714,0.0,true,false
confirmation,18207,shuffled,hybrid,3,4,9,true,0.23899879228292684,true,0.23899879228292684,0.38935618592353566,0.15035739364060882,1.2012182158085192,0.9595588075769939,-0.061103352033186745,-0.5449792970559402,0.30944887650550845,1.1884864324004714,0.2500246422743691,1.1884864324004714,0.2500246422743691,true,true
confirmation,18208,prepared,assembly,4,4,22,true,0.2792520978410721,false,0.2792520978410721,0.2792520978410721,0.0,0.5687671132186677,0.7289604755513924,-0.327142914429917,0.8482495622650579,-0.6433796426688333,0.0,0.5704809514352599,0.0,0.5704809514352599,false,true
confirmation,18208,prepared,recruitment,4,4,4,true,0.2501962858746573,true,0.2501962858746573,0.2364081709086571,-0.013788114966000214,1.4818542904856442,1.3280049424488356,-0.11134644700187736,1.152803815605437,-0.35884423739102356,1.6278820596099708,0.0,1.6278820596099708,0.0,true,false
confirmation,18208,prepared,hybrid,4,4,4,true,0.2501962858746573,true,0.2501962858746573,0.2364081709086571,-0.013788114966000214,1.4818542904856442,1.3280049424488356,-0.11134644700187736,1.152803815605437,-0.35884423739102356,1.6278820596099708,0.5201443968968547,1.6278820596099708,0.5201443968968547,true,true
confirmation,18208,arbitrary,assembly,0,3,4,true,0.260452669616551,true,0.260452669616551,0.260452669616551,0.0,0.7240402847248677,-0.007271153202920243,-0.11984832335196965,-0.47969800306036336,0.06163082114832646,0.0,0.3831773077772997,0.0,0.3831773077772997,false,true
confirmation,18208,arbitrary,recruitment,0,3,4,true,0.24189466237317644,true,0.24189466237317644,0.3894117942826299,0.14751713190945345,1.133950250782523,0.2938600685165368,-0.11984832335196965,-0.7260780935581009,0.06163082114832646,0.7106335201775948,0.0,0.7106335201775948,0.0,true,false
confirmation,18208,arbitrary,hybrid,0,3,4,true,0.24189466237317644,true,0.24189466237317644,0.3894117942826299,0.14751713190945345,1.133950250782523,0.2938600685165368,-0.11984832335196965,-0.7260780935581009,0.06163082114832646,0.7106335201775948,0.34936754532636133,0.7106335201775948,0.34936754532636133,true,true
confirmation,18208,shuffled,assembly,4,3,15,true,0.25582211540059113,true,0.25582211540059113,0.25582211540059113,0.0,1.081948026056265,0.8587917538447859,-0.0690383463231588,0.9585720356678651,-0.07584714267321718,0.0,0.1577058334376019,0.0,0.1577058334376019,false,true
confirmation,18208,shuffled,recruitment,4,3,5,true,0.20399870213647006,true,0.20399870213647006,0.30693907327047854,0.10294037113400847,1.0144701847376765,0.9701984526633839,-0.021090203007441476,1.0455136544344883,-0.021736718860320747,0.97082439194738,0.0,0.97082439194738,0.0,true,false
confirmation,18208,shuffled,hybrid,4,3,5,true,0.20399870213647006,true,0.20399870213647006,0.30693907327047854,0.10294037113400847,1.0144701847376765,0.9701984526633839,-0.021090203007441476,1.0455136544344883,-0.021736718860320747,0.97082439194738,0.14379061284016642,0.97082439194738,0.14379061284016642,true,false
confirmation,18209,prepared,assembly,1,2,11,true,0.22182183176494638,false,0.22182183176494638,0.22182183176494638,0.0,0.9573041417489658,-0.8502954399353676,0.05388896333102374,-0.6544880157392867,0.05657293740556217,0.0,0.10341473481148364,0.0,0.10341473481148364,false,false
confirmation,18209,prepared,recruitment,1,2,15,true,0.2115907665619434,true,0.2115907665619434,0.20244815668828703,-0.009142609873656365,1.1364636980741758,-1.0619946215091407,0.031285309898759044,-0.5682378614631899,0.011553308672838377,0.873212459828649,0.0,0.873212459828649,0.0,true,false
confirmation,18209,prepared,hybrid,1,2,15,true,0.2115907665619434,true,0.2115907665619434,0.20244815668828703,-0.009142609873656365,1.1364636980741758,-1.0619946215091407,0.031285309898759044,-0.5682378614631899,0.011553308672838377,0.873212459828649,0.09428990526929389,0.873212459828649,0.09428990526929389,true,false
confirmation,18209,arbitrary,assembly,0,3,2,true,0.22465299642894906,false,0.22465299642894906,0.22465299642894906,0.0,0.6372380645093162,0.09271831284385565,-0.04865095331156397,-0.24760318055320896,-0.145631816040129,0.0,0.35843152341241286,0.0,0.35843152341241286,false,true
confirmation,18209,arbitrary,recruitment,0,3,4,true,0.18724383784772008,true,0.18724383784772008,0.18599157281592132,-0.0012522650317987605,1.2519489703720368,0.38249970211612544,-0.01562603197269669,-0.4191363070568664,-0.37878836366878565,0.7106335201775948,0.0,0.7106335201775948,0.0,true,false
confirmation,18209,arbitrary,hybrid,0,3,4,true,0.18724383784772008,true,0.18724383784772008,0.18599157281592132,-0.0012522650317987605,1.2519489703720368,0.38249970211612544,-0.01562603197269669,-0.4191363070568664,-0.37878836366878565,0.7106335201775948,0.3268052125230823,0.7106335201775948,0.3268052125230823,true,true
confirmation,18209,shuffled,assembly,1,2,18,true,0.2616082283364293,true,0.2616082283364293,0.2616082283364293,0.0,1.3378839764998547,-0.9217169985106413,0.11995465099638979,-0.7303778575904494,0.4751011353706653,0.0,0.41062887274498333,0.0,0.41062887274498333,false,true
confirmation,18209,shuffled,recruitment,1,2,10,true,0.259544252037551,true,0.259544252037551,0.38290534104558155,0.12336108900803056,1.4962852524282058,-0.9430156097562774,-0.009978191259332206,-0.898059405268757,0.4126910534767721,1.0124228365658292,0.0,1.0124228365658292,0.0,true,false
confirmation,18209,shuffled,hybrid,1,2,10,true,0.259544252037551,true,0.259544252037551,0.38290534104558155,0.12336108900803056,1.4962852524282058,-0.9430156097562774,-0.009978191259332206,-0.898059405268757,0.4126910534767721,1.0124228365658292,0.3743969133851319,1.0124228365658292,0.3743969133851319,true,true
confirmation,18210,prepared,assembly,2,2,3,true,0.2735465263370811,true,0.2735465263370811,0.2735465263370811,0.0,0.6789300178957395,0.014738427754023573,-0.1619835182105226,0.5409705895231519,0.16913586960925323,0.0,0.23091948686302588,0.0,0.23091948686302588,false,true
confirmation,18210,prepared,recruitment,2,2,4,true,0.20637030594825165,true,0.20637030594825165,0.2822289137403291,0.07585860779207745,1.0725223928173493,-0.19175802876693746,-0.18458483502843998,0.9780044144529549,0.15018355900295197,0.873212459828649,0.0,0.873212459828649,0.0,true,false
confirmation,18210,prepared,hybrid,2,2,4,true,0.20637030594825165,true,0.20637030594825165,0.2822289137403291,0.07585860779207745,1.0725223928173493,-0.19175802876693746,-0.18458483502843998,0.9780044144529549,0.15018355900295197,0.873212459828649,0.21054423802217062,0.873212459828649,0.21054423802217062,true,true
confirmation,18210,arbitrary,assembly,0,3,8,true,0.2372411854433608,false,0.2372411854433608,0.2372411854433608,0.0,0.18631516152473426,-0.036445943017206016,0.2542861661112588,0.19253815442460842,0.15038586883333147,0.0,0.31341946451006375,0.0,0.31341946451006375,false,true
confirmation,18210,arbitrary,recruitment,0,3,10,true,0.2608921753045159,true,0.2608921753045159,0.5201866218027377,0.25929444649822175,0.07524173018929303,0.11437220376261294,0.24769065887902283,0.1389868414479493,0.14941039040722592,0.7106335201775948,0.0,0.7106335201775948,0.0,true,false
confirmation,18210,arbitrary,hybrid,0,3,10,true,0.2608921753045159,true,0.2608921753045159,0.5201866218027377,0.25929444649822175,0.07524173018929303,0.11437220376261294,0.24769065887902283,0.1389868414479493,0.14941039040722592,0.7106335201775948,0.28576480587682285,0.7106335201775948,0.28576480587682285,true,true
confirmation,18210,shuffled,assembly,2,1,4,true,0.2206832773166825,true,0.2206832773166825,0.2206832773166825,0.0,0.4194704027293892,-0.17691234808599535,0.060970475387025526,0.32572989233271393,0.20094577485096668,0.0,0.2710710036582795,0.0,0.2710710036582795,false,true
confirmation,18210,shuffled,recruitment,2,1,6,true,0.21849426764652738,true,0.21849426764652738,0.3640717154016947,0.14557744775516732,0.5425425941564361,-0.6437872480826453,-0.049209543040798054,0.858509920543504,0.2815439477081384,1.697056274847714,0.0,1.697056274847714,0.0,true,false
confirmation,18210,shuffled,hybrid,2,1,6,true,0.21849426764652738,true,0.21849426764652738,0.3640717154016947,0.14557744775516732,0.5425425941564361,-0.6437872480826453,-0.049209543040798054,0.858509920543504,0.2815439477081384,1.697056274847714,0.24715297392372543,1.697056274847714,0.24715297392372543,true,true
confirmation,18211,prepared,assembly,3,3,6,true,0.2136619535173962,true,0.2136619535173962,0.2136619535173962,0.0,1.0810684498864882,0.6639939180669575,-0.049465507690578295,-0.15772716140698795,0.07347285597371432,0.0,0.09632172839365608,0.0,0.09632172839365608,false,false
confirmation,18211,prepared,recruitment,3,3,4,true,0.1765124784096868,true,0.1765124784096868,0.1961631334187094,0.019650655009022577,1.2247484333137044,0.7905475331830377,-0.10626401001142168,-0.2847068104415301,0.09675342212535154,0.7106335201775948,0.0,0.7106335201775948,0.0,true,false
confirmation,18211,prepared,hybrid,3,3,4,true,0.1765124784096868,true,0.1765124784096868,0.1961631334187094,0.019650655009022577,1.2247484333137044,0.7905475331830377,-0.10626401001142168,-0.2847068104415301,0.09675342212535154,0.7106335201775948,0.0878227523589217,0.7106335201775948,0.0878227523589217,true,false
confirmation,18211,arbitrary,assembly,0,2,6,true,0.26907662888497347,false,0.26907662888497347,0.26907662888497347,0.0,0.1743475728664049,-0.13195162999266488,0.3295713023908341,0.11978421241029664,-0.18158716064420025,0.0,0.42561395551963416,0.0,0.42561395551963416,false,true
confirmation,18211,arbitrary,recruitment,0,2,4,true,0.17022522350212,true,0.17022522350212,0.3761322151721161,0.2059069916699961,0.9536439107089147,-0.27431513312563927,0.3001016777871832,0.5030546133651106,-0.24596880190125497,0.873212459828649,0.0,0.873212459828649,0.0,true,false
confirmation,18211,arbitrary,hybrid,0,2,4,true,0.17022522350212,true,0.17022522350212,0.3761322151721161,0.2059069916699961,0.9536439107089147,-0.27431513312563927,0.3001016777871832,0.5030546133651106,-0.24596880190125497,0.873212459828649,0.3880597829737841,0.873212459828649,0.3880597829737841,true,true
confirmation,18211,shuffled,assembly,3,4,2,true,0.2375982421682051,true,0.2375982421682051,0.2375982421682051,0.0,0.03309191013409818,0.15944861784960424,-0.15551556039236433,-0.13936240665510546,0.04074312069371415,0.0,0.2259988782001174,0.0,0.2259988782001174,false,true
confirmation,18211,shuffled,recruitment,3,4,4,true,0.18010245966433316,true,0.18010245966433316,0.33556473478510246,0.1554622751207693,1.122798167452185,0.8989521621071684,-0.21938501790998066,-0.47921724716343217,0.04630894883319522,1.1884864324004714,0.0,1.1884864324004714,0.0,true,false
confirmation,18211,shuffled,hybrid,3,4,4,true,0.18010245966433316,true,0.18010245966433316,0.33556473478510246,0.1554622751207693,1.122798167452185,0.8989521621071684,-0.21938501790998066,-0.47921724716343217,0.04630894883319522,1.1884864324004714,0.20605780071187174,1.1884864324004714,0.20605780071187174,true,true
confirmation,18212,prepared,assembly,4,4,13,true,0.26232279672471936,true,0.26232279672471936,0.26232279672471936,0.0,0.6907374316358912,0.8594267232571509,-0.0649289393170405,0.7387249053107797,-0.34277487435277343,0.0,0.33501635597567747,0.0,0.33501635597567747,false,true
confirmation,18212,prepared,recruitment,4,4,4,true,0.11066972205744584,true,0.11066972205744584,0.13940508170958535,0.02873535965213951,1.3355829235984404,1.1613750074126798,-0.26212394781519155,1.0185839891104047,-0.25155601580245257,1.6278820596099708,0.0,1.6278820596099708,0.0,true,false
confirmation,18212,prepared,hybrid,4,4,4,true,0.11066972205744584,true,0.11066972205744584,0.13940508170958535,0.02873535965213951,1.3355829235984404,1.1613750074126798,-0.26212394781519155,1.0185839891104047,-0.25155601580245257,1.6278820596099708,0.30545608927194123,1.6278820596099708,0.30545608927194123,true,true
confirmation,18212,arbitrary,assembly,0,2,8,true,0.2411881959248463,false,0.2411881959248463,0.2411881959248463,0.0,0.4163312002643119,-0.4132047957021708,-0.12126263880543423,0.10669755074255488,0.1896151113641173,0.0,0.29326337916558326,0.0,0.29326337916558326,false,true
confirmation,18212,arbitrary,recruitment,0,2,21,true,0.24597790807045392,true,0.24597790807045392,0.37405424566296286,0.12807633759250894,0.6938742639628747,-0.5144564441629442,-0.14561509858945124,0.24597702022979395,0.20335676503574887,0.873212459828649,0.0,0.873212459828649,0.0,true,false
confirmation,18212,arbitrary,hybrid,0,2,21,true,0.24597790807045392,true,0.24597790807045392,0.37405424566296286,0.12807633759250894,0.6938742639628747,-0.5144564441629442,-0.14561509858945124,0.24597702022979395,0.20335676503574887,0.873212459828649,0.267387198650973,0.873212459828649,0.267387198650973,true,true
confirmation,18212,shuffled,assembly,4,3,13,true,0.240074126150465,true,0.240074126150465,0.240074126150465,0.0,1.1055816393448463,0.8522040115859987,-0.32054103602168876,0.9930792312122755,-0.05972294554243485,0.0,0.364630198654688,0.0,0.364630198654688,false,true
confirmation,18212,shuffled,recruitment,4,3,9,true,0.23328355391941893,true,0.23328355391941893,0.3324109316148895,0.09912737769547056,1.0879778502783974,0.9688588633857141,-0.16260537096063424,1.2414190607517002,-0.060256963245560714,0.97082439194738,0.0,0.97082439194738,0.0,true,false
confirmation,18212,shuffled,hybrid,4,3,9,true,0.23328355391941893,true,0.23328355391941893,0.3324109316148895,0.09912737769547056,1.0879778502783974,0.9688588633857141,-0.16260537096063424,1.2414190607517002,-0.060256963245560714,0.97082439194738,0.33245694583221547,0.97082439194738,0.33245694583221547,true,true
confirmation,18213,prepared,assembly,1,1,12,true,0.2282293914881486,true,0.2282293914881486,0.2282293914881486,0.0,1.112625485602769,-0.9142786468496107,0.4191115349148805,-0.7082746195880433,0.17792039760891976,0.0,0.26975406341664565,0.0,0.26975406341664565,false,true
confirmation,18213,prepared,recruitment,1,1,4,true,0.18428816659655065,true,0.18428816659655065,0.22315582043112506,0.03886765383457441,1.4717752614469795,-1.0593272120319404,0.3497931583902099,-0.8335407225727794,-0.08376256079429137,1.5305227865013966,0.0,1.5305227865013966,0.0,true,false
confirmation,18213,prepared,hybrid,1,1,4,true,0.18428816659655065,true,0.18428816659655065,0.22315582043112506,0.03886765383457441,1.4717752614469795,-1.0593272120319404,0.3497931583902099,-0.8335407225727794,-0.08376256079429137,1.5305227865013966,0.24595223429164748,1.5305227865013966,0.24595223429164748,true,true
confirmation,18213,arbitrary,assembly,0,4,12,true,0.23257241800326736,false,0.23257241800326736,0.23257241800326736,0.0,0.7541304415619764,0.8496783905218163,-0.10913325758745983,0.8309368360285249,0.01211527947955702,0.0,0.244239140962741,0.0,0.244239140962741,false,true
confirmation,18213,arbitrary,recruitment,0,4,4,true,0.10490310579166777,true,0.10490310579166777,0.5226124476723552,0.41770934188068737,1.2297168107492131,1.0750724703646393,-0.22718059386348188,0.993115418491578,-0.29760110326631506,1.6278820596099708,0.0,1.6278820596099708,0.0,true,false
confirmation,18213,arbitrary,hybrid,0,4,4,true,0.10490310579166777,true,0.10490310579166777,0.5226124476723552,0.41770934188068737,1.2297168107492131,1.0750724703646393,-0.22718059386348188,0.993115418491578,-0.29760110326631506,1.6278820596099708,0.22268862852485208,1.6278820596099708,0.22268862852485208,true,true
confirmation,18213,shuffled,assembly,1,2,13,true,0.26588023862665644,true,0.26588023862665644,0.26588023862665644,0.0,1.0339420454950696,-0.9632446494712696,0.5120424349220152,-0.5501085217721656,-0.43553615843606336,0.0,0.5369285644810068,0.0,0.5369285644810068,false,true
confirmation,18213,shuffled,recruitment,1,2,6,true,0.24281045126981043,true,0.24281045126981043,0.33930703269600326,0.09649658142619283,1.3880640466356848,-0.9187715177732902,0.3366254082329013,-0.7658806223371857,-0.45835461119152415,1.0124228365658292,0.0,1.0124228365658292,0.0,true,false
confirmation,18213,shuffled,hybrid,1,2,6,true,0.24281045126981043,true,0.24281045126981043,0.33930703269600326,0.09649658142619283,1.3880640466356848,-0.9187715177732902,0.3366254082329013,-0.7658806223371857,-0.45835461119152415,1.0124228365658292,0.4895525146738591,1.0124228365658292,0.4895525146738591,true,true
confirmation,18214,prepared,assembly,2,2,4,true,0.20690525454136452,true,0.20690525454136452,0.20690525454136452,0.0,0.6387668929395274,-0.11629956117222617,0.46827034647862287,0.41334604830975746,-0.31262840676892334,0.0,0.3923980860483467,0.0,0.3923980860483467,false,true
confirmation,18214,prepared,recruitment,2,2,4,true,0.1106339337154444,true,0.1106339337154444,0.23556759975291514,0.12493366603747073,1.384065800648253,-0.30792852044824426,0.46827034647862287,0.8513550980835132,-0.31262840676892334,0.873212459828649,0.0,0.873212459828649,0.0,true,false
confirmation,18214,prepared,hybrid,2,2,4,true,0.1106339337154444,true,0.1106339337154444,0.23556759975291514,0.12493366603747073,1.384065800648253,-0.30792852044824426,0.46827034647862287,0.8513550980835132,-0.31262840676892334,0.873212459828649,0.35777472551466905,0.873212459828649,0.35777472551466905,true,true
confirmation,18214,arbitrary,assembly,0,2,2,true,0.21583139392181708,false,0.21583139392181708,0.21583139392181708,0.0,0.015995300307520166,-0.017459546596432323,-0.04493522401967953,0.10044308599454478,-0.1719594300834518,0.0,0.30020585187527693,0.0,0.30020585187527693,false,true
confirmation,18214,arbitrary,recruitment,0,2,8,true,0.2749138625122809,true,0.2749138625122809,0.3474402728199656,0.0725264103076847,1.0072318800607227,-0.3127948985840186,-0.01031938511775727,0.5151064552070835,-0.11921029732062445,0.873212459828649,0.0,0.873212459828649,0.0,true,false
confirmation,18214,arbitrary,hybrid,0,2,8,true,0.2749138625122809,true,0.2749138625122809,0.3474402728199656,0.0725264103076847,1.0072318800607227,-0.3127948985840186,-0.01031938511775727,0.5151064552070835,-0.11921029732062445,0.873212459828649,0.2737171002392231,0.873212459828649,0.2737171002392231,true,true
confirmation,18214,shuffled,assembly,2,3,10,true,0.2488451173699537,false,0.2488451173699537,0.2488451173699537,0.0,0.7011408879937756,0.0024662651947227727,0.36592876680037345,0.8537992014599928,-0.2450027655252392,0.0,0.4735284138954585,0.0,0.4735284138954585,false,true
confirmation,18214,shuffled,recruitment,2,3,15,true,0.2597419862979525,true,0.2597419862979525,0.23401116756521653,-0.025730818732735944,0.7390432131154948,0.08559660759028166,0.48521934262634,1.0960624399624597,-0.17844987636573656,0.97082439194738,0.0,0.97082439194738,0.0,true,false
confirmation,18214,shuffled,hybrid,2,3,15,true,0.2597419862979525,true,0.2597419862979525,0.23401116756521653,-0.025730818732735944,0.7390432131154948,0.08559660759028166,0.48521934262634,1.0960624399624597,-0.17844987636573656,0.97082439194738,0.43174649502232976,0.97082439194738,0.43174649502232976,true,true
confirmation,18215,prepared,assembly,3,3,9,true,0.22962515270287157,true,0.22962515270287157,0.22962515270287157,0.0,1.3907447963305983,0.43742601989721247,0.11525515877749061,-0.48786706224979803,0.037428145776141376,0.0,0.29347429237382855,0.0,0.29347429237382855,false,true
confirmation,18215,prepared,recruitment,3,3,7,true,0.26494150417119944,true,0.26494150417119944,0.3181966377640662,0.053255133592866766,1.5293455403238194,0.6118969298990438,-0.0129214243587226,-0.6608547204570209,-0.01392439013990324,0.7106335201775948,0.0,0.7106335201775948,0.0,true,false
confirmation,18215,prepared,hybrid,3,3,7,true,0.26494150417119944,true,0.26494150417119944,0.3181966377640662,0.053255133592866766,1.5293455403238194,0.6118969298990438,-0.0129214243587226,-0.6608547204570209,-0.01392439013990324,0.7106335201775948,0.2675795018702554,0.7106335201775948,0.2675795018702554,true,true
confirmation,18215,arbitrary,assembly,0,3,3,true,0.14006604397216407,false,0.14006604397216407,0.14006604397216407,0.0,0.7458495730781247,0.018745156980867077,0.002272217407262674,-0.5424373315215996,-0.24538655668306958,0.0,0.12863252491683644,0.0,0.12863252491683644,false,false
confirmation,18215,arbitrary,recruitment,0,3,4,true,0.20234563391011343,true,0.20234563391011343,0.07415451464060031,-0.1281911192695131,1.1108926028406672,0.34424778414361157,0.03453028429922287,-0.8361511586412309,-0.22337354113609934,0.7106335201775948,0.0,0.7106335201775948,0.0,true,false
confirmation,18215,arbitrary,hybrid,0,3,4,true,0.20234563391011343,true,0.20234563391011343,0.07415451464060031,-0.1281911192695131,1.1108926028406672,0.34424778414361157,0.03453028429922287,-0.8361511586412309,-0.22337354113609934,0.7106335201775948,0.11728259624770379,0.7106335201775948,0.11728259624770379,true,false
confirmation,18215,shuffled,assembly,3,4,3,true,0.24452122686640934,true,0.24452122686640934,0.24452122686640934,0.0,0.17167350879167564,0.4174246261125791,-0.12229530911371385,-0.12023298012582916,0.17348329579557104,0.0,0.22274506282601936,0.0,0.22274506282601936,false,true
confirmation,18215,shuffled,recruitment,3,4,5,true,0.2596107436864838,true,0.2596107436864838,0.39098879944257814,0.13137805575609435,1.2596652084672415,1.0024472671816347,0.028151203536719113,-0.4866371620638879,0.05126011134511018,1.1884864324004714,0.0,1.1884864324004714,0.0,true,false
confirmation,18215,shuffled,hybrid,3,4,5,true,0.2596107436864838,true,0.2596107436864838,0.39098879944257814,0.13137805575609435,1.2596652084672415,1.0024472671816347,0.028151203536719113,-0.4866371620638879,0.05126011134511018,1.1884864324004714,0.20309108669431172,1.1884864324004714,0.20309108669431172,true,true
confirmation,18216,prepared,assembly,4,4,15,true,0.2615258008029214,true,0.2615258008029214,0.2615258008029214,0.0,0.7707535120361291,0.8906170873707367,0.45441137222067285,0.7791735915861105,0.1486193954821382,0.0,0.46405762787236804,0.0,0.46405762787236804,false,true
confirmation,18216,prepared,recruitment,4,4,4,true,0.23284496948742012,true,0.23284496948742012,0.28672388124160375,0.053878911754183634,1.5018605165253078,1.1372165478727647,0.2373360518309216,1.1967223142711552,0.1842399897023332,1.6278820596099708,0.0,1.6278820596099708,0.0,true,false
confirmation,18216,prepared,hybrid,4,4,4,true,0.23284496948742012,true,0.23284496948742012,0.28672388124160375,0.053878911754183634,1.5018605165253078,1.1372165478727647,0.2373360518309216,1.1967223142711552,0.1842399897023332,1.6278820596099708,0.42311136658951193,1.6278820596099708,0.42311136658951193,true,true
confirmation,18216,arbitrary,assembly,0,2,5,true,0.18008447615890863,false,0.18008447615890863,0.18008447615890863,0.0,0.5359261475720701,-0.15906746111756162,0.2587306069423632,0.32345969357320425,-0.16062824708401074,0.0,0.2416509473024089,0.0,0.2416509473024089,false,true
confirmation,18216,arbitrary,recruitment,0,2,4,true,0.19933328747924922,true,0.19933328747924922,0.18649883860422,-0.012834448875029214,1.3771534550362354,-0.4368947710039631,0.29330888728142646,0.6961984038658037,-0.11836100000088784,0.873212459828649,0.0,0.873212459828649,0.0,true,false
confirmation,18216,arbitrary,hybrid,0,2,4,true,0.19933328747924922,true,0.19933328747924922,0.18649883860422,-0.012834448875029214,1.3771534550362354,-0.4368947710039631,0.29330888728142646,0.6961984038658037,-0.11836100000088784,0.873212459828649,0.2203288048933728,0.873212459828649,0.2203288048933728,true,true
confirmation,18216,shuffled,assembly,4,3,14,true,0.24650873780423316,true,0.24650873780423316,0.24650873780423316,0.0,0.9200095459233465,0.9483612885758586,0.08744127416157019,0.8649096314740855,-0.1648669146267267,0.0,0.10954235897444346,0.0,0.10954235897444346,false,false
confirmation,18216,shuffled,recruitment,4,3,9,true,0.2136644607514735,true,0.2136644607514735,0.33431125598386235,0.12064679523238886,0.9961453383057107,0.9711831932945698,0.030340721775868027,1.012018209035992,-0.15530465798874235,0.97082439194738,0.0,0.97082439194738,0.0,true,false
confirmation,18216,shuffled,hybrid,4,3,9,true,0.2136644607514735,true,0.2136644607514735,0.33431125598386235,0.12064679523238886,0.9961453383057107,0.9711831932945698,0.030340721775868027,1.012018209035992,-0.15530465798874235,0.97082439194738,0.09987685671199255,0.97082439194738,0.09987685671199255,true,false
confirmation,18217,prepared,assembly,1,1,11,true,0.23048421457446477,true,0.23048421457446477,0.23048421457446477,0.0,1.1621219382705088,-0.9704679957992609,0.10468081578648573,-0.6568149826266945,0.38569489079258157,0.0,0.20829463926118824,0.0,0.20829463926118824,false,true
confirmation,18217,prepared,recruitment,1,1,4,true,0.051317462179757745,true,0.051317462179757745,0.1690589236274506,0.11774146144769285,1.8183621433927997,-1.2412894934170478,0.1681648568631991,-0.9495934401885041,0.2785937938883473,1.5305227865013966,0.0,1.5305227865013966,0.0,true,false
confirmation,18217,prepared,hybrid,1,1,4,true,0.051317462179757745,true,0.051317462179757745,0.1690589236274506,0.11774146144769285,1.8183621433927997,-1.2412894934170478,0.1681648568631991,-0.9495934401885041,0.2785937938883473,1.5305227865013966,0.18991570050284812,1.5305227865013966,0.18991570050284812,true,true
confirmation,18217,arbitrary,assembly,0,4,2,true,0.19139086978000164,false,0.19139086978000164,0.19139086978000164,0.0,0.122309106822872,0.3008577599184665,0.038360582671282804,0.24169665064986115,-0.17568241656849673,0.0,0.13074979265140338,0.0,0.13074979265140338,false,false
confirmation,18217,arbitrary,recruitment,0,4,7,true,0.1871197015317098,true,0.1871197015317098,0.3056722284679604,0.1185525269362506,0.4357672147215039,0.9139693838246543,0.048381463896481104,0.5750853611161871,-0.07615330907232093,1.6278820596099708,0.0,1.6278820596099708,0.0,true,false
confirmation,18217,arbitrary,hybrid,0,4,7,true,0.1871197015317098,true,0.1871197015317098,0.3056722284679604,0.1185525269362506,0.4357672147215039,0.9139693838246543,0.048381463896481104,0.5750853611161871,-0.07615330907232093,1.6278820596099708,0.1192130462409854,1.6278820596099708,0.1192130462409854,true,false
confirmation,18217,shuffled,assembly,1,2,15,true,0.2564160698828714,true,0.2564160698828714,0.2564160698828714,0.0,1.2081708128441648,-0.8381508465535655,-0.09116389960151415,-0.5827121107597554,0.17951815884700612,0.0,0.12468544133520497,0.0,0.12468544133520497,false,false
confirmation,18217,shuffled,recruitment,1,2,4,true,0.23964494598531036,true,0.23964494598531036,0.36042414505865245,0.12077919907334209,1.4697437372251507,-0.7204249353921357,0.03887642153592097,-0.8289441530737424,0.1965226141190677,1.0124228365658292,0.0,1.0124228365658292,0.0,true,false
confirmation,18217,shuffled,hybrid,1,2,4,true,0.23964494598531036,true,0.23964494598531036,0.36042414505865245,0.12077919907334209,1.4697437372251507,-0.7204249353921357,0.03887642153592097,-0.8289441530737424,0.1965226141190677,1.0124228365658292,0.11368378474680452,1.0124228365658292,0.11368378474680452,true,false
confirmation,18218,prepared,assembly,2,2,6,true,0.19874495932331454,true,0.19874495932331454,0.19874495932331454,0.0,0.9310146811434539,-0.13195031456563533,-0.4979759201777001,0.5835479583605818,-0.1436905782340655,0.0,0.3138188098245589,0.0,0.3138188098245589,false,true
confirmation,18218,prepared,recruitment,2,2,4,true,0.10319295967701715,true,0.10319295967701715,0.16041696073153125,0.0572240010545141,1.3543491472165667,-0.30013329767122765,-0.3124702101721972,0.7214330880879163,-0.17520637989586718,0.873212459828649,0.0,0.873212459828649,0.0,true,false
confirmation,18218,prepared,hybrid,2,2,4,true,0.10319295967701715,true,0.10319295967701715,0.16041696073153125,0.0572240010545141,1.3543491472165667,-0.30013329767122765,-0.3124702101721972,0.7214330880879163,-0.17520637989586718,0.873212459828649,0.286128914840039,0.873212459828649,0.286128914840039,true,true
confirmation,18218,arbitrary,assembly,0,3,6,true,0.2070491171826152,false,0.2070491171826152,0.2070491171826152,0.0,1.4611657618413796,0.5099124668541197,-0.21814836940346538,-0.43422321343830694,0.16701969762002788,0.0,0.18143004578358732,0.0,0.18143004578358732,false,true
confirmation,18218,arbitrary,recruitment,0,3,4,true,0.1813160952721572,true,0.1813160952721572,0.39962155178716735,0.21830545651501015,1.5275981419677116,0.6353548752553448,-0.12087623192458485,-0.7258704870884862,0.2503058415040397,0.7106335201775948,0.0,0.7106335201775948,0.0,true,false
confirmation,18218,arbitrary,hybrid,0,3,4,true,0.1813160952721572,true,0.1813160952721572,0.39962155178716735,0.21830545651501015,1.5275981419677116,0.6353548752553448,-0.12087623192458485,-0.7258704870884862,0.2503058415040397,0.7106335201775948,0.1654215123320943,0.7106335201775948,0.1654215123320943,true,true
confirmation,18218,shuffled,assembly,2,3,6,true,0.27124493830415347,false,0.27124493830415347,0.27124493830415347,0.0,0.45977001797044603,-0.16179494142196327,-0.05201245669199992,0.5999253339563442,0.01310997645254006,0.0,0.30585534551312676,0.0,0.30585534551312676,false,true
confirmation,18218,shuffled,recruitment,2,3,8,true,0.27050336737206016,true,0.27050336737206016,0.2372199158496985,-0.033283451522361646,0.8320250504821654,0.0771758627398428,-0.09983681560482026,0.8921709215204161,-0.0663964012737365,0.97082439194738,0.0,0.97082439194738,0.0,true,false
confirmation,18218,shuffled,hybrid,2,3,8,true,0.27050336737206016,true,0.27050336737206016,0.2372199158496985,-0.033283451522361646,0.8320250504821654,0.0771758627398428,-0.09983681560482026,0.8921709215204161,-0.0663964012737365,0.97082439194738,0.2788681091443215,0.97082439194738,0.2788681091443215,true,true
confirmation,18219,prepared,assembly,3,3,4,true,0.24455787715335134,true,0.24455787715335134,0.24455787715335134,0.0,0.903386021314918,0.318088820495534,0.20977107381356014,-0.2269583450249623,-0.12210010104857635,0.0,0.1638021029022701,0.0,0.1638021029022701,false,true
confirmation,18219,prepared,recruitment,3,3,4,true,0.21547081404925567,true,0.21547081404925567,0.30546232204724955,0.08999150799799388,1.527194596109615,0.6192200422149912,0.20977107381356014,-0.4733384355226999,-0.12210010104857635,0.7106335201775948,0.0,0.7106335201775948,0.0,true,false
confirmation,18219,prepared,hybrid,3,3,4,true,0.21547081404925567,true,0.21547081404925567,0.30546232204724955,0.08999150799799388,1.527194596109615,0.6192200422149912,0.20977107381356014,-0.4733384355226999,-0.12210010104857635,0.7106335201775948,0.1493489761755992,0.7106335201775948,0.1493489761755992,true,false
confirmation,18219,arbitrary,assembly,0,2,2,true,0.20154461834592174,true,0.20154461834592174,0.20154461834592174,0.0,0.21929365862161465,-0.05626106461542181,0.07155302556156942,-0.08123358508942032,0.0318814684880846,0.0,0.2159846123323998,0.0,0.2159846123323998,false,true
confirmation,18219,arbitrary,recruitment,0,2,4,true,0.24915763555871032,true,0.24915763555871032,0.48813703436541933,0.23897939880670901,1.0151115723553445,-0.3515093387246637,0.10879721404407762,0.5031586586325001,-0.026714647945621433,0.873212459828649,0.0,0.873212459828649,0.0,true,false
confirmation,18219,arbitrary,hybrid,0,2,4,true,0.24915763555871032,true,0.24915763555871032,0.48813703436541933,0.23897939880670901,1.0151115723553445,-0.3515093387246637,0.10879721404407762,0.5031586586325001,-0.026714647945621433,0.873212459828649,0.1969271465383645,0.873212459828649,0.1969271465383645,true,true
confirmation,18219,shuffled,assembly,3,2,4,true,0.2145237290137149,false,0.2145237290137149,0.2145237290137149,0.0,0.052491724716436816,0.18097389414661663,0.17804863552253644,-0.23368796035300152,0.18191251180649748,0.0,0.2558687146535808,0.0,0.2558687146535808,false,true
confirmation,18219,shuffled,recruitment,3,2,6,true,0.24301418800047017,true,0.24301418800047017,0.25340712362518747,0.010392935624717298,0.3890078210718668,0.16262964631087498,0.14433265074012283,-0.6845767891671662,0.18202899186053256,1.0124228365658292,0.0,1.0124228365658292,0.0,true,false
confirmation,18219,shuffled,hybrid,3,2,6,true,0.24301418800047017,true,0.24301418800047017,0.25340712362518747,0.010392935624717298,0.3890078210718668,0.16262964631087498,0.14433265074012283,-0.6845767891671662,0.18202899186053256,1.0124228365658292,0.23329206336061778,1.0124228365658292,0.23329206336061778,true,true
confirmation,18220,prepared,assembly,4,4,10,true,0.24785180081961886,true,0.24785180081961886,0.24785180081961886,0.0,0.3510990399524889,0.5354016694898672,0.19356318963126007,1.0793885726009156,0.14303902490787515,0.0,0.20440187513534516,0.0,0.20440187513534516,false,true
confirmation,18220,prepared,recruitment,4,4,4,true,0.07147917738927514,true,0.07147917738927514,0.2182064729970232,0.14672729560774805,1.0641630257548944,0.8727802268706727,0.06833479162774929,1.3764290031767232,0.14764854714632855,1.6278820596099708,0.0,1.6278820596099708,0.0,true,false
confirmation,18220,prepared,hybrid,4,4,4,true,0.07147917738927514,true,0.07147917738927514,0.2182064729970232,0.14672729560774805,1.0641630257548944,0.8727802268706727,0.06833479162774929,1.3764290031767232,0.14764854714632855,1.6278820596099708,0.18636641556457942,1.6278820596099708,0.18636641556457942,true,true
confirmation,18220,arbitrary,assembly,0,3,6,true,0.2723589049612048,false,0.2723589049612048,0.2723589049612048,0.0,0.2433552504293045,0.1418675259359137,0.5048446517155328,0.055040352656741835,-0.12830777043682925,0.0,0.6121837479042915,0.0,0.6121837479042915,false,true
confirmation,18220,arbitrary,recruitment,0,3,16,true,0.24398230480888636,true,0.24398230480888636,0.4332010465289937,0.18921874172010736,0.8203033941592599,0.3239619490424249,0.6945161837239661,-0.1693754990147401,-0.21394507788980505,0.7106335201775948,0.0,0.7106335201775948,0.0,true,false
confirmation,18220,arbitrary,hybrid,0,3,16,true,0.24398230480888636,true,0.24398230480888636,0.4332010465289937,0.18921874172010736,0.8203033941592599,0.3239619490424249,0.6945161837239661,-0.1693754990147401,-0.21394507788980505,0.7106335201775948,0.5581675348539128,0.7106335201775948,0.5581675348539128,true,true
confirmation,18220,shuffled,assembly,4,3,17,true,0.25403688320670753,true,0.25403688320670753,0.25403688320670753,0.0,0.7529701596709664,1.0320179363421023,-0.20724155285264798,0.7834017112108145,0.025433509035935095,0.0,0.17202612752653146,0.0,0.17202612752653146,false,true
confirmation,18220,shuffled,recruitment,4,3,8,true,0.2689493307329466,true,0.2689493307329466,0.3711975865816586,0.102248255848712,1.0411269828342418,0.8888771929037947,-0.14715533943043038,0.9430540559679552,0.04438857129723076,0.97082439194738,0.0,0.97082439194738,0.0,true,false
confirmation,18220,shuffled,hybrid,4,3,8,true,0.2689493307329466,true,0.2689493307329466,0.3711975865816586,0.102248255848712,1.0411269828342418,0.8888771929037947,-0.14715533943043038,0.9430540559679552,0.04438857129723076,0.97082439194738,0.15684735156830806,0.97082439194738,0.15684735156830806,true,true
