seed,truth,material_redescription,raw_cs_argmax,pi0,pi1,q0,q1,bf,log_bf,recombination_error
787000,global_downweight,False,False,0.011392405063291136,0.9886075949367089,4.65079443950081e-15,0.9999999999999953,2477789059467.104,28.538387770196195,0.0
787001,global_downweight,False,False,0.011392405063291136,0.9886075949367089,1.0017263432398483e-15,0.9999999999999991,11503828024283.541,30.073700967585097,0.0
787002,global_downweight,False,False,0.011392405063291136,0.9886075949367089,8.99141668828815e-05,0.9999100858331171,128.151678836844,4.853214553284893,0.0
787003,global_downweight,False,False,0.011392405063291136,0.9886075949367089,7.174049878504153e-11,0.9999999999282595,160630156.94562823,18.894615118596462,0.0
787004,global_downweight,False,False,0.011392405063291136,0.9886075949367089,1.116464882078653e-16,0.9999999999999998,103215853583953.61,32.26784357717722,0.0
787005,global_downweight,False,False,0.011392405063291136,0.9886075949367089,8.667560366767689e-12,0.9999999999913324,1329519160.213611,21.008083180137042,0.0
787006,global_downweight,False,False,0.011392405063291136,0.9886075949367089,3.4378818781187154e-17,1.0,335197310104547.4,33.44574045975651,0.0
787007,global_downweight,False,False,0.011392405063291136,0.9886075949367089,2.845368086875305e-05,0.9999715463191313,404.9866075974506,6.003853998899176,0.0
787008,global_downweight,False,False,0.011392405063291136,0.9886075949367089,1.741435133871413e-17,1.0,661735103185101.2,34.125886445539614,0.0
787009,global_downweight,False,False,0.011392405063291136,0.9886075949367089,6.071605817772748e-14,0.9999999999999393,189796372259.4251,25.969217609448663,0.0
787010,global_downweight,False,False,0.011392405063291136,0.9886075949367089,2.9703414310007984e-15,0.9999999999999971,3879583491566.127,28.986748916267068,0.0
787011,global_downweight,False,False,0.011392405063291136,0.9886075949367089,2.344784878361137e-16,0.9999999999999998,49146033337096.35,31.525817254017603,0.0
787012,global_downweight,False,False,0.011392405063291136,0.9886075949367089,1.1975533587910544e-06,0.9999988024466412,9622.680856098254,9.1718781801071,0.0
787013,global_downweight,False,False,0.011392405063291136,0.9886075949367089,5.426288920677255e-13,0.9999999999994574,21236774798.53231,23.779000176146944,0.0
787014,global_downweight,False,False,0.011392405063291136,0.9886075949367089,4.92008809436832e-07,0.9999995079911904,23421.698329873696,10.06141815074259,0.0
787015,global_downweight,False,False,0.011392405063291136,0.9886075949367089,3.0666272453279327e-09,0.9999999969333727,3757772.5047096293,15.139336920856424,0.0
787016,global_downweight,False,False,0.011392405063291136,0.9886075949367089,1.1317971461034358e-13,0.9999999999998869,101817605917.26341,25.34644887225145,0.0
787017,global_downweight,False,False,0.011392405063291136,0.9886075949367089,4.3540722030229835e-13,0.9999999999995646,26466459541.07008,23.999144090596616,0.0
787018,global_downweight,False,False,0.011392405063291136,0.9886075949367089,9.885826975383487e-10,0.9999999990114172,11656776.51179652,16.27139824370107,0.0
787019,global_downweight,False,False,0.011392405063291136,0.9886075949367089,1.7056937177565326e-12,0.9999999999982943,6756012207.843996,22.633698642853624,0.0
787020,global_downweight,False,False,0.011392405063291136,0.9886075949367089,2.5500156626702567e-10,0.9999999997449983,45190654.10374759,17.626400855806885,0.0
787021,global_downweight,False,False,0.011392405063291136,0.9886075949367089,5.911635990089665e-07,0.999999408836401,19493.217760632448,9.87782187690585,0.0
787022,global_downweight,False,False,0.011392405063291136,0.9886075949367089,1.3879771418119563e-10,0.9999999998612022,83025053.01623617,18.234652963784377,0.0
787023,global_downweight,False,False,0.011392405063291136,0.9886075949367089,1.2497307730289884e-18,1.0,9220936083773852.0,36.760252954849896,0.0
787024,global_downweight,False,False,0.011392405063291136,0.9886075949367089,5.116539319068629e-07,0.999999488346068,22522.41400928628,10.0222662705268,0.0
787025,global_downweight,False,False,0.011392405063291136,0.9886075949367089,5.572231341007206e-11,0.9999999999442777,206805620.12165993,19.147289876833042,0.0
787026,global_downweight,False,False,0.011392405063291136,0.9886075949367089,1.551800661584008e-13,0.9999999999998448,74260102249.60802,25.030839662608052,0.0
787027,global_downweight,False,False,0.011392405063291136,0.9886075949367089,9.15978394587484e-21,1.0,1.258074169447564e+18,41.67611378865851,0.0
787028,global_downweight,False,False,0.011392405063291136,0.9886075949367089,4.2231425710351433e-11,0.9999999999577686,272869963.20170045,19.42450591440182,0.0
787029,global_downweight,False,False,0.011392405063291136,0.9886075949367089,6.062716407062666e-14,0.9999999999999394,190074659711.9497,25.97068277777626,0.0
787030,global_downweight,False,False,0.011392405063291136,0.9886075949367089,7.023814234822769e-10,0.9999999992976186,16406595.030374363,16.613193947957853,0.0
787031,global_downweight,False,False,0.011392405063291136,0.9886075949367089,3.0234580806849575e-14,0.9999999999999698,381142627828.81384,26.666439493277892,0.0
787032,global_downweight,False,False,0.011392405063291136,0.9886075949367089,4.644127799049766e-08,0.9999999535587221,248134.58077550505,12.42172654237539,0.0
787033,global_downweight,False,False,0.011392405063291136,0.9886075949367089,2.631685621061673e-09,0.9999999973683144,4378823.768870232,15.292290700367678,0.0
787034,global_downweight,False,False,0.011392405063291136,0.9886075949367089,3.5919790231366e-14,0.9999999999999641,320817229326.75714,26.494137418874253,0.0
787035,global_downweight,False,False,0.011392405063291136,0.9886075949367089,6.539294943561669e-09,0.9999999934607051,1762221.708016793,14.382085905040965,0.0
787036,global_downweight,False,False,0.011392405063291136,0.9886075949367089,3.589122238412029e-15,0.9999999999999964,3210725858455.0635,28.79751815163757,0.0
787037,global_downweight,False,False,0.011392405063291136,0.9886075949367089,2.850857026649852e-20,1.0,4.0421836213819366e+17,40.5407316271962,0.0
787038,global_downweight,False,False,0.011392405063291136,0.9886075949367089,1.7803783607790225e-09,0.9999999982196217,6472605.943416856,15.683089358711316,0.0
787039,global_downweight,False,False,0.011392405063291136,0.9886075949367089,2.3755425262528838e-15,0.9999999999999977,4850970863570.574,29.210199978900775,0.0
787040,global_downweight,False,False,0.011392405063291136,0.9886075949367089,9.604551610027526e-08,0.9999999039544839,119981.51440194159,11.695092963247292,0.0
787041,global_downweight,False,False,0.011392405063291136,0.9886075949367089,1.6762661132543974e-08,0.9999999832373389,687461.6921346228,13.44076138643896,0.0
787042,global_downweight,False,False,0.011392405063291136,0.9886075949367089,6.238985438660364e-12,0.999999999993761,1847045115.4680192,21.336852964214962,0.0
787043,global_downweight,False,False,0.011392405063291136,0.9886075949367089,4.5892218543231987e-07,0.9999995410778145,25110.31860596155,10.131034140480594,0.0
787044,global_downweight,False,False,0.011392405063291136,0.9886075949367089,4.1795662926664723e-19,1.0,2.7571491329723104e+16,37.85555871096524,0.0
787045,global_downweight,False,False,0.011392405063291136,0.9886075949367089,3.3967607452163496e-20,1.0,3.392552035422108e+17,40.36552903187859,0.0
787046,global_downweight,False,False,0.011392405063291136,0.9886075949367089,3.750002514673214e-10,0.9999999996249997,30729812.928427957,17.240743846500372,0.0
787047,global_downweight,False,False,0.011392405063291136,0.9886075949367089,1.3087193817740797e-16,0.9999999999999998,88053158992757.61,32.108961827487356,0.0
787048,global_downweight,False,False,0.011392405063291136,0.9886075949367089,6.196712362497916e-11,0.9999999999380329,185964539.01995057,19.041066563071,0.0
787049,global_downweight,False,False,0.011392405063291136,0.9886075949367089,1.3530809381563925e-10,0.9999999998646919,85166284.24436837,18.260116188648453,0.0
787050,global_downweight,False,False,0.011392405063291136,0.9886075949367089,4.57976701027218e-12,0.9999999999954202,2516216994.0361094,21.646022417707997,0.0
787051,global_downweight,False,False,0.011392405063291136,0.9886075949367089,5.616830624265815e-11,0.9999999999438317,205163522.8164747,19.13931789140672,0.0
787052,global_downweight,False,False,0.011392405063291136,0.9886075949367089,5.04546321933599e-14,0.9999999999999495,228397018847.78772,26.154351262312908,0.0
787053,global_downweight,False,False,0.011392405063291136,0.9886075949367089,2.2042636081569522e-16,0.9999999999999998,52279081038138.14,31.587617426835706,0.0
787054,global_downweight,False,False,0.011392405063291136,0.9886075949367089,0.19400103208242847,0.8059989679175716,0.04787644785394128,-3.039131589558644,0.0
787055,global_downweight,False,False,0.011392405063291136,0.9886075949367089,9.24807478659911e-11,0.9999999999075193,124606340.72356576,18.640670051654993,0.0
787056,global_downweight,False,False,0.011392405063291136,0.9886075949367089,1.1982891429344659e-15,0.9999999999999988,9616783768736.71,29.894530997132094,0.0
787057,global_downweight,False,False,0.011392405063291136,0.9886075949367089,1.2606560364529682e-08,0.9999999873934396,914102.4277466721,13.725697909525783,0.0
787058,global_downweight,False,False,0.011392405063291136,0.9886075949367089,3.532502215289688e-19,1.0,3.262188351969823e+16,38.02375973169037,0.0
787059,global_downweight,False,False,0.011392405063291136,0.9886075949367089,2.36361944186442e-15,0.9999999999999976,4875441188170.164,29.215231716420938,0.0
787060,global_downweight,False,False,0.011392405063291136,0.9886075949367089,2.2584931043392847e-09,0.9999999977415069,5102378.896733739,15.445217439280361,0.0
787061,global_downweight,False,False,0.011392405063291136,0.9886075949367089,2.3967995457478807e-07,0.9999997603200454,48079.46846649167,10.780610513958539,0.0
787062,global_downweight,False,False,0.011392405063291136,0.9886075949367089,1.1877127794715256e-16,0.9999999999999998,97024194562873.3,32.20598149181305,0.0
787063,global_downweight,False,False,0.011392405063291136,0.9886075949367089,3.706718745756974e-15,0.9999999999999963,3108864839884.7627,28.765278772237302,0.0
787064,global_downweight,False,False,0.011392405063291136,0.9886075949367089,9.478798694168392e-24,1.0,1.215732916357356e+21,48.549634071140794,0.0
787065,global_downweight,False,False,0.011392405063291136,0.9886075949367089,9.918767808402583e-05,0.999900812321916,116.16911288567891,4.7550469991501725,0.0
787066,global_downweight,False,False,0.011392405063291136,0.9886075949367089,1.505565102062779e-19,1.0,7.654061298469898e+16,38.87659788356051,0.0
787067,global_downweight,False,False,0.011392405063291136,0.9886075949367089,3.352731572375227e-16,0.9999999999999996,34371041436704.57,31.16823550707911,0.0
787068,global_downweight,False,False,0.011392405063291136,0.9886075949367089,6.201963817830118e-13,0.9999999999993798,18580707528.297516,23.6453896497092,0.0
787069,global_downweight,False,False,0.011392405063291136,0.9886075949367089,7.52833156280852e-10,0.9999999992471668,15307093.577386444,16.54382691142724,0.0
787070,global_downweight,False,False,0.011392405063291136,0.9886075949367089,1.254110435608606e-15,0.9999999999999988,9188734303477.283,29.848999317400605,0.0
787071,global_downweight,False,False,0.011392405063291136,0.9886075949367089,8.811720155203705e-10,0.999999999118828,13077682.185658213,16.386417685359703,0.0
787072,global_downweight,False,False,0.011392405063291136,0.9886075949367089,9.596237132670236e-19,1.0,1.200854816393962e+16,37.02439513809496,0.0
787073,global_downweight,False,False,0.011392405063291136,0.9886075949367089,1.3014339364330882e-05,0.9999869856606357,885.449294370477,6.786095193438207,0.0
787074,global_downweight,False,False,0.011392405063291136,0.9886075949367089,9.852725782660656e-15,0.9999999999999902,1169593860036.7317,27.78767767630155,0.0
787075,global_downweight,False,False,0.011392405063291136,0.9886075949367089,6.995830663689894e-08,0.9999999300416934,164722.2085242676,12.012015749359891,0.0
787076,global_downweight,False,False,0.011392405063291136,0.9886075949367089,1.8365781955716827e-21,1.0,6.274542302533754e+18,43.28303221641517,0.0
787077,global_downweight,False,False,0.011392405063291136,0.9886075949367089,4.025010175872512e-09,0.9999999959749898,2863020.7204742315,14.867387821383518,0.0
787078,global_downweight,False,False,0.011392405063291136,0.9886075949367089,4.4100302153110124e-13,0.999999999999559,26130631803.86352,23.986374095438954,0.0
787079,global_downweight,False,False,0.011392405063291136,0.9886075949367089,6.527849132971723e-17,1.0,176531156668745.16,32.80451850175857,0.0
787080,global_downweight,False,False,0.011392405063291136,0.9886075949367089,3.498252881233319e-16,0.9999999999999997,32941265172239.145,31.12574724832659,0.0
787081,global_downweight,False,False,0.011392405063291136,0.9886075949367089,2.2122749814681096e-12,0.9999999999977877,5208976133.858703,22.3736491539863,0.0
787082,global_downweight,False,False,0.011392405063291136,0.9886075949367089,2.395608909783633e-09,0.9999999976043911,4810337.574449975,15.386277821417648,0.0
787083,global_downweight,False,False,0.011392405063291136,0.9886075949367089,5.53839691035251e-19,1.0,2.080690092558239e+16,37.5740611018611,0.0
787084,global_downweight,False,False,0.011392405063291136,0.9886075949367089,1.0146206300375292e-11,0.9999999999898537,1135763184.657737,20.85057067130395,0.0
787085,global_downweight,False,False,0.011392405063291136,0.9886075949367089,0.0005263473061631446,0.9994736526938369,21.882171682552194,3.085672226858396,0.0
787086,global_downweight,False,False,0.011392405063291136,0.9886075949367089,2.757202262617156e-25,1.0,4.1794857549142166e+22,52.08706025969732,0.0
787087,global_downweight,False,False,0.011392405063291136,0.9886075949367089,5.998781509014575e-18,1.0,1921004717826207.8,35.19162473461611,0.0
787088,global_downweight,False,False,0.011392405063291136,0.9886075949367089,1.2212740074137052e-16,0.9999999999999998,94357920581879.66,32.178116333153135,0.0
787089,global_downweight,False,False,0.011392405063291136,0.9886075949367089,3.3658307153777007e-09,0.9999999966341693,3423727.6071520043,15.046240459093204,0.0
787090,global_downweight,False,False,0.011392405063291136,0.9886075949367089,0.00019110448502944222,0.9998088955149707,60.28893225540961,4.099148542200345,0.0
787091,global_downweight,False,False,0.011392405063291136,0.9886075949367089,5.530210082933615e-11,0.9999999999446979,208377031.00919655,19.154859645882496,0.0
787092,global_downweight,False,False,0.011392405063291136,0.9886075949367089,8.025869615502323e-12,0.9999999999919741,1435817940.2359886,21.085000516969387,0.0
787093,global_downweight,False,False,0.011392405063291136,0.9886075949367089,9.831598485722082e-06,0.9999901684015143,1172.0956974078363,7.066548619881885,0.0
787094,global_downweight,False,False,0.011392405063291136,0.9886075949367089,1.3960711879127653e-19,1.0,8.25436960507322e+16,38.95210419713653,0.0
787095,global_downweight,False,False,0.011392405063291136,0.9886075949367089,6.811391306207728e-15,0.9999999999999932,1691825805033.8687,28.156829419705005,0.0
787096,global_downweight,False,False,0.011392405063291136,0.9886075949367089,2.2396417479670322e-13,0.9999999999997761,51453262962.62924,24.66393971728604,0.0
787097,global_downweight,False,False,0.011392405063291136,0.9886075949367089,6.896773898100056e-12,0.9999999999931032,1670880871.2897906,21.23661679215101,0.0
787098,global_downweight,False,False,0.011392405063291136,0.9886075949367089,2.722366473092414e-08,0.9999999727763352,423296.6935277639,12.955828615299117,0.0
787099,global_downweight,False,False,0.011392405063291136,0.9886075949367089,5.262153966584257e-12,0.9999999999947379,2189918359.1249304,21.507130101141556,0.0
787100,cue_local_relearning,False,False,0.011392405063291136,0.9886075949367089,2.201811102935318e-23,1.0,5.2337312518149217e+20,47.70682631605517,0.0
787101,cue_local_relearning,False,False,0.011392405063291136,0.9886075949367089,4.1207076705831607e-20,1.0,2.796531203193739e+17,40.17232637406123,0.0
787102,cue_local_relearning,False,False,0.011392405063291136,0.9886075949367089,4.732876514301019e-14,0.9999999999999526,243481686986.8611,26.21830756919468,0.0
787103,cue_local_relearning,False,False,0.011392405063291136,0.9886075949367089,0.00015824896043668528,0.9998417510395633,72.80846544995488,4.287832232095447,0.0
787104,cue_local_relearning,False,False,0.011392405063291136,0.9886075949367089,2.4904680788141415e-07,0.9999997509531922,46271.160060702714,10.74227415313858,0.0
787105,cue_local_relearning,False,False,0.011392405063291136,0.9886075949367089,4.067269654201668e-14,0.9999999999999593,283327356181.5756,26.36986880171041,0.0
787106,cue_local_relearning,False,False,0.011392405063291136,0.9886075949367089,1.2943661402005512e-14,0.999999999999987,890295815235.0867,27.514819621116345,0.0
787107,cue_local_relearning,False,False,0.011392405063291136,0.9886075949367089,2.265784906177351e-15,0.9999999999999977,5085958313433.848,29.25750458655864,0.0
787108,cue_local_relearning,False,False,0.011392405063291136,0.9886075949367089,1.7188497576669046e-10,0.9999999998281149,67043018.312936336,18.020845035692282,0.0
787109,cue_local_relearning,False,False,0.011392405063291136,0.9886075949367089,1.3021226423279836e-15,0.9999999999999987,8849924888352.414,29.811430087720552,0.0
787110,cue_local_relearning,False,False,0.011392405063291136,0.9886075949367089,4.114898352200009e-19,1.0,2.8004792813082572e+16,37.87115206233346,0.0
787111,cue_local_relearning,False,False,0.011392405063291136,0.9886075949367089,1.9430927154652612e-07,0.9999998056907284,59305.89543745465,10.99046399720201,0.0
787112,cue_local_relearning,False,False,0.011392405063291136,0.9886075949367089,8.323055960172369e-21,1.0,1.384550054111013e+18,41.771906890072245,0.0
787113,cue_local_relearning,False,False,0.011392405063291136,0.9886075949367089,4.85229047133813e-21,1.0,2.3748964840614154e+18,42.31148552477119,0.0
787114,cue_local_relearning,False,False,0.011392405063291136,0.9886075949367089,1.2234119846922306e-15,0.9999999999999988,9419302511512.172,29.873782158411586,0.0
787115,cue_local_relearning,False,False,0.011392405063291136,0.9886075949367089,1.2114135706027182e-11,0.9999999999878859,951259574.7257951,20.67329753250428,0.0
787116,cue_local_relearning,False,False,0.011392405063291136,0.9886075949367089,4.137209354293124e-13,0.9999999999995863,27853769517.520058,24.050234144879475,0.0
787117,cue_local_relearning,False,False,0.011392405063291136,0.9886075949367089,5.5795376732431046e-14,0.9999999999999443,206534810855.1591,26.05373481071001,2.635549485807631e-82
787118,cue_local_relearning,False,False,0.011392405063291136,0.9886075949367089,9.497692162506061e-12,0.9999999999905023,1213314496.0633821,20.916621704583946,0.0
787119,cue_local_relearning,False,False,0.011392405063291136,0.9886075949367089,2.0780625134079414e-12,0.9999999999979219,5545399864.36851,22.436234567749025,0.0
787120,cue_local_relearning,False,False,0.011392405063291136,0.9886075949367089,5.338747646573862e-14,0.9999999999999467,215850014701.8614,26.097849627059368,0.0
787121,cue_local_relearning,False,False,0.011392405063291136,0.9886075949367089,1.1435456358171653e-21,1.0,1.0077155838027332e+19,43.756802737795866,0.0
787122,cue_local_relearning,False,False,0.011392405063291136,0.9886075949367089,1.0043729171375808e-13,0.9999999999998996,114735148503.07224,25.465892252701124,0.0
787123,cue_local_relearning,False,False,0.011392405063291136,0.9886075949367089,1.566766213162664e-09,0.9999999984332337,7355077.908342833,15.81090150453028,0.0
787124,cue_local_relearning,False,False,0.011392405063291136,0.9886075949367089,5.459492814171587e-11,0.999999999945405,211076156.18585733,19.167729556111645,0.0
787125,cue_local_relearning,False,False,0.011392405063291136,0.9886075949367089,1.9748546846474618e-19,1.0,5.835207860918012e+16,38.60527137613096,0.0
787126,cue_local_relearning,False,False,0.011392405063291136,0.9886075949367089,1.3405276818421748e-13,0.9999999999998659,85963816608.30762,25.177192307552524,0.0
787127,cue_local_relearning,False,False,0.011392405063291136,0.9886075949367089,7.596759921862582e-18,1.0,1516921384715844.5,34.95545927107058,0.0
787128,cue_local_relearning,False,False,0.011392405063291136,0.9886075949367089,5.23573985592383e-06,0.999994764260144,2200.9548912093414,7.696646586636453,0.0
787129,cue_local_relearning,False,False,0.011392405063291136,0.9886075949367089,3.4139013308936975e-19,1.0,3.3755186407244396e+16,38.057910471748755,0.0
787130,cue_local_relearning,False,False,0.011392405063291136,0.9886075949367089,4.521272450392555e-15,0.9999999999999954,2548770883963.221,28.566632352607577,0.0
787131,cue_local_relearning,False,False,0.011392405063291136,0.9886075949367089,1.6688996214415665e-13,0.999999999999833,69049614680.0591,24.95809113648287,0.0
787132,cue_local_relearning,False,False,0.011392405063291136,0.9886075949367089,4.1965429785135743e-10,0.9999999995803457,27459953.66708095,17.12823927101502,0.0
787133,cue_local_relearning,False,False,0.011392405063291136,0.9886075949367089,3.4537035388667093e-15,0.9999999999999966,3336617474644.897,28.835978677615223,0.0
787134,cue_local_relearning,False,False,0.011392405063291136,0.9886075949367089,1.7368824662448382e-13,0.9999999999998264,66346962468.55412,24.918163816247947,1.2868893973670072e-85
787135,cue_local_relearning,False,False,0.011392405063291136,0.9886075949367089,1.566976138755313e-07,0.9999998433023861,73540.91418038313,11.205597185841135,0.0
787136,cue_local_relearning,False,False,0.011392405063291136,0.9886075949367089,7.4789139013488335e-19,1.0,1.5408236719969908e+16,37.273678613294045,0.0
787137,cue_local_relearning,False,False,0.011392405063291136,0.9886075949367089,3.5684644914438113e-13,0.9999999999996432,32293126658.965252,24.19812024759448,0.0
787138,cue_local_relearning,False,False,0.011392405063291136,0.9886075949367089,6.195545817568911e-17,1.0,185999553862511.4,32.856765391050224,0.0
787139,cue_local_relearning,False,False,0.011392405063291136,0.9886075949367089,2.219003908270902e-08,0.9999999778099609,519318.02739788877,13.160271744034196,0.0
787140,cue_local_relearning,False,False,0.011392405063291136,0.9886075949367089,1.6668994185996179e-22,1.0,6.913247105039366e+19,45.68255620819009,0.0
787141,cue_local_relearning,False,False,0.011392405063291136,0.9886075949367089,6.05236671100791e-14,0.9999999999999395,190399692058.74194,25.972391341963828,0.0
787142,cue_local_relearning,False,False,0.011392405063291136,0.9886075949367089,1.7786177504706068e-16,0.9999999999999998,64790130296273.875,31.802174397443707,0.0
787143,cue_local_relearning,False,False,0.011392405063291136,0.9886075949367089,6.589131796484377e-16,0.9999999999999994,17488931677120.295,30.492589321167827,0.0
787144,cue_local_relearning,False,False,0.011392405063291136,0.9886075949367089,6.062484864277035e-10,0.9999999993937514,19008191.906494077,16.76038059718435,0.0
787145,cue_local_relearning,False,False,0.011392405063291136,0.9886075949367089,8.144691124575663e-13,0.9999999999991855,14148710373.122482,23.372889317173524,0.0
787146,cue_local_relearning,False,False,0.011392405063291136,0.9886075949367089,1.8109000452975823e-11,0.9999999999818909,636351388.3464081,20.271261466133915,0.0
787147,cue_local_relearning,False,False,0.011392405063291136,0.9886075949367089,2.106861617081464e-07,0.9999997893138383,54695.97556249238,10.909545412805691,0.0
787148,cue_local_relearning,False,False,0.011392405063291136,0.9886075949367089,9.613323485700822e-11,0.9999999999038668,119872046.29136355,18.601935450959104,0.0
787149,cue_local_relearning,False,False,0.011392405063291136,0.9886075949367089,1.0644370588345593e-15,0.999999999999999,10826086412890.205,30.012979746249144,0.0
787150,cue_local_relearning,False,False,0.011392405063291136,0.9886075949367089,2.3275611667312184e-13,0.9999999999997673,49509708895.02569,24.625434626581708,0.0
787151,cue_local_relearning,False,False,0.011392405063291136,0.9886075949367089,1.4630408732640295e-12,0.9999999999985368,7876531538.247117,22.787153483796374,0.0
787152,cue_local_relearning,False,False,0.011392405063291136,0.9886075949367089,7.015220403182943e-17,1.0,164266935573359.06,32.73251387649155,0.0
787153,cue_local_relearning,False,False,0.011392405063291136,0.9886075949367089,7.076376482067353e-14,0.9999999999999292,162847293515.6522,25.816078749038084,0.0
787154,cue_local_relearning,False,False,0.011392405063291136,0.9886075949367089,9.313244383191607e-19,1.0,1.2373440560438166e+16,37.054328680106714,0.0
787155,cue_local_relearning,False,False,0.011392405063291136,0.9886075949367089,3.905849091763745e-12,0.9999999999960941,2950366824.023113,21.805195346694155,0.0
787156,cue_local_relearning,False,False,0.011392405063291136,0.9886075949367089,1.2534229035235771e-12,0.9999999999987466,9193774541.390774,22.941792411666356,0.0
787157,cue_local_relearning,False,False,0.011392405063291136,0.9886075949367089,2.9501662511898664e-20,1.0,3.906114638582774e+17,40.50648976227813,0.0
787158,cue_local_relearning,False,False,0.011392405063291136,0.9886075949367089,1.4494167857503704e-13,0.999999999999855,79505685964.98004,25.099094377621228,0.0
787159,cue_local_relearning,False,False,0.011392405063291136,0.9886075949367089,1.784705877689296e-15,0.9999999999999982,6456911317480.272,29.496172195156163,0.0
787160,cue_local_relearning,False,False,0.011392405063291136,0.9886075949367089,1.215077458715788e-12,0.9999999999987849,9483911908.12723,22.972862716633976,0.0
787161,cue_local_relearning,False,False,0.011392405063291136,0.9886075949367089,1.0166416063674313e-06,0.9999989833583935,11335.042548318153,9.335654316645934,0.0
787162,cue_local_relearning,False,False,0.011392405063291136,0.9886075949367089,7.812489258031772e-16,0.9999999999999992,14750340383736.818,30.322287275311623,0.0
787163,cue_local_relearning,False,False,0.011392405063291136,0.9886075949367089,2.6266719200935787e-14,0.9999999999999738,438718192853.5158,26.80712311417784,0.0
787164,cue_local_relearning,False,False,0.011392405063291136,0.9886075949367089,2.8755948923307343e-13,0.9999999999997123,40074099487.22662,24.41399606450276,0.0
787165,cue_local_relearning,False,False,0.011392405063291136,0.9886075949367089,3.0084065111223323e-21,1.0,3.8304954923550367e+18,42.789525840089695,0.0
787166,cue_local_relearning,False,False,0.011392405063291136,0.9886075949367089,1.2768248475177523e-07,0.9999998723175152,90252.67742130406,11.41036854247313,0.0
787167,cue_local_relearning,False,False,0.011392405063291136,0.9886075949367089,8.739877595549372e-11,0.9999999999126011,131851818.89602949,18.697189265860146,0.0
787168,cue_local_relearning,False,False,0.011392405063291136,0.9886075949367089,3.129574521715638e-14,0.9999999999999687,368218986321.11646,26.631943669655264,0.0
787169,cue_local_relearning,False,False,0.011392405063291136,0.9886075949367089,8.343807977686734e-08,0.9999999165619202,138110.64024158087,11.835810383797822,0.0
787170,cue_local_relearning,False,False,0.011392405063291136,0.9886075949367089,2.3840393849834397e-11,0.9999999999761596,483368171.3622745,19.99628918079381,0.0
787171,cue_local_relearning,False,False,0.011392405063291136,0.9886075949367089,9.399473694159798e-11,0.9999999999060053,122599285.38448334,18.624431752611578,0.0
787172,cue_local_relearning,False,False,0.011392405063291136,0.9886075949367089,1.8863617956132371e-13,0.9999999999998113,61089487747.37683,24.83560563836057,0.0
787173,cue_local_relearning,False,False,0.011392405063291136,0.9886075949367089,3.0916083850306e-11,0.999999999969084,372740856.6837387,19.73639398195546,0.0
787174,cue_local_relearning,False,False,0.011392405063291136,0.9886075949367089,5.8042749959026195e-11,0.9999999999419572,198537932.60125622,19.106490736062952,0.0
787175,cue_local_relearning,False,False,0.011392405063291136,0.9886075949367089,2.2706514902158075e-16,0.9999999999999998,50750578103601.32,31.557944124989532,0.0
787176,cue_local_relearning,False,False,0.011392405063291136,0.9886075949367089,5.5093373523767924e-18,1.0,2091664903230908.0,35.27673674818321,0.0
787177,cue_local_relearning,False,False,0.011392405063291136,0.9886075949367089,0.00011424758133899533,0.999885752418661,100.85439789226099,4.6136778717018725,0.0
787178,cue_local_relearning,False,False,0.011392405063291136,0.9886075949367089,7.582331315364569e-08,0.9999999241766869,151980.78568408414,11.931509381864869,0.0
787179,cue_local_relearning,False,False,0.011392405063291136,0.9886075949367089,4.637971701869085e-13,0.9999999999995361,24846394762.124615,23.935978498968943,0.0
787180,cue_local_relearning,False,False,0.011392405063291136,0.9886075949367089,3.933177092153129e-24,1.0,2.9298674608412384e+21,49.429244139673024,0.0
787181,cue_local_relearning,False,False,0.011392405063291136,0.9886075949367089,5.0705860377295527e-17,1.0,227265398797681.53,33.05713960817638,0.0
787182,cue_local_relearning,False,False,0.011392405063291136,0.9886075949367089,1.0443011791918028e-16,0.9999999999999999,110348315310186.06,32.33466298172895,0.0
787183,cue_local_relearning,False,False,0.011392405063291136,0.9886075949367089,5.365879175780499e-07,0.9999994634120825,21475.849565468263,9.97468430674368,0.0
787184,cue_local_relearning,False,False,0.011392405063291136,0.9886075949367089,4.720540144980909e-18,1.0,2441179870544719.0,35.43125787084341,0.0
787185,cue_local_relearning,False,False,0.011392405063291136,0.9886075949367089,2.403842694024694e-16,0.9999999999999999,47938609330262.695,31.500942335967153,0.0
787186,cue_local_relearning,False,False,0.011392405063291136,0.9886075949367089,8.349112875018435e-12,0.9999999999916509,1380228983.8971572,21.045515252710864,0.0
787187,cue_local_relearning,False,False,0.011392405063291136,0.9886075949367089,3.3532813669064877e-12,0.9999999999966467,3436540605.782192,21.9577311644847,0.0
787188,cue_local_relearning,False,False,0.011392405063291136,0.9886075949367089,7.441254854671135e-15,0.9999999999999926,1548621543689.1929,28.06838632452201,0.0
787189,cue_local_relearning,False,False,0.011392405063291136,0.9886075949367089,7.181002926057294e-16,0.9999999999999992,16047462588004.568,30.406571858801044,0.0
787190,cue_local_relearning,False,False,0.011392405063291136,0.9886075949367089,6.509712787051155e-19,1.0,1.7702298022960482e+16,37.412470857868726,0.0
787191,cue_local_relearning,False,False,0.011392405063291136,0.9886075949367089,3.860354509383222e-16,0.9999999999999997,29851371297675.906,31.0272518943326,0.0
787192,cue_local_relearning,False,False,0.011392405063291136,0.9886075949367089,8.91136335025544e-17,1.0,129314529405820.55,32.49326876512128,0.0
787193,cue_local_relearning,False,False,0.011392405063291136,0.9886075949367089,4.360945634496756e-08,0.9999999563905436,264247.43721469643,12.484641205349396,0.0
787194,cue_local_relearning,False,False,0.011392405063291136,0.9886075949367089,4.043654095546575e-12,0.9999999999959563,2849820312.9368773,21.770521781147032,0.0
787195,cue_local_relearning,False,False,0.011392405063291136,0.9886075949367089,1.3171986944069863e-15,0.9999999999999987,8748632707393.964,29.799918542075773,0.0
787196,cue_local_relearning,False,False,0.011392405063291136,0.9886075949367089,5.279543061748293e-16,0.9999999999999996,21827054813735.402,30.714171362763565,0.0
787197,cue_local_relearning,False,False,0.011392405063291136,0.9886075949367089,5.369674879939125e-16,0.9999999999999994,21460680278945.004,30.697243552486313,0.0
787198,cue_local_relearning,False,False,0.011392405063291136,0.9886075949367089,1.571291134851796e-12,0.9999999999984287,7333897152.7351,22.715772883145036,0.0
787199,cue_local_relearning,False,False,0.011392405063291136,0.9886075949367089,2.31956652997032e-13,0.999999999999768,49680349458.09641,24.62887530872758,0.0
787200,context_split,True,True,0.011392405063291136,0.9886075949367089,9.575595527781178e-06,0.9999904244044722,1203.4319119287763,7.092932680573904,0.0
787201,context_split,False,False,0.011392405063291136,0.9886075949367089,9.338763207320775e-14,0.9999999999999066,123396292680.28693,25.53866690485689,0.0
787202,context_split,True,True,0.011392405063291136,0.9886075949367089,2.069630381267981e-15,0.9999999999999979,5567993050510.561,29.34805579084756,0.0
787203,context_split,True,True,0.011392405063291136,0.9886075949367089,2.1182035408969144e-17,1.0,544031173470050.5,33.930027665315556,0.0
787204,context_split,True,True,0.011392405063291136,0.9886075949367089,1.47606674049328e-24,1.0,7.807023397989831e+21,50.409310717061246,0.0
787205,context_split,True,True,0.011392405063291136,0.9886075949367089,6.61186104785901e-29,1.0,1.742881088488246e+26,60.42275195973124,0.0
787206,context_split,True,True,0.011392405063291136,0.9886075949367089,1.2816399968326464e-09,0.9999999987183599,8991360.751642594,16.01177475780146,0.0
787207,context_split,True,True,0.011392405063291136,0.9886075949367089,4.268702885852114e-28,1.0,2.699575933996001e+25,58.55772202404302,0.0
787208,context_split,True,True,0.011392405063291136,0.9886075949367089,1.418290779331818e-13,0.9999999999998581,81250528791.0918,25.120803166333133,0.0
787209,context_split,True,True,0.011392405063291136,0.9886075949367089,9.203135463987214e-28,1.0,1.2521479907710752e+25,57.78948779403484,0.0
787210,context_split,True,True,0.011392405063291136,0.9886075949367089,5.384930458318097e-13,0.9999999999994615,21399881891.174168,23.786651239854976,0.0
787211,context_split,True,True,0.011392405063291136,0.9886075949367089,0.00031113186280389146,0.9996888681371962,37.02643017601722,3.611631986714187,0.0
787212,context_split,True,True,0.011392405063291136,0.9886075949367089,2.1404408378028535e-22,1.0,5.383791682770645e+19,45.43250966657336,0.0
787213,context_split,True,True,0.011392405063291136,0.9886075949367089,3.1121610058101156e-13,0.9999999999996888,37027928691.69802,24.334938294355474,0.0
787214,context_split,True,True,0.011392405063291136,0.9886075949367089,1.1931085478403858e-25,1.0,9.658540793194678e+22,52.92471462607813,0.0
787215,context_split,True,True,0.011392405063291136,0.9886075949367089,9.372821126210477e-16,0.9999999999999991,12294790890440.006,30.14019678376114,0.0
787216,context_split,True,True,0.011392405063291136,0.9886075949367089,1.9830434199528717e-26,1.0,5.8111120836171666e+23,54.71922909995055,0.0
787217,context_split,True,True,0.011392405063291136,0.9886075949367089,3.974598605509869e-08,0.9999999602540139,289933.3559376363,12.577406368441357,0.0
787218,context_split,True,True,0.011392405063291136,0.9886075949367089,1.4798326202202747e-24,1.0,7.787156076009677e+21,50.40676267241903,0.0
787219,context_split,True,True,0.011392405063291136,0.9886075949367089,2.660227258542998e-11,0.9999999999733977,433184328.24534637,19.886673895717756,0.0
787220,context_split,True,True,0.011392405063291136,0.9886075949367089,2.5128860262530716e-10,0.9999999997487115,45858377.4064461,17.641068453312492,0.0
787221,context_split,False,True,0.011392405063291136,0.9886075949367089,0.0061644839978819985,0.993835516002118,1.8578440622567702,0.6194167091282736,0.0
787222,context_split,True,True,0.011392405063291136,0.9886075949367089,2.1151870680797753e-16,0.9999999999999998,54480701749406.734,31.628867658549673,0.0
787223,context_split,True,True,0.011392405063291136,0.9886075949367089,2.425413555319136e-21,1.0,4.751225849609533e+18,43.004934332246116,0.0
787224,context_split,True,True,0.011392405063291136,0.9886075949367089,9.904270388454492e-30,1.0,1.1635069649813757e+27,62.32123620081391,0.0
787225,context_split,True,True,0.011392405063291136,0.9886075949367089,1.2706585605464495e-06,0.9999987293414395,9069.055445073733,9.112623397120988,0.0
787226,context_split,True,True,0.011392405063291136,0.9886075949367089,1.3528423531258485e-17,1.0,851813040403357.0,34.378388182531936,1.727233711018889e-77
787227,context_split,True,True,0.011392405063291136,0.9886075949367089,6.54698776968771e-27,1.0,1.7601510779323288e+24,55.827441876957415,0.0
787228,context_split,True,True,0.011392405063291136,0.9886075949367089,3.9979631533903926e-22,1.0,2.882389641398558e+19,44.80773645359033,0.0
787229,context_split,True,True,0.011392405063291136,0.9886075949367089,6.857821296597716e-17,0.9999999999999999,168037151766300.6,32.75520621234971,0.0
787230,context_split,True,True,0.011392405063291136,0.9886075949367089,1.4208132357393033e-07,0.9999998579186764,81106.26824734366,11.30351552746625,0.0
787231,context_split,True,True,0.011392405063291136,0.9886075949367089,1.721005223629269e-14,0.9999999999999828,669590505700.161,27.229932176959267,0.0
787232,context_split,True,True,0.011392405063291136,0.9886075949367089,8.873811992683137e-19,1.0,1.2986175039010758e+16,37.10266172796133,0.0
787233,context_split,True,True,0.011392405063291136,0.9886075949367089,4.3894452340610986e-16,0.9999999999999997,26253175436851.168,30.89880806667292,0.0
787234,context_split,True,True,0.011392405063291136,0.9886075949367089,6.651394049549734e-23,1.0,1.732522159141317e+20,46.6012801021502,0.0
787235,context_split,True,True,0.011392405063291136,0.9886075949367089,4.216642867013476e-21,1.0,2.7329057602138086e+18,42.45189709806853,0.0
787236,context_split,True,True,0.011392405063291136,0.9886075949367089,1.0353153988500736e-11,0.9999999999896468,1113060579.6751106,20.830379336936602,0.0
787237,context_split,True,True,0.011392405063291136,0.9886075949367089,3.778603191258704e-18,1.0,3049721549667916.0,35.6538266861715,0.0
787238,context_split,True,True,0.011392405063291136,0.9886075949367089,4.1791878909144163e-07,0.9999995820812109,27573.976248142884,10.22462771734522,0.0
787239,context_split,True,True,0.011392405063291136,0.9886075949367089,2.20705621796752e-20,1.0,5.221293180577775e+17,40.79669168785476,0.0
787240,context_split,True,True,0.011392405063291136,0.9886075949367089,1.9085454455771146e-30,1.0,6.037942458604141e+27,63.967860812201714,0.0
787241,context_split,True,True,0.011392405063291136,0.9886075949367089,7.481072119707917e-26,1.0,1.540379158980159e+23,53.39148573211456,0.0
787242,context_split,True,True,0.011392405063291136,0.9886075949367089,2.9607320050025843e-19,1.0,3.892175164977665e+16,38.200329657633425,0.0
787243,context_split,True,True,0.011392405063291136,0.9886075949367089,7.241542426909508e-19,1.0,1.5913305343905368e+16,37.30593196828527,0.0
787244,context_split,True,True,0.011392405063291136,0.9886075949367089,7.851059713835469e-10,0.9999999992148941,14677875.332766509,16.50185183857557,0.0
787245,context_split,True,True,0.011392405063291136,0.9886075949367089,3.786631288981414e-18,1.0,3043255786101496.0,35.65170431950668,0.0
787246,context_split,True,True,0.011392405063291136,0.9886075949367089,0.0011394798080862462,0.9988605201919137,10.101588890851366,2.312692727400239,0.0
787247,context_split,True,True,0.011392405063291136,0.9886075949367089,6.946484407195271e-13,0.9999999999993053,16589236949.961655,23.532019945513625,0.0
787248,context_split,True,True,0.011392405063291136,0.9886075949367089,2.439396150406414e-22,1.0,4.723991869096688e+19,45.30177094403013,0.0
787249,context_split,True,True,0.011392405063291136,0.9886075949367089,5.023986299088221e-18,1.0,2293733878636772.5,35.36895739931949,0.0
787250,context_split,True,True,0.011392405063291136,0.9886075949367089,3.2883176180334693e-22,1.0,3.5044326365642346e+19,45.00314540167841,0.0
787251,context_split,True,True,0.011392405063291136,0.9886075949367089,2.9788525643203725e-15,0.999999999999997,3868498803214.439,28.983887641569048,0.0
787252,context_split,True,True,0.011392405063291136,0.9886075949367089,1.18953707007265e-25,1.0,9.687539690815864e+22,52.927712537656554,0.0
787253,context_split,True,True,0.011392405063291136,0.9886075949367089,8.337745303488153e-33,1.0,1.382110769827006e+30,69.40116466378338,0.0
787254,context_split,True,True,0.011392405063291136,0.9886075949367089,7.096590918480944e-17,1.0,162383427654194.1,32.72098149198471,0.0
787255,context_split,True,True,0.011392405063291136,0.9886075949367089,3.7232524429725416e-19,1.0,3.095059428961377e+16,37.97116859545997,0.0
787256,context_split,True,True,0.011392405063291136,0.9886075949367089,1.4900310316469456e-26,1.0,7.733857440061748e+23,55.005064898992536,0.0
787257,context_split,True,True,0.011392405063291136,0.9886075949367089,2.1303182055274406e-25,1.0,5.409373843834982e+22,52.34500539151785,0.0
787258,context_split,True,True,0.011392405063291136,0.9886075949367089,2.007521103055939e-18,1.0,5740257256814772.0,36.286280422498265,0.0
787259,context_split,True,True,0.011392405063291136,0.9886075949367089,9.672000182853661e-17,0.9999999999999999,119144823843723.67,32.411360876177355,0.0
787260,context_split,True,True,0.011392405063291136,0.9886075949367089,1.2706539739581624e-19,1.0,9.069099704720298e+16,39.046234486324536,0.0
787261,context_split,False,True,0.011392405063291136,0.9886075949367089,0.058227624835321096,0.9417723751646789,0.18638387970640938,-1.679946862732205,0.0
787262,context_split,True,True,0.011392405063291136,0.9886075949367089,1.2504375658587536e-29,1.0,9.215724075045293e+26,62.08812358157679,0.0
787263,context_split,True,True,0.011392405063291136,0.9886075949367089,1.6749469530510214e-16,0.9999999999999998,68800313699693.555,31.86222942044602,0.0
787264,context_split,True,True,0.011392405063291136,0.9886075949367089,4.28935165960143e-27,1.0,2.68658027938339e+24,56.25031134511491,0.0
787265,context_split,True,True,0.011392405063291136,0.9886075949367089,4.164581279716031e-13,0.9999999999995836,27670699179.64608,24.043639898935076,0.0
787266,context_split,True,True,0.011392405063291136,0.9886075949367089,8.119888286242326e-20,1.0,1.4191928723391973e+17,39.494034891150434,0.0
787267,context_split,True,True,0.011392405063291136,0.9886075949367089,5.258734663845807e-22,1.0,2.1913422746448605e+19,44.53363103375891,0.0
787268,context_split,True,True,0.011392405063291136,0.9886075949367089,5.546626469898006e-12,0.9999999999944534,2077602961.458043,21.45448064373442,0.0
787269,context_split,True,True,0.011392405063291136,0.9886075949367089,1.712948751833829e-13,0.9999999999998287,67273977506.254654,24.932039334726,0.0
787270,context_split,True,True,0.011392405063291136,0.9886075949367089,2.176929647158967e-19,1.0,5.293550756251931e+16,38.50785072907074,0.0
787271,context_split,True,True,0.011392405063291136,0.9886075949367089,3.7655776896444417e-28,1.0,3.0602708348619303e+25,58.68313074502363,0.0
787272,context_split,True,True,0.011392405063291136,0.9886075949367089,1.376169050426384e-09,0.999999998623831,8373744.170889923,15.94061167468733,0.0
787273,context_split,True,True,0.011392405063291136,0.9886075949367089,1.0554265423001151e-16,0.9999999999999999,109185122016278.16,32.324065924684945,0.0
787274,context_split,True,True,0.011392405063291136,0.9886075949367089,1.2243064327310375e-30,1.0,9.412421001758426e+27,64.41182771102255,0.0
787275,context_split,True,True,0.011392405063291136,0.9886075949367089,1.5821313900319066e-08,0.9999999841786861,728364.7534149063,13.498557236613328,0.0
787276,context_split,True,True,0.011392405063291136,0.9886075949367089,2.2837276932484427e-34,1.0,5.045998966555357e+31,72.99873352822954,0.0
787277,context_split,True,True,0.011392405063291136,0.9886075949367089,1.1352229524666365e-21,1.0,1.0151034697621944e+19,43.76410731483743,0.0
787278,context_split,True,True,0.011392405063291136,0.9886075949367089,5.028618326007706e-25,1.0,2.2916210443783013e+22,51.486131492647715,0.0
787279,context_split,True,True,0.011392405063291136,0.9886075949367089,2.379613956363264e-09,0.999999997620386,4842671.023082742,15.392976990745021,0.0
787280,context_split,True,True,0.011392405063291136,0.9886075949367089,4.35610413514286e-15,0.9999999999999956,2645411409488.1875,28.603847711482935,0.0
787281,context_split,True,True,0.011392405063291136,0.9886075949367089,9.476545536652317e-16,0.9999999999999991,12160219708179.123,30.12919106041018,0.0
787282,context_split,True,True,0.011392405063291136,0.9886075949367089,6.744087565336712e-22,1.0,1.7087096613714043e+19,44.284855268566304,0.0
787283,context_split,False,False,0.011392405063291136,0.9886075949367089,0.006516437885339583,0.9934835621146604,1.7568792010519863,0.5635390538829075,0.0
787284,context_split,True,True,0.011392405063291136,0.9886075949367089,9.250869391775244e-11,0.9999999999074913,124568698.25883667,18.640367914930792,0.0
787285,context_split,True,True,0.011392405063291136,0.9886075949367089,1.1174402135773115e-23,1.0,1.031257640454369e+21,48.385066020439716,0.0
787286,context_split,True,True,0.011392405063291136,0.9886075949367089,3.119688858116501e-12,0.9999999999968804,3693857978.820039,22.02993727153609,0.0
787287,context_split,True,True,0.011392405063291136,0.9886075949367089,3.9533353128722594e-25,1.0,2.914927945146451e+22,51.72671714671979,0.0
787288,context_split,True,True,0.011392405063291136,0.9886075949367089,8.682528178715342e-24,1.0,1.3272272018966997e+21,48.63737890826178,0.0
787289,context_split,True,True,0.011392405063291136,0.9886075949367089,1.5440938207941906e-10,0.9999999998455905,74630747.32284833,18.128063142763025,0.0
787290,context_split,False,False,0.011392405063291136,0.9886075949367089,0.5621209469328664,0.43787905306713365,0.008976682745796586,-4.7131248696144645,0.0
787291,context_split,True,True,0.011392405063291136,0.9886075949367089,2.2863606027581254e-14,0.9999999999999771,504018813398.1972,26.945879432492127,0.0
787292,context_split,True,True,0.011392405063291136,0.9886075949367089,3.038675732885933e-10,0.9999999996961323,37923386.993252866,17.451078550804674,0.0
787293,context_split,True,True,0.011392405063291136,0.9886075949367089,5.089736546244207e-24,1.0,2.2641029600105951e+21,49.17146558921833,0.0
787294,context_split,True,True,0.011392405063291136,0.9886075949367089,4.202484739757588e-08,0.9999999579751526,274211.2775978599,12.521654174359613,0.0
787295,context_split,True,True,0.011392405063291136,0.9886075949367089,2.5334524081268925e-21,1.0,4.5486102454735427e+18,42.96135341964395,0.0
787296,context_split,True,True,0.011392405063291136,0.9886075949367089,1.5781780297113275e-11,0.9999999999842183,730189329.9041561,20.40881441451284,0.0
787297,context_split,True,True,0.011392405063291136,0.9886075949367089,1.2361911405460437e-32,1.0,9.321930243680098e+29,69.00733741177199,0.0
787298,context_split,True,True,0.011392405063291136,0.9886075949367089,9.254895502999509e-08,0.999999907451045,124514.49624456083,11.732177423808073,0.0
787299,context_split,True,True,0.011392405063291136,0.9886075949367089,5.2744826171769973e-23,1.0,2.1847996128563095e+20,46.83322597385957,0.0
787300,continuous_drift,False,False,0.011392405063291136,0.9886075949367089,4.2566406336318043e-16,0.9999999999999996,27072258552852.105,30.929530649870145,0.0
787301,continuous_drift,False,False,0.011392405063291136,0.9886075949367089,0.010646924451773449,0.9893530755482265,1.0708252698323764,0.06842963140725189,0.0
787302,continuous_drift,False,False,0.011392405063291136,0.9886075949367089,3.609755900427411e-14,0.9999999999999639,319237308502.2378,26.489200576964656,0.0
787303,continuous_drift,False,False,0.011392405063291136,0.9886075949367089,4.601404444290021e-19,1.0,2.504384850222326e+16,37.75940462351109,0.0
787304,continuous_drift,False,False,0.011392405063291136,0.9886075949367089,0.00025155828743008806,0.9997484417125698,45.79769093918203,3.8242336736741365,0.0
787305,continuous_drift,False,False,0.011392405063291136,0.9886075949367089,2.9368596575269424e-17,1.0,392381282179804.4,33.60325514161507,0.0
787306,continuous_drift,False,False,0.011392405063291136,0.9886075949367089,1.4267066341895552e-16,0.9999999999999999,80771248299211.31,32.02264218024923,6.434446986835036e-86
787307,continuous_drift,False,False,0.011392405063291136,0.9886075949367089,2.1523302734683538e-11,0.9999999999784768,535405170.9363271,20.09853434708444,0.0
787308,continuous_drift,False,False,0.011392405063291136,0.9886075949367089,7.879065390755081e-14,0.9999999999999213,146257036951.94666,25.70863143781159,0.0
787309,continuous_drift,False,False,0.011392405063291136,0.9886075949367089,7.015416209610413e-12,0.9999999999929846,1642623507.3777232,21.219560500246573,0.0
787310,continuous_drift,False,False,0.011392405063291136,0.9886075949367089,1.8146453211641392e-06,0.9999981853546789,6350.3686005302325,8.756268137529652,0.0
787311,continuous_drift,False,False,0.011392405063291136,0.9886075949367089,4.51481282763092e-19,1.0,2.55241756856452e+16,37.77840246404798,0.0
787312,continuous_drift,False,False,0.011392405063291136,0.9886075949367089,1.2518927301625977e-09,0.9999999987481073,9205011.969438056,16.03525867296765,0.0
787313,continuous_drift,False,False,0.011392405063291136,0.9886075949367089,7.277306659237847e-11,0.9999999999272269,158350996.03173605,18.880324620993783,0.0
787314,continuous_drift,False,False,0.011392405063291136,0.9886075949367089,5.429389625438888e-15,0.9999999999999946,2122464655332.9646,28.383599102617744,0.0
787315,continuous_drift,False,False,0.011392405063291136,0.9886075949367089,8.606235250478808e-18,1.0,1338992863271373.8,34.8306941317111,0.0
787316,continuous_drift,False,False,0.011392405063291136,0.9886075949367089,1.072639007395216e-12,0.9999999999989274,10743304597.878838,23.097548569377793,0.0
787317,continuous_drift,False,False,0.011392405063291136,0.9886075949367089,5.482646301979973e-07,0.9999994517353699,21018.46558628757,9.953156643968546,0.0
787318,continuous_drift,False,False,0.011392405063291136,0.9886075949367089,1.467897628525958e-17,1.0,785047087486445.9,34.29676481597115,0.0
787319,continuous_drift,False,False,0.011392405063291136,0.9886075949367089,7.206385961699953e-21,1.0,1.5990938649790554e+18,41.915968808322575,0.0
787320,continuous_drift,False,False,0.011392405063291136,0.9886075949367089,1.2823778486133487e-18,1.0,8986187333543156.0,36.73446505260856,0.0
787321,continuous_drift,False,False,0.011392405063291136,0.9886075949367089,3.7680363090845425e-14,0.9999999999999623,305827402783.8355,26.44628673657651,0.0
787322,continuous_drift,False,False,0.011392405063291136,0.9886075949367089,2.2579671206203728e-14,0.9999999999999775,510356748545.53436,26.958375825075855,0.0
787323,continuous_drift,False,False,0.011392405063291136,0.9886075949367089,1.4574877103298775e-15,0.9999999999999986,7906541851675.296,29.698711615220923,0.0
787324,continuous_drift,False,False,0.011392405063291136,0.9886075949367089,1.6489880473561715e-12,0.999999999998351,6988339059.51144,22.667508748291787,0.0
787325,continuous_drift,False,False,0.011392405063291136,0.9886075949367089,1.1544086030544566e-16,0.9999999999999998,99823299562520.61,32.23442273454813,0.0
787326,continuous_drift,False,False,0.011392405063291136,0.9886075949367089,8.042333898238207e-16,0.9999999999999992,14328785307645.605,30.29329158848465,0.0
787327,continuous_drift,False,False,0.011392405063291136,0.9886075949367089,3.474351872358398e-18,1.0,3316787706998528.5,35.73777315131959,0.0
787328,continuous_drift,False,False,0.011392405063291136,0.9886075949367089,5.127503730628915e-19,1.0,2.247426464302577e+16,37.65114725584659,0.0
787329,continuous_drift,False,False,0.011392405063291136,0.9886075949367089,1.0144860604185499e-16,0.9999999999999999,113591384146483.7,32.36362877555836,0.0
787330,continuous_drift,False,False,0.011392405063291136,0.9886075949367089,0.061673857527521955,0.938326142472478,0.17532513365485758,-1.741113122233159,0.0
787331,continuous_drift,False,False,0.011392405063291136,0.9886075949367089,3.0945936946538585e-17,1.0,372381279000655.0,33.55093938885583,0.0
787332,continuous_drift,False,False,0.011392405063291136,0.9886075949367089,1.8240434210911329e-09,0.9999999981759565,6317660.767150216,15.658859565827337,0.0
787333,continuous_drift,False,False,0.011392405063291136,0.9886075949367089,5.17257284876673e-09,0.9999999948274272,2227844.4127018927,14.616545044871815,0.0
787334,continuous_drift,False,False,0.011392405063291136,0.9886075949367089,1.0367790787249862e-17,1.0,1111489208886940.6,34.64447714068193,0.0
787335,continuous_drift,False,False,0.011392405063291136,0.9886075949367089,2.5337220132625824e-21,1.0,4.548126242620831e+18,42.96124700722807,0.0
787336,continuous_drift,False,False,0.011392405063291136,0.9886075949367089,1.2282091361262437e-15,0.9999999999999988,9382512506274.953,29.86986870089101,0.0
787337,continuous_drift,False,False,0.011392405063291136,0.9886075949367089,7.862402678432615e-06,0.9999921375973216,1465.658456767158,7.290059879019067,0.0
787338,continuous_drift,False,False,0.011392405063291136,0.9886075949367089,8.254199201910785e-20,1.0,1.3961000089939664e+17,39.47762922235345,0.0
787339,continuous_drift,False,False,0.011392405063291136,0.9886075949367089,3.80671628063994e-11,0.9999999999619328,302719896.36300737,19.528318501475084,0.0
787340,continuous_drift,False,False,0.011392405063291136,0.9886075949367089,5.637450271655393e-15,0.9999999999999944,2044131127500.259,28.345993938609716,0.0
787341,continuous_drift,False,False,0.011392405063291136,0.9886075949367089,1.4654536741265942e-16,0.9999999999999998,78635631978565.88,31.995846045699956,0.0
787342,continuous_drift,False,False,0.011392405063291136,0.9886075949367089,2.6997402625148898e-05,0.9999730025973749,426.8327820417029,6.056392325385403,0.0
787343,continuous_drift,False,False,0.011392405063291136,0.9886075949367089,1.7622671793366642e-06,0.9999982377328206,6539.114730915444,8.785557073043604,0.0
787344,continuous_drift,False,False,0.011392405063291136,0.9886075949367089,9.697388774351292e-12,0.9999999999903025,1188328925.2456243,20.895813892666958,0.0
787345,continuous_drift,False,False,0.011392405063291136,0.9886075949367089,2.150143673449664e-21,1.0,5.35949654077636e+18,43.1254017156043,0.0
787346,continuous_drift,False,False,0.011392405063291136,0.9886075949367089,0.0021664456121323877,0.9978335543878676,5.307644038344595,1.6691480528694385,0.0
787347,continuous_drift,False,False,0.011392405063291136,0.9886075949367089,4.038981969933165e-17,1.0,285311686603450.8,33.284603335816776,0.0
787348,continuous_drift,False,False,0.011392405063291136,0.9886075949367089,9.861130801176974e-08,0.999999901388692,116859.68552698113,11.668729225081199,0.0
787349,continuous_drift,False,False,0.011392405063291136,0.9886075949367089,8.304106982231975e-17,0.9999999999999999,138770943157193.38,32.56384579883801,0.0
787350,continuous_drift,False,False,0.011392405063291136,0.9886075949367089,1.1217807399837253e-11,0.9999999999887822,1027267376.6946226,20.750168081325413,0.0
787351,continuous_drift,False,False,0.011392405063291136,0.9886075949367089,1.6172156046945e-08,0.9999999838278439,712563.4553742511,13.476624247333708,0.0
787352,continuous_drift,False,False,0.011392405063291136,0.9886075949367089,4.06558430827099e-10,0.9999999995934417,28344480.649182156,17.15994288308837,0.0
787353,continuous_drift,False,False,0.011392405063291136,0.9886075949367089,1.9303478672395112e-19,1.0,5.9697465807056904e+16,38.62806596561525,0.0
787354,continuous_drift,False,False,0.011392405063291136,0.9886075949367089,5.389137670861488e-10,0.9999999994610862,21383175.3382785,16.878114971629586,0.0
787355,continuous_drift,False,False,0.011392405063291136,0.9886075949367089,1.621511014372837e-25,1.0,7.106758744085823e+22,52.61791831289948,0.0
787356,continuous_drift,False,False,0.011392405063291136,0.9886075949367089,4.3971679569381673e-16,0.9999999999999996,26207067123380.402,30.897050227856575,0.0
787357,continuous_drift,False,False,0.011392405063291136,0.9886075949367089,2.0158729326412819e-10,0.9999999997984127,57164751.76143059,17.86144803845653,0.0
787358,continuous_drift,False,False,0.011392405063291136,0.9886075949367089,1.3182695769046898e-08,0.9999999868173043,874152.5731914475,13.681010208271234,0.0
787359,continuous_drift,False,False,0.011392405063291136,0.9886075949367089,3.361259119121721e-10,0.9999999996638742,34283841.76214071,17.350184715488588,0.0
787360,continuous_drift,False,False,0.011392405063291136,0.9886075949367089,7.049211400350559e-19,1.0,1.6347484740566196e+16,37.33285044192211,0.0
787361,continuous_drift,False,False,0.011392405063291136,0.9886075949367089,1.1298725079435633e-10,0.9999999998870127,101991043.21687914,18.440395555793657,0.0
787362,continuous_drift,False,False,0.011392405063291136,0.9886075949367089,1.7811426520306368e-20,1.0,6.469828549042807e+17,41.011096189685325,0.0
787363,continuous_drift,False,False,0.011392405063291136,0.9886075949367089,1.598547537998736e-09,0.9999999984014524,7208848.83788395,15.790819834639192,0.0
787364,continuous_drift,False,False,0.011392405063291136,0.9886075949367089,2.579934181978117e-15,0.9999999999999974,4466659521984.409,29.127661934660296,0.0
787365,continuous_drift,False,False,0.011392405063291136,0.9886075949367089,1.1506705374414104e-10,0.999999999884933,100147585.28816852,18.42215550883354,0.0
787366,continuous_drift,False,False,0.011392405063291136,0.9886075949367089,0.0002123670792176667,0.9997876329207824,54.25153639912178,3.9936313127406837,0.0
787367,continuous_drift,False,False,0.011392405063291136,0.9886075949367089,1.3837274194444925e-18,1.0,8328004069364996.0,36.65840021485976,0.0
787368,continuous_drift,False,False,0.011392405063291136,0.9886075949367089,1.3569147655746509e-14,0.9999999999999865,849256554087.6273,27.46762716145821,0.0
787369,continuous_drift,False,False,0.011392405063291136,0.9886075949367089,2.3620034565527667e-19,1.0,4.878776763876517e+16,38.42625601320847,0.0
787370,continuous_drift,False,False,0.011392405063291136,0.9886075949367089,5.844200531542804e-19,1.0,1.9718159084085204e+16,37.52031638699352,0.0
787371,continuous_drift,False,False,0.011392405063291136,0.9886075949367089,1.4764749427299427e-15,0.9999999999999986,7804864983836.96,29.685768371070722,0.0
787372,continuous_drift,False,False,0.011392405063291136,0.9886075949367089,7.43835951691595e-18,1.0,1549224335529768.8,34.97653077189514,0.0
787373,continuous_drift,False,False,0.011392405063291136,0.9886075949367089,1.7052803390908385e-10,0.999999999829472,67576499.38193922,18.0287708382926,0.0
787374,continuous_drift,False,False,0.011392405063291136,0.9886075949367089,4.342255646309878e-17,1.0,265384825737255.53,33.21220206112524,0.0
787375,continuous_drift,False,False,0.011392405063291136,0.9886075949367089,2.465069916615528e-14,0.9999999999999754,467479137299.5638,26.87062055858219,0.0
787376,continuous_drift,False,False,0.011392405063291136,0.9886075949367089,6.359958692810817e-16,0.9999999999999993,18119123309797.258,30.527989032911393,0.0
787377,continuous_drift,False,False,0.011392405063291136,0.9886075949367089,3.233762935590081e-17,1.0,356355360907827.7,33.50694955370273,0.0
787378,continuous_drift,False,False,0.011392405063291136,0.9886075949367089,4.909162686026183e-22,1.0,2.3473835187470017e+19,44.60241807847897,0.0
787379,continuous_drift,False,False,0.011392405063291136,0.9886075949367089,3.3121358226310327e-15,0.9999999999999967,3479231588658.5913,28.87783257747656,0.0
787380,continuous_drift,False,False,0.011392405063291136,0.9886075949367089,3.8065667924850666e-08,0.9999999619343322,302731.7730012992,12.620602454817819,0.0
787381,continuous_drift,False,False,0.011392405063291136,0.9886075949367089,3.7403562117113946e-16,0.9999999999999997,30809064505524.594,31.058830064737123,0.0
787382,continuous_drift,False,False,0.011392405063291136,0.9886075949367089,6.5880449199096055e-12,0.9999999999934119,1749181695.0312817,21.282413912682266,0.0
787383,continuous_drift,False,False,0.011392405063291136,0.9886075949367089,5.919378822070931e-10,0.9999999994080621,19467731.19205887,16.784268842158774,0.0
787384,continuous_drift,False,False,0.011392405063291136,0.9886075949367089,9.495462824410001e-19,1.0,1.2135993572005436e+16,37.034952107293414,0.0
787385,continuous_drift,False,False,0.011392405063291136,0.9886075949367089,2.846655273780437e-07,0.9999997153344726,40481.48859389365,10.608600076849783,0.0
787386,continuous_drift,False,False,0.011392405063291136,0.9886075949367089,7.444265704337684e-14,0.9999999999999256,154799520029.35718,25.765396697511683,0.0
787387,continuous_drift,False,False,0.011392405063291136,0.9886075949367089,1.570114578200393e-10,0.9999999998429886,73393927.6675227,18.11135176083718,0.0
787388,continuous_drift,False,False,0.011392405063291136,0.9886075949367089,8.567633615623033e-14,0.9999999999999143,134502572087.24776,25.62484915913072,0.0
787389,continuous_drift,False,False,0.011392405063291136,0.9886075949367089,5.4523213362207693e-14,0.9999999999999456,211353786202.41937,26.076799278170263,0.0
787390,continuous_drift,False,False,0.011392405063291136,0.9886075949367089,2.8848189922407917e-18,1.0,3994596406575435.0,35.92371894438865,0.0
787391,continuous_drift,False,False,0.011392405063291136,0.9886075949367089,2.608283316889307e-20,1.0,4.4181119073249274e+17,40.62965901543669,0.0
787392,continuous_drift,True,True,0.011392405063291136,0.9886075949367089,2.1313993073282547e-20,1.0,5.4066300671134106e+17,40.83157257155718,0.0
787393,continuous_drift,False,False,0.011392405063291136,0.9886075949367089,1.9191709277889955e-15,0.999999999999998,6004513414186.413,29.423532538066873,0.0
787394,continuous_drift,False,False,0.011392405063291136,0.9886075949367089,5.4720153439818285e-09,0.9999999945279846,2105931.141008522,14.560268274564363,0.0
787395,continuous_drift,False,False,0.011392405063291136,0.9886075949367089,3.1898750569104656e-05,0.9999681012494308,361.2467505216551,5.889561244290421,0.0
787396,continuous_drift,False,False,0.011392405063291136,0.9886075949367089,1.478954471655435e-14,0.9999999999999851,779177980179.922,27.38150532935274,0.0
787397,continuous_drift,False,False,0.011392405063291136,0.9886075949367089,7.219694801711401e-11,0.999999999927803,159614608.3136638,18.888272769578663,0.0
787398,continuous_drift,False,False,0.011392405063291136,0.9886075949367089,5.0344315331920955e-11,0.9999999999496556,228897493.2615442,19.24878483362449,0.0
787399,continuous_drift,False,False,0.011392405063291136,0.9886075949367089,9.545591755267572e-06,0.9999904544082447,1207.2145839726875,7.096070988206286,0.0
787400,change_point,False,False,0.011392405063291136,0.9886075949367089,0.001094844177594811,0.9989051558224051,10.513889714481639,2.3526972129454036,0.0
787401,change_point,False,False,0.011392405063291136,0.9886075949367089,4.831689794193067e-15,0.9999999999999952,2385022232568.662,28.50022956205713,0.0
787402,change_point,False,False,0.011392405063291136,0.9886075949367089,5.989334365886027e-09,0.9999999940106655,1924034.7602970456,14.469934976727044,0.0
787403,change_point,False,False,0.011392405063291136,0.9886075949367089,1.0252660224579734e-13,0.9999999999998975,112397049425.2556,25.44530352339646,0.0
787404,change_point,False,False,0.011392405063291136,0.9886075949367089,0.0008065110253931182,0.9991934889746069,14.276796269867061,2.658635580891376,0.0
787405,change_point,False,False,0.011392405063291136,0.9886075949367089,0.12871950294713783,0.8712804970528621,0.07800188792470672,-2.5510222484225547,0.0
787406,change_point,False,False,0.011392405063291136,0.9886075949367089,8.829164396985582e-06,0.999991170835603,1305.1728699748567,7.174090778397444,0.0
787407,change_point,False,False,0.011392405063291136,0.9886075949367089,0.02171724792023351,0.9782827520797664,0.5191000646721748,-0.6556586115637661,0.0
787408,change_point,False,False,0.011392405063291136,0.9886075949367089,0.2066369924314403,0.7933630075685597,0.04424409845106962,-3.1180332847599557,0.0
787409,change_point,False,False,0.011392405063291136,0.9886075949367089,0.40752427300535554,0.5924757269946445,0.016753615990243352,-4.08914116399527,0.0
787410,change_point,False,False,0.011392405063291136,0.9886075949367089,0.0005840838962354347,0.9994159161037647,19.717983758693737,2.9815311004733207,0.0
787411,change_point,False,False,0.011392405063291136,0.9886075949367089,1.1009614117499162e-20,1.0,1.0466931408349123e+18,41.49216747861631,0.0
787412,change_point,False,False,0.011392405063291136,0.9886075949367089,7.372264649231773e-09,0.9999999926277353,1563113.6487036946,14.262190318662787,0.0
787413,change_point,False,False,0.011392405063291136,0.9886075949367089,2.1897506763782927e-15,0.9999999999999979,5262556922272.547,29.291638131462406,0.0
787414,change_point,False,False,0.011392405063291136,0.9886075949367089,3.246433229461953e-10,0.9999999996753567,35496456.45474859,17.384943431287383,0.0
787415,change_point,False,False,0.011392405063291136,0.9886075949367089,0.0025608450296992747,0.9974391549703008,4.488431384429489,1.501503283126497,0.0
787416,change_point,False,False,0.011392405063291136,0.9886075949367089,0.6196912036061071,0.380308796393893,0.007072167118196606,-4.951588322959287,0.0
787417,change_point,False,False,0.011392405063291136,0.9886075949367089,0.8136900984259553,0.18630990157404467,0.002638568544655805,-5.937518726810622,0.0
787418,change_point,False,False,0.011392405063291136,0.9886075949367089,0.08345774009052473,0.9165422599094754,0.12655442917135204,-2.0670827932249454,0.0
787419,change_point,False,False,0.011392405063291136,0.9886075949367089,0.023006082529652933,0.976993917470347,0.4893737409662089,-0.7146287849786495,0.0
787420,change_point,False,False,0.011392405063291136,0.9886075949367089,4.350482051432381e-07,0.9999995649517948,26488.28895379966,10.184457988024409,0.0
787421,change_point,False,False,0.011392405063291136,0.9886075949367089,2.836012734226141e-08,0.9999999716398726,406334.11529292015,12.91493104422229,0.0
787422,change_point,False,False,0.011392405063291136,0.9886075949367089,1.8897759354273665e-14,0.999999999999981,609791211962.8801,27.13638246005346,0.0
787423,change_point,False,False,0.011392405063291136,0.9886075949367089,0.37428004854686187,0.6257199514531382,0.019265256753946226,-3.949451973510541,0.0
787424,change_point,False,False,0.011392405063291136,0.9886075949367089,0.002802629307264312,0.9971973706927356,4.100217936671395,1.4110401275832762,0.0
787425,change_point,False,False,0.011392405063291136,0.9886075949367089,0.03840302359435265,0.9615969764056473,0.28854871561794077,-1.242891348994518,0.0
787426,change_point,False,False,0.011392405063291136,0.9886075949367089,6.249227438668787e-07,0.9999993750772561,18440.16799149484,9.82228660723692,0.0
787427,change_point,False,False,0.011392405063291136,0.9886075949367089,0.0008944313807437087,0.9991055686192564,12.87229035128319,2.555076966247613,0.0
787428,change_point,False,False,0.011392405063291136,0.9886075949367089,1.2159941498133737e-08,0.9999999878400584,947676.2237439092,13.761768186765293,0.0
787429,change_point,False,False,0.011392405063291136,0.9886075949367089,1.3268698597459273e-28,1.0,8.684866488890006e+25,59.726209351816955,0.0
787430,change_point,False,False,0.011392405063291136,0.9886075949367089,0.06126020725691647,0.9387397927430835,0.17658680201882473,-1.733942727360223,0.0
787431,change_point,False,False,0.011392405063291136,0.9886075949367089,1.2006920730276682e-12,0.9999999999987993,9597537819.129267,22.984772425350272,0.0
787432,change_point,False,False,0.011392405063291136,0.9886075949367089,0.5298293135303371,0.47017068646966287,0.010226123700217532,-4.582809685759753,0.0
787433,change_point,False,False,0.011392405063291136,0.9886075949367089,9.716265247146091e-08,0.9999999028373475,118602.01597252948,11.683528763483332,0.0
787434,change_point,False,False,0.011392405063291136,0.9886075949367089,0.21442527457301208,0.7855747254269879,0.04221851982986521,-3.164896295682798,0.0
787435,change_point,False,False,0.011392405063291136,0.9886075949367089,0.20353880987572506,0.7964611901242749,0.04509297234375815,-3.0990288684787597,0.0
787436,change_point,False,False,0.011392405063291136,0.9886075949367089,8.304471675818485e-28,1.0,1.387648489858914e+25,57.89223790548153,0.0
787437,change_point,False,False,0.011392405063291136,0.9886075949367089,6.605751854031701e-06,0.9999933942481459,1744.4814325521143,7.464212617149215,0.0
787438,change_point,False,False,0.011392405063291136,0.9886075949367089,4.5389640845006127e-10,0.9999999995461035,25388364.746364538,17.04980154618589,0.0
787439,change_point,True,True,0.011392405063291136,0.9886075949367089,6.058305451535896e-05,0.9999394169454846,190.20152635109253,5.248084175058546,0.0
787440,change_point,False,False,0.011392405063291136,0.9886075949367089,4.378396207459544e-11,0.9999999999562161,263194261.8598101,19.38840295573329,0.0
787441,change_point,False,False,0.011392405063291136,0.9886075949367089,0.07619171369441277,0.9238082863055872,0.13972225533503246,-1.9680987173541982,0.0
787442,change_point,False,False,0.011392405063291136,0.9886075949367089,0.00012400125255719057,0.9998759987474428,92.92050193619954,4.531744309697773,0.0
787443,change_point,False,False,0.011392405063291136,0.9886075949367089,4.819018426616681e-10,0.9999999995180981,23912935.27915151,16.989930095561377,0.0
787444,change_point,False,False,0.011392405063291136,0.9886075949367089,3.5523822552445784e-15,0.9999999999999963,3243932311341.923,28.807807386163134,0.0
787445,change_point,False,False,0.011392405063291136,0.9886075949367089,0.30760053907697377,0.6923994609230263,0.025939470366982822,-3.651989517920523,0.0
787446,change_point,False,False,0.011392405063291136,0.9886075949367089,0.025446699796763984,0.9745533002032359,0.44133219047340483,-0.8179574207184177,0.0
787447,change_point,False,False,0.011392405063291136,0.9886075949367089,0.013986738477772175,0.9860132615222278,0.8123772953645777,-0.2077903972728281,0.0
787448,change_point,False,False,0.011392405063291136,0.9886075949367089,1.1016411807177502e-06,0.9999988983588194,10460.46125250039,9.25535783344404,0.0
787449,change_point,False,False,0.011392405063291136,0.9886075949367089,0.6008694335900101,0.39913056640998984,0.007654667875959422,-4.872439637363756,0.0
787450,change_point,False,False,0.011392405063291136,0.9886075949367089,5.5529874290203495e-14,0.9999999999999445,207522306277.90137,26.058504670973903,0.0
787451,change_point,False,False,0.011392405063291136,0.9886075949367089,0.0036113245201101784,0.9963886754798897,3.1794627540577434,1.1567122372543661,0.0
787452,change_point,False,False,0.011392405063291136,0.9886075949367089,0.0026648919930921987,0.9973351080069077,4.312736961593274,1.4615727284637448,0.0
787453,change_point,False,False,0.011392405063291136,0.9886075949367089,0.00038354358902214234,0.999616456410978,30.03379035196799,3.4023230928770634,0.0
787454,change_point,False,False,0.011392405063291136,0.9886075949367089,6.007254251355424e-13,0.9999999999993993,19182952972.930256,23.67728785560046,0.0
787455,change_point,False,False,0.011392405063291136,0.9886075949367089,0.0019089624740067721,0.9980910375259932,6.025099733224173,1.7959340324719433,0.0
787456,change_point,False,False,0.011392405063291136,0.9886075949367089,4.977604854693014e-16,0.9999999999999994,23151069473023.266,30.77306209293252,0.0
787457,change_point,False,False,0.011392405063291136,0.9886075949367089,4.07548544260817e-31,1.0,2.82756195361374e+28,65.51179744369377,0.0
787458,change_point,False,False,0.011392405063291136,0.9886075949367089,0.4100670718053956,0.5899329281946045,0.016578270300402237,-4.099662459180237,0.0
787459,change_point,False,False,0.011392405063291136,0.9886075949367089,4.577195179633555e-11,0.9999999999542281,251763080.38541514,19.343999046049987,0.0
787460,change_point,False,False,0.011392405063291136,0.9886075949367089,3.6189468312792003e-25,1.0,3.1842655107348766e+22,51.81509369942437,0.0
787461,change_point,False,False,0.011392405063291136,0.9886075949367089,9.227365309186342e-13,0.9999999999990772,12488600151.705843,23.24808207727719,0.0
787462,change_point,False,False,0.011392405063291136,0.9886075949367089,6.558593476739778e-14,0.9999999999999344,175703641655.69797,25.892064558479582,0.0
787463,change_point,False,False,0.011392405063291136,0.9886075949367089,2.81836303728733e-06,0.9999971816369627,4088.7759843678514,8.316000933920838,0.0
787464,change_point,False,False,0.011392405063291136,0.9886075949367089,0.7254100930996662,0.2745899069003338,0.004362068200935566,-5.434808976080645,0.0
787465,change_point,False,False,0.011392405063291136,0.9886075949367089,3.925084595777146e-27,1.0,2.935908080152851e+24,56.33905903426942,0.0
787466,change_point,False,False,0.011392405063291136,0.9886075949367089,2.4892243017594535e-17,1.0,462942916469212.1,33.76862487185062,0.0
787467,change_point,False,False,0.011392405063291136,0.9886075949367089,3.49547150327184e-23,1.0,3.296747683177853e+20,47.24463829182691,0.0
787468,change_point,False,False,0.011392405063291136,0.9886075949367089,1.5587372235794002e-05,0.9999844126277642,739.2848378609829,6.605683283575502,0.0
787469,change_point,False,False,0.011392405063291136,0.9886075949367089,7.908001639436995e-05,0.9999209199836055,145.71034266304497,4.981620696701297,0.0
787470,change_point,False,False,0.011392405063291136,0.9886075949367089,1.0992739688102579e-12,0.9999999999989007,10482998694.570189,23.073020609888573,0.0
787471,change_point,False,False,0.011392405063291136,0.9886075949367089,0.0012477186207994586,0.9987522813792006,9.224282677673996,2.2218394283855165,0.0
787472,change_point,False,False,0.011392405063291136,0.9886075949367089,0.0008604027200960545,0.999139597279904,13.381841199433714,2.593898653561304,0.0
787473,change_point,False,False,0.011392405063291136,0.9886075949367089,4.175676242794679e-08,0.9999999582432375,275971.757118823,12.528053810183662,0.0
787474,change_point,False,False,0.011392405063291136,0.9886075949367089,0.5665743603426745,0.43342563965732545,0.008815544807857019,-4.731238660407189,0.0
787475,change_point,False,False,0.011392405063291136,0.9886075949367089,1.219568255016651e-25,1.0,9.448989453950905e+22,52.902779845566734,0.0
787476,change_point,False,False,0.011392405063291136,0.9886075949367089,2.2059277273798157e-07,0.9999997794072273,52239.63094961026,10.863596699407944,0.0
787477,change_point,False,False,0.011392405063291136,0.9886075949367089,5.536682022553592e-22,1.0,2.081334548938164e+19,44.48212606492278,0.0
787478,change_point,False,False,0.011392405063291136,0.9886075949367089,0.012073117053475404,0.9879268829465246,0.9429678102646307,-0.05872313238769067,0.0
787479,change_point,False,False,0.011392405063291136,0.9886075949367089,0.5289681158160956,0.4710318841839044,0.010261533939889218,-4.5793529436027285,0.0
787480,change_point,False,False,0.011392405063291136,0.9886075949367089,7.705418143230145e-12,0.9999999999922947,1495530465.1521485,21.125746807041864,0.0
787481,change_point,False,False,0.011392405063291136,0.9886075949367089,4.024702795596067e-07,0.9999995975297203,28632.38238285157,10.262293607443704,0.0
787482,change_point,False,False,0.011392405063291136,0.9886075949367089,3.2371040476877536e-08,0.9999999676289596,355987.5443368326,12.782651021404194,0.0
787483,change_point,False,False,0.011392405063291136,0.9886075949367089,2.162478875489618e-18,1.0,5328924925297359.0,36.21192591017289,0.0
787484,change_point,False,False,0.011392405063291136,0.9886075949367089,0.030333234357873554,0.9696667656421264,0.3683793403684073,-0.9986420555209192,0.0
787485,change_point,False,False,0.011392405063291136,0.9886075949367089,1.4659641618448832e-19,1.0,7.860824895966966e+16,38.903253037435434,0.0
787486,change_point,False,False,0.011392405063291136,0.9886075949367089,1.5783822363220726e-23,1.0,7.300948600940893e+20,48.039706144927464,0.0
787487,change_point,False,False,0.011392405063291136,0.9886075949367089,1.505371117071485e-17,1.0,765504761539700.8,34.271556551176374,0.0
787488,change_point,False,False,0.011392405063291136,0.9886075949367089,0.0002710543271265058,0.9997289456728735,42.50278590559354,3.7495696245018646,0.0
787489,change_point,False,False,0.011392405063291136,0.9886075949367089,4.0493421788996964e-19,1.0,2.8458171897828716e+16,37.88721175142035,0.0
787490,change_point,False,False,0.011392405063291136,0.9886075949367089,2.325612735585701e-19,1.0,4.955118882733258e+16,38.44178264787783,0.0
787491,change_point,False,False,0.011392405063291136,0.9886075949367089,0.005633182423044391,0.9943668175769556,2.0341561279509186,0.7100810537517894,0.0
787492,change_point,False,False,0.011392405063291136,0.9886075949367089,2.995581046459933e-08,0.9999999700441895,384689.5495764487,12.860191923246502,0.0
787493,change_point,False,False,0.011392405063291136,0.9886075949367089,1.6004829712439468e-14,0.999999999999984,720013132727.605,27.30253528868962,0.0
787494,change_point,False,False,0.011392405063291136,0.9886075949367089,0.009906360540309389,0.9900936394596906,1.1517377880280193,0.14127192180656323,0.0
787495,change_point,False,False,0.011392405063291136,0.9886075949367089,0.02755169726465989,0.9724483027353401,0.40673321577259824,-0.8995977979689282,0.0
787496,change_point,False,False,0.011392405063291136,0.9886075949367089,5.730658500018713e-21,1.0,2.0108836672064804e+18,42.14510593477858,0.0
787497,change_point,False,False,0.011392405063291136,0.9886075949367089,0.012121852774882785,0.9878781472251172,0.9391302919752601,-0.06280105330242236,0.0
787498,change_point,False,False,0.011392405063291136,0.9886075949367089,3.175861740346269e-21,1.0,3.6285230662368876e+18,42.735357370570746,0.0
787499,change_point,False,False,0.011392405063291136,0.9886075949367089,0.2924433693178981,0.7075566306821018,0.02788116405639113,-3.579803941580103,0.0
