stage,seed,arm,dyad_present,dyad_coupled_to_evidence,authored_access_used,dyad_coherent_safe_signals,dyad_settled_observations,dyad_field_weight_final,dyad_depth_precision_final,learned_settle_final,potential_outcome_packets,potential_competence_packets,potential_partner_packets,ingested_outcome_packets,ingested_competence_packets,ingested_partner_packets,initial_permission,final_permission,maximum_permission,permission_rise_episode,first_contact_episode,contact_achieved,contact_episodes,initial_root_probability,final_root_probability,revision_begin_episode,revision_complete_episode,descent_occurred,permission_before_revision,permission_to_revision_lag,root_updates,vulnerable_registered_rejections,vulnerable_aloneness_final,dyad_field_path,permission_path,root_path
pilot,34901,coupled,true,true,false,14,16,0.7996188927309995,0.6050513027371034,0.875,13,13,13,13,13,13,0.038395072015512205,0.9975268421131692,0.9975268421131692,5,5,true,14,0.06000000000000001,0.9999998414866234,6,6,true,true,1,14,4,0.9961361264034858,0.5882628759820016;0.5687955297427759;0.5945621984503915;0.6879285452468661;0.6672413378564881;0.7357626838353583;0.7700144968004526;0.7873223222158701;0.7580561816519029;0.7903075550891695;0.7169961870582888;0.7563380425893318;0.7738653152333026;0.8144520703127552;0.8107715143066457;0.803327408358043;0.800487379899841;0.7996188927309995,0.038395072015512205;0.038395072015512205;0.013322546407936765;0.013322546407936765;0.10917053035622717;0.9322254044301734;0.9322254044301734;0.9944425055289112;0.997093690353608;0.9946687730666407;0.9946687730666407;0.9971133296321689;0.9974503605882143;0.9975031072060963;0.997522475503285;0.997522475503285;0.9975263783110058;0.9975245905887329;0.9975268421131692,0.06000000000000001;0.06000000000000001;0.06000000000000001;0.06000000000000001;0.06000000000000001;0.37228231841649917;0.8341679538112797;0.9456566110758498;0.9187627342911262;0.9896825859348419;0.9987723785713393;0.999867731679473;0.9999339110547271;0.9998983161381776;0.9999880101432772;0.9999965341002844;0.9999989024533846;0.9999996827354044;0.9999998414866234
pilot,34901,no_dyad,false,false,false,0,0,0.0,0.0,0.5,0,0,0,0,0,0,0.038395072015512205,0.038395072015512205,0.038395072015512205,0,0,false,0,0.06000000000000001,0.06000000000000001,0,0,false,true,0,0,18,0.9999999999217837,0.0;0.0;0.0;0.0;0.0;0.0;0.0;0.0;0.0;0.0;0.0;0.0;0.0;0.0;0.0;0.0;0.0;0.0,0.038395072015512205;0.038395072015512205;0.038395072015512205;0.038395072015512205;0.038395072015512205;0.038395072015512205;0.038395072015512205;0.038395072015512205;0.038395072015512205;0.038395072015512205;0.038395072015512205;0.038395072015512205;0.038395072015512205;0.038395072015512205;0.038395072015512205;0.038395072015512205;0.038395072015512205;0.038395072015512205;0.038395072015512205,0.06000000000000001;0.06000000000000001;0.06000000000000001;0.06000000000000001;0.06000000000000001;0.06000000000000001;0.06000000000000001;0.06000000000000001;0.06000000000000001;0.06000000000000001;0.06000000000000001;0.06000000000000001;0.06000000000000001;0.06000000000000001;0.06000000000000001;0.06000000000000001;0.06000000000000001;0.06000000000000001;0.06000000000000001
pilot,34901,decoupled,true,false,false,14,16,0.7996188927309995,0.6050513027371034,0.875,13,13,13,0,0,0,0.038395072015512205,0.038395072015512205,0.038395072015512205,0,0,false,0,0.06000000000000001,0.06000000000000001,0,0,false,true,0,0,18,0.9999999999217837,0.5882628759820016;0.5687955297427759;0.5945621984503915;0.6879285452468661;0.6672413378564881;0.7357626838353583;0.7700144968004526;0.7873223222158701;0.7580561816519029;0.7903075550891695;0.7169961870582888;0.7563380425893318;0.7738653152333026;0.8144520703127552;0.8107715143066457;0.803327408358043;0.800487379899841;0.7996188927309995,0.038395072015512205;0.038395072015512205;0.038395072015512205;0.038395072015512205;0.038395072015512205;0.038395072015512205;0.038395072015512205;0.038395072015512205;0.038395072015512205;0.038395072015512205;0.038395072015512205;0.038395072015512205;0.038395072015512205;0.038395072015512205;0.038395072015512205;0.038395072015512205;0.038395072015512205;0.038395072015512205;0.038395072015512205,0.06000000000000001;0.06000000000000001;0.06000000000000001;0.06000000000000001;0.06000000000000001;0.06000000000000001;0.06000000000000001;0.06000000000000001;0.06000000000000001;0.06000000000000001;0.06000000000000001;0.06000000000000001;0.06000000000000001;0.06000000000000001;0.06000000000000001;0.06000000000000001;0.06000000000000001;0.06000000000000001;0.06000000000000001
pilot,34901,authored_access,false,false,true,0,0,0.0,0.0,0.5,0,0,0,0,0,0,0.038395072015512205,0.038395072015512205,0.038395072015512205,0,1,true,18,0.06000000000000001,0.9999999995816136,3,4,true,false,0,18,0,0.62,0.0;0.0;0.0;0.0;0.0;0.0;0.0;0.0;0.0;0.0;0.0;0.0;0.0;0.0;0.0;0.0;0.0;0.0,0.038395072015512205;0.038395072015512205;0.038395072015512205;0.038395072015512205;0.038395072015512205;0.038395072015512205;0.038395072015512205;0.038395072015512205;0.038395072015512205;0.038395072015512205;0.038395072015512205;0.038395072015512205;0.038395072015512205;0.038395072015512205;0.038395072015512205;0.038395072015512205;0.038395072015512205;0.038395072015512205;0.038395072015512205,0.06000000000000001;0.3512297621379089;0.5427601099911444;0.7224318387411781;0.9602908219382056;0.9955692733952451;0.9994755565668635;0.9998483442422977;0.9997666745572854;0.9999724846844246;0.9999967557968261;0.9999996508398663;0.9999998255508071;0.9999997315844978;0.9999999683531343;0.9999999908519398;0.9999999971030902;0.9999999991625994;0.9999999995816136
pilot,34902,coupled,true,true,false,12,14,0.8124903328129993,0.5404440502854779,0.8571428571428571,9,9,9,9,9,9,0.029827252858018172,0.9975105022499918,0.9975105022499918,8,8,true,11,0.06000000000000001,0.9999997786974476,9,9,true,true,1,11,7,0.9999129736723787,0.4028357712503951;0.41441632056025113;0.41318200705736036;0.3655567640694585;0.3729800777575288;0.39045572103337645;0.41843786149415585;0.5202716381161278;0.6202436603552395;0.6194123875359787;0.5397844263660678;0.5758336743721573;0.6668845391280812;0.6893397578899783;0.6385988396977639;0.7128437944433277;0.7522047446300933;0.8124903328129993,0.029827252858018172;0.029827252858018172;0.029827252858018172;0.012028260713055718;0.012028260713055718;0.012028260713055718;0.11572987303674019;0.11572987303674019;0.9197308451946407;0.9197308451946407;0.9939282127804839;0.9970304038047157;0.9970304038047157;0.9940444668389855;0.9970435190657992;0.9970435190657992;0.9974406284806445;0.9975105022499918;0.9975105022499918,0.06000000000000001;0.06000000000000001;0.06000000000000001;0.06000000000000001;0.06000000000000001;0.06000000000000001;0.06000000000000001;0.06000000000000001;0.37228231841649917;0.8341679538112797;0.7490132539083003;0.965191127552483;0.9961335752516216;0.9995425788006357;0.9999507496922566;0.9999844034149253;0.9999928867219738;0.9999979437766954;0.9999997786974476
pilot,34902,no_dyad,false,false,false,0,0,0.0,0.0,0.5,0,0,0,0,0,0,0.029827252858018172,0.029827252858018172,0.029827252858018172,0,0,false,0,0.06000000000000001,0.06000000000000001,0,0,false,true,0,0,18,0.9999999999217837,0.0;0.0;0.0;0.0;0.0;0.0;0.0;0.0;0.0;0.0;0.0;0.0;0.0;0.0;0.0;0.0;0.0;0.0,0.029827252858018172;0.029827252858018172;0.029827252858018172;0.029827252858018172;0.029827252858018172;0.029827252858018172;0.029827252858018172;0.029827252858018172;0.029827252858018172;0.029827252858018172;0.029827252858018172;0.029827252858018172;0.029827252858018172;0.029827252858018172;0.029827252858018172;0.029827252858018172;0.029827252858018172;0.029827252858018172;0.029827252858018172,0.06000000000000001;0.06000000000000001;0.06000000000000001;0.06000000000000001;0.06000000000000001;0.06000000000000001;0.06000000000000001;0.06000000000000001;0.06000000000000001;0.06000000000000001;0.06000000000000001;0.06000000000000001;0.06000000000000001;0.06000000000000001;0.06000000000000001;0.06000000000000001;0.06000000000000001;0.06000000000000001;0.06000000000000001
pilot,34902,decoupled,true,false,false,12,14,0.8124903328129993,0.5404440502854779,0.8571428571428571,9,9,9,0,0,0,0.029827252858018172,0.029827252858018172,0.029827252858018172,0,0,false,0,0.06000000000000001,0.06000000000000001,0,0,false,true,0,0,18,0.9999999999217837,0.4028357712503951;0.41441632056025113;0.41318200705736036;0.3655567640694585;0.3729800777575288;0.39045572103337645;0.41843786149415585;0.5202716381161278;0.6202436603552395;0.6194123875359787;0.5397844263660678;0.5758336743721573;0.6668845391280812;0.6893397578899783;0.6385988396977639;0.7128437944433277;0.7522047446300933;0.8124903328129993,0.029827252858018172;0.029827252858018172;0.029827252858018172;0.029827252858018172;0.029827252858018172;0.029827252858018172;0.029827252858018172;0.029827252858018172;0.029827252858018172;0.029827252858018172;0.029827252858018172;0.029827252858018172;0.029827252858018172;0.029827252858018172;0.029827252858018172;0.029827252858018172;0.029827252858018172;0.029827252858018172;0.029827252858018172,0.06000000000000001;0.06000000000000001;0.06000000000000001;0.06000000000000001;0.06000000000000001;0.06000000000000001;0.06000000000000001;0.06000000000000001;0.06000000000000001;0.06000000000000001;0.06000000000000001;0.06000000000000001;0.06000000000000001;0.06000000000000001;0.06000000000000001;0.06000000000000001;0.06000000000000001;0.06000000000000001;0.06000000000000001
pilot,34902,authored_access,false,false,true,0,0,0.0,0.0,0.5,0,0,0,0,0,0,0.029827252858018172,0.029827252858018172,0.029827252858018172,0,1,true,18,0.06000000000000001,0.9999999999998808,2,3,true,false,0,18,0,0.62,0.0;0.0;0.0;0.0;0.0;0.0;0.0;0.0;0.0;0.0;0.0;0.0;0.0;0.0;0.0;0.0;0.0;0.0,0.029827252858018172;0.029827252858018172;0.029827252858018172;0.029827252858018172;0.029827252858018172;0.029827252858018172;0.029827252858018172;0.029827252858018172;0.029827252858018172;0.029827252858018172;0.029827252858018172;0.029827252858018172;0.029827252858018172;0.029827252858018172;0.029827252858018172;0.029827252858018172;0.029827252858018172;0.029827252858018172;0.029827252858018172,0.06000000000000001;0.18087388666753335;0.6723117085342495;0.9456566110758498;0.9938531752172587;0.9992713230463457;0.9999215247196229;0.9999915534639606;0.9999990909301342;0.9999998928183061;0.9999998193379593;0.9999999805561469;0.9999999979073448;0.9999999997532707;0.9999999999734457;0.999999999991591;0.9999999999961648;0.9999999999988913;0.9999999999998808
pilot,34903,coupled,true,true,false,14,16,0.7919924612626825,0.5634959650961819,0.8125,13,13,13,13,13,13,0.04470193997368902,0.8862685354595419,0.9930866388990379,4,4,true,8,0.06000000000000001,0.9996483220501072,7,7,true,true,3,8,10,0.9999980471367158,0.506541498718483;0.5897476900603463;0.674901881336992;0.7336671925241115;0.7185869511537347;0.7258903717270245;0.7409211751934743;0.707922709454837;0.7418485441829245;0.7621141242529649;0.7236087157087295;0.7610335868432241;0.7774633110983813;0.7614761616867711;0.7815213084599747;0.7894703320203195;0.8077087401136018;0.7919924612626825,0.04470193997368902;0.04470193997368902;0.30276827492548797;0.30276827492548797;0.9055836151558893;0.7632612350420244;0.7632612350420244;0.9077126792119342;0.8862655997510449;0.0681213614906081;0.0681213614906081;0.009806142191439384;0.007101241940164394;0.009806142698718847;0.009806142698718847;0.06812146804703734;0.886268535454086;0.9930866388990379;0.8862685354595419,0.06000000000000001;0.06000000000000001;0.06000000000000001;0.06000000000000001;0.3512297621379089;0.21882262943038175;0.49213978397719843;0.9000386262594468;0.987074598295729;0.987074598295729;0.987074598295729;0.987074598295729;0.987074598295729;0.987074598295729;0.987074598295729;0.987074598295729;0.9730236650177226;0.9970250411828346;0.9996483220501072
pilot,34903,no_dyad,false,false,false,0,0,0.0,0.0,0.5,0,0,0,0,0,0,0.04470193997368902,0.04470193997368902,0.04470193997368902,0,0,false,0,0.06000000000000001,0.06000000000000001,0,0,false,true,0,0,18,0.9999999999217837,0.0;0.0;0.0;0.0;0.0;0.0;0.0;0.0;0.0;0.0;0.0;0.0;0.0;0.0;0.0;0.0;0.0;0.0,0.04470193997368902;0.04470193997368902;0.04470193997368902;0.04470193997368902;0.04470193997368902;0.04470193997368902;0.04470193997368902;0.04470193997368902;0.04470193997368902;0.04470193997368902;0.04470193997368902;0.04470193997368902;0.04470193997368902;0.04470193997368902;0.04470193997368902;0.04470193997368902;0.04470193997368902;0.04470193997368902;0.04470193997368902,0.06000000000000001;0.06000000000000001;0.06000000000000001;0.06000000000000001;0.06000000000000001;0.06000000000000001;0.06000000000000001;0.06000000000000001;0.06000000000000001;0.06000000000000001;0.06000000000000001;0.06000000000000001;0.06000000000000001;0.06000000000000001;0.06000000000000001;0.06000000000000001;0.06000000000000001;0.06000000000000001;0.06000000000000001
pilot,34903,decoupled,true,false,false,14,16,0.7919924612626825,0.5634959650961819,0.8125,13,13,13,0,0,0,0.04470193997368902,0.04470193997368902,0.04470193997368902,0,0,false,0,0.06000000000000001,0.06000000000000001,0,0,false,true,0,0,18,0.9999999999217837,0.506541498718483;0.5897476900603463;0.674901881336992;0.7336671925241115;0.7185869511537347;0.7258903717270245;0.7409211751934743;0.707922709454837;0.7418485441829245;0.7621141242529649;0.7236087157087295;0.7610335868432241;0.7774633110983813;0.7614761616867711;0.7815213084599747;0.7894703320203195;0.8077087401136018;0.7919924612626825,0.04470193997368902;0.04470193997368902;0.04470193997368902;0.04470193997368902;0.04470193997368902;0.04470193997368902;0.04470193997368902;0.04470193997368902;0.04470193997368902;0.04470193997368902;0.04470193997368902;0.04470193997368902;0.04470193997368902;0.04470193997368902;0.04470193997368902;0.04470193997368902;0.04470193997368902;0.04470193997368902;0.04470193997368902,0.06000000000000001;0.06000000000000001;0.06000000000000001;0.06000000000000001;0.06000000000000001;0.06000000000000001;0.06000000000000001;0.06000000000000001;0.06000000000000001;0.06000000000000001;0.06000000000000001;0.06000000000000001;0.06000000000000001;0.06000000000000001;0.06000000000000001;0.06000000000000001;0.06000000000000001;0.06000000000000001;0.06000000000000001
pilot,34903,authored_access,false,false,true,0,0,0.0,0.0,0.5,0,0,0,0,0,0,0.04470193997368902,0.04470193997368902,0.04470193997368902,0,1,true,18,0.06000000000000001,0.9999999999987974,2,2,true,false,0,18,0,0.62,0.0;0.0;0.0;0.0;0.0;0.0;0.0;0.0;0.0;0.0;0.0;0.0;0.0;0.0;0.0;0.0;0.0;0.0,0.04470193997368902;0.04470193997368902;0.04470193997368902;0.04470193997368902;0.04470193997368902;0.04470193997368902;0.04470193997368902;0.04470193997368902;0.04470193997368902;0.04470193997368902;0.04470193997368902;0.04470193997368902;0.04470193997368902;0.04470193997368902;0.04470193997368902;0.04470193997368902;0.04470193997368902;0.04470193997368902;0.04470193997368902,0.06000000000000001;0.37228231841649917;0.8464024725792524;0.9790523069255674;0.9974837190569372;0.9951482445028558;0.9985926640111031;0.9998483442422977;0.9999821170150667;0.9999978915181486;0.9999993905068691;0.999999928139199;0.9999999915274315;0.9999999961358705;0.9999999995841209;0.9999999999552407;0.9999999999052351;0.9999999999898008;0.9999999999987974
pilot,34904,coupled,true,true,false,15,15,0.817574983486099,0.5731159170240703,0.8823529411764706,11,11,11,11,11,11,0.029299718749883873,0.9975262121272003,0.9975262121272003,3,3,true,14,0.06000000000000001,0.9999999996977682,4,4,true,true,1,14,4,0.9961361264034858,0.4377952011685279;0.43708079080472745;0.472199709008167;0.5266780767751144;0.4998153941596159;0.534331111445247;0.5825413839823381;0.6348765884060842;0.6821732839713974;0.7196340852800073;0.6149072855387828;0.6948297424454836;0.7401139144287098;0.7653261703504726;0.7797662550100773;0.818727244960639;0.8359084569595793;0.817574983486099,0.029299718749883873;0.029299718749883873;0.029299718749883873;0.7716081831833945;0.7716081831833945;0.8625907342412346;0.8625907342412346;0.7986136534969887;0.042458305989995386;0.042458305989995386;0.7989669276771156;0.9911496182257986;0.9911496182257986;0.9967405935806574;0.9973839679082179;0.9974990122798326;0.9974990122798326;0.9975216522034845;0.9975262121272003,0.06000000000000001;0.06000000000000001;0.06000000000000001;0.3512297621379089;0.8211648221122465;0.9770978620294866;0.9974837190569372;0.9997026642237111;0.9997026642237111;0.9997026642237111;0.9999649341722644;0.9999958655234383;0.9999995125331085;0.9999999475360891;0.9999999943535429;0.9999999982119405;0.9999999969861035;0.9999999990455917;0.9999999996977682
pilot,34904,no_dyad,false,false,false,0,0,0.0,0.0,0.5,0,0,0,0,0,0,0.029299718749883873,0.029299718749883873,0.029299718749883873,0,0,false,0,0.06000000000000001,0.06000000000000001,0,0,false,true,0,0,18,0.9999999999217837,0.0;0.0;0.0;0.0;0.0;0.0;0.0;0.0;0.0;0.0;0.0;0.0;0.0;0.0;0.0;0.0;0.0;0.0,0.029299718749883873;0.029299718749883873;0.029299718749883873;0.029299718749883873;0.029299718749883873;0.029299718749883873;0.029299718749883873;0.029299718749883873;0.029299718749883873;0.029299718749883873;0.029299718749883873;0.029299718749883873;0.029299718749883873;0.029299718749883873;0.029299718749883873;0.029299718749883873;0.029299718749883873;0.029299718749883873;0.029299718749883873,0.06000000000000001;0.06000000000000001;0.06000000000000001;0.06000000000000001;0.06000000000000001;0.06000000000000001;0.06000000000000001;0.06000000000000001;0.06000000000000001;0.06000000000000001;0.06000000000000001;0.06000000000000001;0.06000000000000001;0.06000000000000001;0.06000000000000001;0.06000000000000001;0.06000000000000001;0.06000000000000001;0.06000000000000001
pilot,34904,decoupled,true,false,false,15,15,0.817574983486099,0.5731159170240703,0.8823529411764706,11,11,11,0,0,0,0.029299718749883873,0.029299718749883873,0.029299718749883873,0,0,false,0,0.06000000000000001,0.06000000000000001,0,0,false,true,0,0,18,0.9999999999217837,0.4377952011685279;0.43708079080472745;0.472199709008167;0.5266780767751144;0.4998153941596159;0.534331111445247;0.5825413839823381;0.6348765884060842;0.6821732839713974;0.7196340852800073;0.6149072855387828;0.6948297424454836;0.7401139144287098;0.7653261703504726;0.7797662550100773;0.818727244960639;0.8359084569595793;0.817574983486099,0.029299718749883873;0.029299718749883873;0.029299718749883873;0.029299718749883873;0.029299718749883873;0.029299718749883873;0.029299718749883873;0.029299718749883873;0.029299718749883873;0.029299718749883873;0.029299718749883873;0.029299718749883873;0.029299718749883873;0.029299718749883873;0.029299718749883873;0.029299718749883873;0.029299718749883873;0.029299718749883873;0.029299718749883873,0.06000000000000001;0.06000000000000001;0.06000000000000001;0.06000000000000001;0.06000000000000001;0.06000000000000001;0.06000000000000001;0.06000000000000001;0.06000000000000001;0.06000000000000001;0.06000000000000001;0.06000000000000001;0.06000000000000001;0.06000000000000001;0.06000000000000001;0.06000000000000001;0.06000000000000001;0.06000000000000001;0.06000000000000001
pilot,34904,authored_access,false,false,true,0,0,0.0,0.0,0.5,0,0,0,0,0,0,0.029299718749883873,0.029299718749883873,0.029299718749883873,0,1,true,18,0.06000000000000001,0.9999999999996796,3,3,true,false,0,18,0,0.62,0.0;0.0;0.0;0.0;0.0;0.0;0.0;0.0;0.0;0.0;0.0;0.0;0.0;0.0;0.0;0.0;0.0;0.0,0.029299718749883873;0.029299718749883873;0.029299718749883873;0.029299718749883873;0.029299718749883873;0.029299718749883873;0.029299718749883873;0.029299718749883873;0.029299718749883873;0.029299718749883873;0.029299718749883873;0.029299718749883873;0.029299718749883873;0.029299718749883873;0.029299718749883873;0.029299718749883873;0.029299718749883873;0.029299718749883873;0.029299718749883873,0.06000000000000001;0.18087388666753335;0.4330689493912203;0.8662911693916405;0.98212742826676;0.9980452788929197;0.9997892544701119;0.9999751479556849;0.9999973252259572;0.9999996846367154;0.9999999628178706;0.9999999956161338;0.9999999994831312;0.9999999999443716;0.999999999994013;0.9999999999981042;0.9999999999968043;0.9999999999989879;0.9999999999996796
pilot,34905,coupled,true,true,false,17,16,0.8102944973370274,0.6037560255329086,0.8947368421052632,13,13,13,13,13,13,0.032302014142726425,0.9975118044621678,0.9975243039660973,2,2,true,17,0.06000000000000001,0.9999999999823717,3,3,true,true,1,17,1,0.8526093088857546,0.5882628759820016;0.6472013732470805;0.7091204874962419;0.7513308348042962;0.8188233810504804;0.843573586101375;0.8239870949296035;0.5901587677498474;0.6902565183419452;0.7675192058609468;0.7755283773120845;0.782855839409247;0.7882575559008481;0.7920748385724594;0.8200380573744853;0.8342418388718565;0.8170346123192791;0.8102944973370274,0.032302014142726425;0.032302014142726425;0.799829456296009;0.799829456296009;0.9914992770532285;0.9967805426625829;0.9917066748499969;0.9879957613656123;0.9879957613656123;0.9962119145735773;0.9972726116177683;0.997392248483742;0.997392248483742;0.997500619915646;0.997521975241078;0.9975112909994115;0.9975243039660973;0.9975243039660973;0.9975118044621678,0.06000000000000001;0.06000000000000001;0.37228231841649917;0.8464024725792524;0.9790523069255674;0.9602908219382056;0.9951482445028558;0.9994255072393622;0.9997128864698538;0.9999661400222026;0.9999963556914434;0.9999988459565083;0.9999977696166141;0.9999997599533029;0.9999999741648387;0.9999999969539699;0.9999999996408655;0.999999999961348;0.9999999999823717
pilot,34905,no_dyad,false,false,false,0,0,0.0,0.0,0.5,0,0,0,0,0,0,0.032302014142726425,0.032302014142726425,0.032302014142726425,0,0,false,0,0.06000000000000001,0.06000000000000001,0,0,false,true,0,0,18,0.9999999999217837,0.0;0.0;0.0;0.0;0.0;0.0;0.0;0.0;0.0;0.0;0.0;0.0;0.0;0.0;0.0;0.0;0.0;0.0,0.032302014142726425;0.032302014142726425;0.032302014142726425;0.032302014142726425;0.032302014142726425;0.032302014142726425;0.032302014142726425;0.032302014142726425;0.032302014142726425;0.032302014142726425;0.032302014142726425;0.032302014142726425;0.032302014142726425;0.032302014142726425;0.032302014142726425;0.032302014142726425;0.032302014142726425;0.032302014142726425;0.032302014142726425,0.06000000000000001;0.06000000000000001;0.06000000000000001;0.06000000000000001;0.06000000000000001;0.06000000000000001;0.06000000000000001;0.06000000000000001;0.06000000000000001;0.06000000000000001;0.06000000000000001;0.06000000000000001;0.06000000000000001;0.06000000000000001;0.06000000000000001;0.06000000000000001;0.06000000000000001;0.06000000000000001;0.06000000000000001
pilot,34905,decoupled,true,false,false,17,16,0.8102944973370274,0.6037560255329086,0.8947368421052632,13,13,13,0,0,0,0.032302014142726425,0.032302014142726425,0.032302014142726425,0,0,false,0,0.06000000000000001,0.06000000000000001,0,0,false,true,0,0,18,0.9999999999217837,0.5882628759820016;0.6472013732470805;0.7091204874962419;0.7513308348042962;0.8188233810504804;0.843573586101375;0.8239870949296035;0.5901587677498474;0.6902565183419452;0.7675192058609468;0.7755283773120845;0.782855839409247;0.7882575559008481;0.7920748385724594;0.8200380573744853;0.8342418388718565;0.8170346123192791;0.8102944973370274,0.032302014142726425;0.032302014142726425;0.032302014142726425;0.032302014142726425;0.032302014142726425;0.032302014142726425;0.032302014142726425;0.032302014142726425;0.032302014142726425;0.032302014142726425;0.032302014142726425;0.032302014142726425;0.032302014142726425;0.032302014142726425;0.032302014142726425;0.032302014142726425;0.032302014142726425;0.032302014142726425;0.032302014142726425,0.06000000000000001;0.06000000000000001;0.06000000000000001;0.06000000000000001;0.06000000000000001;0.06000000000000001;0.06000000000000001;0.06000000000000001;0.06000000000000001;0.06000000000000001;0.06000000000000001;0.06000000000000001;0.06000000000000001;0.06000000000000001;0.06000000000000001;0.06000000000000001;0.06000000000000001;0.06000000000000001;0.06000000000000001
pilot,34905,authored_access,false,false,true,0,0,0.0,0.0,0.5,0,0,0,0,0,0,0.032302014142726425,0.032302014142726425,0.032302014142726425,0,1,true,18,0.06000000000000001,0.9999999999979217,2,2,true,false,0,18,0,0.62,0.0;0.0;0.0;0.0;0.0;0.0;0.0;0.0;0.0;0.0;0.0;0.0;0.0;0.0;0.0;0.0;0.0;0.0,0.032302014142726425;0.032302014142726425;0.032302014142726425;0.032302014142726425;0.032302014142726425;0.032302014142726425;0.032302014142726425;0.032302014142726425;0.032302014142726425;0.032302014142726425;0.032302014142726425;0.032302014142726425;0.032302014142726425;0.032302014142726425;0.032302014142726425;0.032302014142726425;0.032302014142726425;0.032302014142726425;0.032302014142726425,0.06000000000000001;0.3512297621379089;0.8341679538112797;0.9790523069255674;0.9974837190569372;0.9951482445028558;0.9994255072393622;0.9999322315263123;0.9999661400222026;0.9999960077048023;0.9999995703255372;0.9999998639352513;0.9999997370317105;0.9999999716978888;0.9999999969539699;0.9999999996408655;0.9999999999576572;0.9999999999954428;0.9999999999979217
pilot,34906,coupled,true,true,false,14,15,0.754988666022495,0.41842195878928534,0.8125,10,10,10,10,10,10,0.0285949041986198,0.9975241793664829,0.9975241793664829,2,2,true,17,0.06000000000000001,0.9999999999998099,3,3,true,true,1,17,1,0.8526093088857546,0.5882628759820016;0.4536738329279155;0.428285500387589;0.4788803974488595;0.5173772291784048;0.5099411581406708;0.5264433467830707;0.4777410069852168;0.559096646120506;0.6333358428216093;0.6429524339352781;0.6638003622774109;0.6293820846636055;0.6283839615022171;0.6757612568956108;0.7110078286510484;0.7366388307041489;0.754988666022495,0.0285949041986198;0.0285949041986198;0.7638527685593294;0.7638527685593294;0.7638527685593294;0.9907686214491579;0.9907686214491579;0.9959367344594693;0.9959367344594693;0.9973109326908028;0.9974910566961552;0.9974910566961552;0.9975207372563522;0.9975025651918648;0.9975025651918648;0.9974374668522891;0.9975105176930684;0.9975105176930684;0.9975241793664829,0.06000000000000001;0.06000000000000001;0.37228231841649917;0.8341679538112797;0.9790523069255674;0.9932701767743829;0.9947671421446341;0.999380171929673;0.9998207492612319;0.999948177948768;0.999993889771409;0.9999992795849043;0.9999999150612068;0.9999999899855033;0.9999999989221844;0.9999999998729228;0.9999999999850173;0.9999999999982334;0.9999999999998099
pilot,34906,no_dyad,false,false,false,0,0,0.0,0.0,0.5,0,0,0,0,0,0,0.0285949041986198,0.0285949041986198,0.0285949041986198,0,0,false,0,0.06000000000000001,0.06000000000000001,0,0,false,true,0,0,18,0.9999999999217837,0.0;0.0;0.0;0.0;0.0;0.0;0.0;0.0;0.0;0.0;0.0;0.0;0.0;0.0;0.0;0.0;0.0;0.0,0.0285949041986198;0.0285949041986198;0.0285949041986198;0.0285949041986198;0.0285949041986198;0.0285949041986198;0.0285949041986198;0.0285949041986198;0.0285949041986198;0.0285949041986198;0.0285949041986198;0.0285949041986198;0.0285949041986198;0.0285949041986198;0.0285949041986198;0.0285949041986198;0.0285949041986198;0.0285949041986198;0.0285949041986198,0.06000000000000001;0.06000000000000001;0.06000000000000001;0.06000000000000001;0.06000000000000001;0.06000000000000001;0.06000000000000001;0.06000000000000001;0.06000000000000001;0.06000000000000001;0.06000000000000001;0.06000000000000001;0.06000000000000001;0.06000000000000001;0.06000000000000001;0.06000000000000001;0.06000000000000001;0.06000000000000001;0.06000000000000001
pilot,34906,decoupled,true,false,false,14,15,0.754988666022495,0.41842195878928534,0.8125,10,10,10,0,0,0,0.0285949041986198,0.0285949041986198,0.0285949041986198,0,0,false,0,0.06000000000000001,0.06000000000000001,0,0,false,true,0,0,18,0.9999999999217837,0.5882628759820016;0.4536738329279155;0.428285500387589;0.4788803974488595;0.5173772291784048;0.5099411581406708;0.5264433467830707;0.4777410069852168;0.559096646120506;0.6333358428216093;0.6429524339352781;0.6638003622774109;0.6293820846636055;0.6283839615022171;0.6757612568956108;0.7110078286510484;0.7366388307041489;0.754988666022495,0.0285949041986198;0.0285949041986198;0.0285949041986198;0.0285949041986198;0.0285949041986198;0.0285949041986198;0.0285949041986198;0.0285949041986198;0.0285949041986198;0.0285949041986198;0.0285949041986198;0.0285949041986198;0.0285949041986198;0.0285949041986198;0.0285949041986198;0.0285949041986198;0.0285949041986198;0.0285949041986198;0.0285949041986198,0.06000000000000001;0.06000000000000001;0.06000000000000001;0.06000000000000001;0.06000000000000001;0.06000000000000001;0.06000000000000001;0.06000000000000001;0.06000000000000001;0.06000000000000001;0.06000000000000001;0.06000000000000001;0.06000000000000001;0.06000000000000001;0.06000000000000001;0.06000000000000001;0.06000000000000001;0.06000000000000001;0.06000000000000001
pilot,34906,authored_access,false,false,true,0,0,0.0,0.0,0.5,0,0,0,0,0,0,0.0285949041986198,0.0285949041986198,0.0285949041986198,0,1,true,18,0.06000000000000001,0.9999999999999796,2,2,true,false,0,18,0,0.62,0.0;0.0;0.0;0.0;0.0;0.0;0.0;0.0;0.0;0.0;0.0;0.0;0.0;0.0;0.0;0.0;0.0;0.0,0.0285949041986198;0.0285949041986198;0.0285949041986198;0.0285949041986198;0.0285949041986198;0.0285949041986198;0.0285949041986198;0.0285949041986198;0.0285949041986198;0.0285949041986198;0.0285949041986198;0.0285949041986198;0.0285949041986198;0.0285949041986198;0.0285949041986198;0.0285949041986198;0.0285949041986198;0.0285949041986198;0.0285949041986198,0.06000000000000001;0.37228231841649917;0.8464024725792524;0.9790523069255674;0.997702546465755;0.9992713230463457;0.9994341685952559;0.9999332537497788;0.9999807049557892;0.999994422365746;0.9999993423797543;0.9999999224648854;0.9999999908584157;0.9999999989221844;0.9999999998839995;0.9999999999863232;0.9999999999983875;0.9999999999998099;0.9999999999999796
pilot,34907,coupled,true,true,false,16,18,0.8354697644383278,0.6371347611436053,0.9444444444444444,13,13,13,13,13,13,0.03210353507689675,0.9975161908477324,0.9975161908477324,4,4,true,15,0.06000000000000001,0.9999999989106929,5,6,true,true,1,15,3,0.9864342353573533,0.506541498718483;0.5197763227261261;0.6276090355370085;0.7079062917584031;0.6802080677524762;0.7435097334725058;0.7740917680801136;0.8208722576553118;0.8404187218679378;0.8236038974670755;0.8165374570806092;0.8128359583749547;0.8347510027470227;0.8238834170047088;0.8217505716597648;0.8174785530330526;0.8145104508588686;0.8354697644383278,0.03210353507689675;0.03210353507689675;0.23627381141311748;0.23627381141311748;0.8738278731175007;0.7392012230392647;0.7392012230392647;0.9293925494752434;0.9895899134005568;0.9309895210509308;0.7609344983805758;0.7609344983805758;0.9310464911366655;0.9896484789074033;0.9963260088270871;0.9972886694129905;0.9972886694129905;0.9974761626950681;0.9975161908477324,0.06000000000000001;0.06000000000000001;0.06000000000000001;0.06000000000000001;0.37228231841649917;0.6519131339784898;0.9456566110758498;0.9534008810104996;0.9942703295663071;0.9981784574967618;0.9997848899549698;0.9999746331750909;0.9999970091210589;0.9999996473669719;0.9999999584236723;0.9999999879816613;0.9999999985830079;0.9999999998329332;0.9999999989106929
pilot,34907,no_dyad,false,false,false,0,0,0.0,0.0,0.5,0,0,0,0,0,0,0.03210353507689675,0.03210353507689675,0.03210353507689675,0,0,false,0,0.06000000000000001,0.06000000000000001,0,0,false,true,0,0,18,0.9999999999217837,0.0;0.0;0.0;0.0;0.0;0.0;0.0;0.0;0.0;0.0;0.0;0.0;0.0;0.0;0.0;0.0;0.0;0.0,0.03210353507689675;0.03210353507689675;0.03210353507689675;0.03210353507689675;0.03210353507689675;0.03210353507689675;0.03210353507689675;0.03210353507689675;0.03210353507689675;0.03210353507689675;0.03210353507689675;0.03210353507689675;0.03210353507689675;0.03210353507689675;0.03210353507689675;0.03210353507689675;0.03210353507689675;0.03210353507689675;0.03210353507689675,0.06000000000000001;0.06000000000000001;0.06000000000000001;0.06000000000000001;0.06000000000000001;0.06000000000000001;0.06000000000000001;0.06000000000000001;0.06000000000000001;0.06000000000000001;0.06000000000000001;0.06000000000000001;0.06000000000000001;0.06000000000000001;0.06000000000000001;0.06000000000000001;0.06000000000000001;0.06000000000000001;0.06000000000000001
pilot,34907,decoupled,true,false,false,16,18,0.8354697644383278,0.6371347611436053,0.9444444444444444,13,13,13,0,0,0,0.03210353507689675,0.03210353507689675,0.03210353507689675,0,0,false,0,0.06000000000000001,0.06000000000000001,0,0,false,true,0,0,18,0.9999999999217837,0.506541498718483;0.5197763227261261;0.6276090355370085;0.7079062917584031;0.6802080677524762;0.7435097334725058;0.7740917680801136;0.8208722576553118;0.8404187218679378;0.8236038974670755;0.8165374570806092;0.8128359583749547;0.8347510027470227;0.8238834170047088;0.8217505716597648;0.8174785530330526;0.8145104508588686;0.8354697644383278,0.03210353507689675;0.03210353507689675;0.03210353507689675;0.03210353507689675;0.03210353507689675;0.03210353507689675;0.03210353507689675;0.03210353507689675;0.03210353507689675;0.03210353507689675;0.03210353507689675;0.03210353507689675;0.03210353507689675;0.03210353507689675;0.03210353507689675;0.03210353507689675;0.03210353507689675;0.03210353507689675;0.03210353507689675,0.06000000000000001;0.06000000000000001;0.06000000000000001;0.06000000000000001;0.06000000000000001;0.06000000000000001;0.06000000000000001;0.06000000000000001;0.06000000000000001;0.06000000000000001;0.06000000000000001;0.06000000000000001;0.06000000000000001;0.06000000000000001;0.06000000000000001;0.06000000000000001;0.06000000000000001;0.06000000000000001;0.06000000000000001
pilot,34907,authored_access,false,false,true,0,0,0.0,0.0,0.5,0,0,0,0,0,0,0.03210353507689675,0.03210353507689675,0.03210353507689675,0,1,true,18,0.06000000000000001,0.9999999999985123,2,2,true,false,0,18,0,0.62,0.0;0.0;0.0;0.0;0.0;0.0;0.0;0.0;0.0;0.0;0.0;0.0;0.0;0.0;0.0;0.0;0.0;0.0,0.03210353507689675;0.03210353507689675;0.03210353507689675;0.03210353507689675;0.03210353507689675;0.03210353507689675;0.03210353507689675;0.03210353507689675;0.03210353507689675;0.03210353507689675;0.03210353507689675;0.03210353507689675;0.03210353507689675;0.03210353507689675;0.03210353507689675;0.03210353507689675;0.03210353507689675;0.03210353507689675;0.03210353507689675,0.06000000000000001;0.3512297621379089;0.8341679538112797;0.9790523069255674;0.997702546465755;0.9992713230463457;0.9999215247196229;0.9999332537497788;0.9999921299870218;0.9999975077951436;0.9999997061621766;0.9999999653557777;0.9999999959153596;0.9999999995184108;0.9999999999432194;0.9999999999835867;0.9999999999980649;0.9999999999997717;0.9999999999985123
pilot,34908,coupled,true,true,false,15,16,0.7916364848680673,0.5600204432492041,0.9411764705882353,12,12,12,12,12,12,0.04692323761604159,0.9965700043775905,0.9974175029569669,7,7,true,12,0.06000000000000001,0.9999999826908771,10,10,true,true,3,12,6,0.9996915204460334,0.4028357712503951;0.45770980991982174;0.48487579185404317;0.5361075354414917;0.5916532017340088;0.48889086951195915;0.6264750831355225;0.7145451784850356;0.7615251078618658;0.785705239437739;0.7975133226494773;0.8292962343593748;0.8453938729262883;0.8285058696253281;0.8206915110952379;0.816230179155705;0.7195006041302627;0.7916364848680673,0.04692323761604159;0.04692323761604159;0.04692323761604159;0.014486345483352323;0.014486345483352323;0.19500305485263816;0.19500305485263816;0.9538611320846694;0.9932440697797226;0.9969378144265985;0.9969378144265985;0.9974175029569669;0.9973202243521113;0.9964792834566004;0.9973202255657999;0.9973202255657999;0.9965668608297028;0.9915606845115619;0.9965700043775905,0.06000000000000001;0.06000000000000001;0.06000000000000001;0.06000000000000001;0.06000000000000001;0.06000000000000001;0.06000000000000001;0.18087388666753335;0.10253768503717318;0.5149346925197013;0.9079497014939737;0.9892064157835446;0.9987151766661727;0.9998483442422977;0.9999836757577565;0.9999982430689975;0.9999998109090533;0.99999985319123;0.9999999826908771
pilot,34908,no_dyad,false,false,false,0,0,0.0,0.0,0.5,0,0,0,0,0,0,0.04692323761604159,0.04692323761604159,0.04692323761604159,0,0,false,0,0.06000000000000001,0.06000000000000001,0,0,false,true,0,0,18,0.9999999999217837,0.0;0.0;0.0;0.0;0.0;0.0;0.0;0.0;0.0;0.0;0.0;0.0;0.0;0.0;0.0;0.0;0.0;0.0,0.04692323761604159;0.04692323761604159;0.04692323761604159;0.04692323761604159;0.04692323761604159;0.04692323761604159;0.04692323761604159;0.04692323761604159;0.04692323761604159;0.04692323761604159;0.04692323761604159;0.04692323761604159;0.04692323761604159;0.04692323761604159;0.04692323761604159;0.04692323761604159;0.04692323761604159;0.04692323761604159;0.04692323761604159,0.06000000000000001;0.06000000000000001;0.06000000000000001;0.06000000000000001;0.06000000000000001;0.06000000000000001;0.06000000000000001;0.06000000000000001;0.06000000000000001;0.06000000000000001;0.06000000000000001;0.06000000000000001;0.06000000000000001;0.06000000000000001;0.06000000000000001;0.06000000000000001;0.06000000000000001;0.06000000000000001;0.06000000000000001
pilot,34908,decoupled,true,false,false,15,16,0.7916364848680673,0.5600204432492041,0.9411764705882353,12,12,12,0,0,0,0.04692323761604159,0.04692323761604159,0.04692323761604159,0,0,false,0,0.06000000000000001,0.06000000000000001,0,0,false,true,0,0,18,0.9999999999217837,0.4028357712503951;0.45770980991982174;0.48487579185404317;0.5361075354414917;0.5916532017340088;0.48889086951195915;0.6264750831355225;0.7145451784850356;0.7615251078618658;0.785705239437739;0.7975133226494773;0.8292962343593748;0.8453938729262883;0.8285058696253281;0.8206915110952379;0.816230179155705;0.7195006041302627;0.7916364848680673,0.04692323761604159;0.04692323761604159;0.04692323761604159;0.04692323761604159;0.04692323761604159;0.04692323761604159;0.04692323761604159;0.04692323761604159;0.04692323761604159;0.04692323761604159;0.04692323761604159;0.04692323761604159;0.04692323761604159;0.04692323761604159;0.04692323761604159;0.04692323761604159;0.04692323761604159;0.04692323761604159;0.04692323761604159,0.06000000000000001;0.06000000000000001;0.06000000000000001;0.06000000000000001;0.06000000000000001;0.06000000000000001;0.06000000000000001;0.06000000000000001;0.06000000000000001;0.06000000000000001;0.06000000000000001;0.06000000000000001;0.06000000000000001;0.06000000000000001;0.06000000000000001;0.06000000000000001;0.06000000000000001;0.06000000000000001;0.06000000000000001
pilot,34908,authored_access,false,false,true,0,0,0.0,0.0,0.5,0,0,0,0,0,0,0.04692323761604159,0.04692323761604159,0.04692323761604159,0,1,true,18,0.06000000000000001,0.9999999999950568,3,4,true,false,0,18,0,0.62,0.0;0.0;0.0;0.0;0.0;0.0;0.0;0.0;0.0;0.0;0.0;0.0;0.0;0.0;0.0;0.0;0.0;0.0,0.04692323761604159;0.04692323761604159;0.04692323761604159;0.04692323761604159;0.04692323761604159;0.04692323761604159;0.04692323761604159;0.04692323761604159;0.04692323761604159;0.04692323761604159;0.04692323761604159;0.04692323761604159;0.04692323761604159;0.04692323761604159;0.04692323761604159;0.04692323761604159;0.04692323761604159;0.04692323761604159;0.04692323761604159,0.06000000000000001;0.18087388666753335;0.410828674177842;0.7069375377203838;0.9534008810104996;0.9847581496070023;0.9955458210448451;0.9987083543433499;0.9975066782258434;0.9997310565012606;0.9999710478618886;0.999996883929955;0.9999996326065486;0.9999999566833805;0.9999999953380252;0.9999999994982525;0.9999999999459992;0.9999999999580742;0.9999999999950568
pilot,34909,coupled,true,true,false,17,17,0.8263235179035311,0.5533220612759648,0.8947368421052632,14,14,14,14,14,14,0.03529539220710036,0.9975271630427445,0.9975271630427445,5,5,true,14,0.06000000000000001,0.9999999920637638,7,8,true,true,2,14,4,0.9961361264034858,0.5882628759820016;0.5941458069808465;0.6500685603753714;0.7086382481377608;0.7496835078636506;0.8157301478249762;0.8403915014193812;0.821864833160742;0.8145534466762019;0.8109872499173253;0.8342460060577147;0.848357120483685;0.8304021720766205;0.8219464735469307;0.8170728527158994;0.8347561515321751;0.8475066744403845;0.8263235179035311,0.03529539220710036;0.03529539220710036;0.01287163514538987;0.01287163514538987;0.1419294466985515;0.9357078629821568;0.9921467640786479;0.9921467640786479;0.9968303729591738;0.9973990630018654;0.9972854579380587;0.9974759940847494;0.9975162395903692;0.9975162395903692;0.997522242191647;0.99752633200589;0.9975249504495785;0.9975263320060609;0.9975271630427445,0.06000000000000001;0.06000000000000001;0.06000000000000001;0.06000000000000001;0.06000000000000001;0.3512297621379089;0.38894696915808336;0.6677789279315277;0.9445932943620622;0.9524814792950423;0.9941523372724037;0.9993673407242749;0.9999253662405053;0.9999420539533393;0.9999937632028563;0.9999992646619933;0.9999999208587969;0.9999999906690539;0.9999999920637638
pilot,34909,no_dyad,false,false,false,0,0,0.0,0.0,0.5,0,0,0,0,0,0,0.03529539220710036,0.03529539220710036,0.03529539220710036,0,0,false,0,0.06000000000000001,0.06000000000000001,0,0,false,true,0,0,18,0.9999999999217837,0.0;0.0;0.0;0.0;0.0;0.0;0.0;0.0;0.0;0.0;0.0;0.0;0.0;0.0;0.0;0.0;0.0;0.0,0.03529539220710036;0.03529539220710036;0.03529539220710036;0.03529539220710036;0.03529539220710036;0.03529539220710036;0.03529539220710036;0.03529539220710036;0.03529539220710036;0.03529539220710036;0.03529539220710036;0.03529539220710036;0.03529539220710036;0.03529539220710036;0.03529539220710036;0.03529539220710036;0.03529539220710036;0.03529539220710036;0.03529539220710036,0.06000000000000001;0.06000000000000001;0.06000000000000001;0.06000000000000001;0.06000000000000001;0.06000000000000001;0.06000000000000001;0.06000000000000001;0.06000000000000001;0.06000000000000001;0.06000000000000001;0.06000000000000001;0.06000000000000001;0.06000000000000001;0.06000000000000001;0.06000000000000001;0.06000000000000001;0.06000000000000001;0.06000000000000001
pilot,34909,decoupled,true,false,false,17,17,0.8263235179035311,0.5533220612759648,0.8947368421052632,14,14,14,0,0,0,0.03529539220710036,0.03529539220710036,0.03529539220710036,0,0,false,0,0.06000000000000001,0.06000000000000001,0,0,false,true,0,0,18,0.9999999999217837,0.5882628759820016;0.5941458069808465;0.6500685603753714;0.7086382481377608;0.7496835078636506;0.8157301478249762;0.8403915014193812;0.821864833160742;0.8145534466762019;0.8109872499173253;0.8342460060577147;0.848357120483685;0.8304021720766205;0.8219464735469307;0.8170728527158994;0.8347561515321751;0.8475066744403845;0.8263235179035311,0.03529539220710036;0.03529539220710036;0.03529539220710036;0.03529539220710036;0.03529539220710036;0.03529539220710036;0.03529539220710036;0.03529539220710036;0.03529539220710036;0.03529539220710036;0.03529539220710036;0.03529539220710036;0.03529539220710036;0.03529539220710036;0.03529539220710036;0.03529539220710036;0.03529539220710036;0.03529539220710036;0.03529539220710036,0.06000000000000001;0.06000000000000001;0.06000000000000001;0.06000000000000001;0.06000000000000001;0.06000000000000001;0.06000000000000001;0.06000000000000001;0.06000000000000001;0.06000000000000001;0.06000000000000001;0.06000000000000001;0.06000000000000001;0.06000000000000001;0.06000000000000001;0.06000000000000001;0.06000000000000001;0.06000000000000001;0.06000000000000001
pilot,34909,authored_access,false,false,true,0,0,0.0,0.0,0.5,0,0,0,0,0,0,0.03529539220710036,0.03529539220710036,0.03529539220710036,0,1,true,18,0.06000000000000001,0.9999999999702864,2,4,true,false,0,18,0,0.62,0.0;0.0;0.0;0.0;0.0;0.0;0.0;0.0;0.0;0.0;0.0;0.0;0.0;0.0;0.0;0.0;0.0;0.0,0.03529539220710036;0.03529539220710036;0.03529539220710036;0.03529539220710036;0.03529539220710036;0.03529539220710036;0.03529539220710036;0.03529539220710036;0.03529539220710036;0.03529539220710036;0.03529539220710036;0.03529539220710036;0.03529539220710036;0.03529539220710036;0.03529539220710036;0.03529539220710036;0.03529539220710036;0.03529539220710036;0.03529539220710036,0.06000000000000001;0.16775280251304317;0.6309417978502713;0.6677789279315277;0.9445932943620622;0.9931317304027087;0.9941523372724037;0.9981407956007649;0.9997804350710829;0.9998132476279753;0.9999779778010737;0.9999976298023393;0.9999997205471912;0.9999997830349647;0.9999999766490161;0.9999999972468605;0.9999999997036919;0.9999999999650646;0.9999999999702864
pilot,34910,coupled,true,true,false,15,15,0.7611663527798338,0.4291886497303147,0.8823529411764706,11,11,11,11,11,11,0.03567510821895274,0.9975168383828772,0.9975168383828772,4,4,true,15,0.06000000000000001,0.9999999993403581,6,6,true,true,2,15,3,0.9864342353573533,0.5882628759820016;0.6472013732470805;0.6005505509520521;0.5411772147006595;0.5912615783331004;0.47640213573658685;0.5040378768253849;0.5369554986982759;0.5709468747123284;0.6547801783990163;0.7114634618746082;0.7477162923697126;0.5656349446668878;0.6282163650097957;0.7134554476419435;0.6154887404043154;0.7155651275987991;0.7611663527798338,0.03567510821895274;0.03567510821895274;0.2571839828227348;0.2571839828227348;0.8853111568413865;0.8853111568413865;0.9887251366444709;0.9887251366444709;0.9344150801334258;0.9902163702128368;0.9902163702128368;0.9963995358903235;0.9973022706503191;0.9973022706503191;0.9974790384508462;0.9975168197175738;0.9975168197175738;0.9974791378768464;0.9975168383828772,0.06000000000000001;0.06000000000000001;0.06000000000000001;0.06000000000000001;0.3512297621379089;0.5427601099911444;0.9096489851846495;0.9894231435712123;0.9987412180007555;0.999851421481243;0.9999840070360142;0.9999949354640376;0.9999974696243626;0.9999992685509572;0.9999997885622159;0.999999835841315;0.9999999823323301;0.9999999979169376;0.9999999993403581
pilot,34910,no_dyad,false,false,false,0,0,0.0,0.0,0.5,0,0,0,0,0,0,0.03567510821895274,0.03567510821895274,0.03567510821895274,0,0,false,0,0.06000000000000001,0.06000000000000001,0,0,false,true,0,0,18,0.9999999999217837,0.0;0.0;0.0;0.0;0.0;0.0;0.0;0.0;0.0;0.0;0.0;0.0;0.0;0.0;0.0;0.0;0.0;0.0,0.03567510821895274;0.03567510821895274;0.03567510821895274;0.03567510821895274;0.03567510821895274;0.03567510821895274;0.03567510821895274;0.03567510821895274;0.03567510821895274;0.03567510821895274;0.03567510821895274;0.03567510821895274;0.03567510821895274;0.03567510821895274;0.03567510821895274;0.03567510821895274;0.03567510821895274;0.03567510821895274;0.03567510821895274,0.06000000000000001;0.06000000000000001;0.06000000000000001;0.06000000000000001;0.06000000000000001;0.06000000000000001;0.06000000000000001;0.06000000000000001;0.06000000000000001;0.06000000000000001;0.06000000000000001;0.06000000000000001;0.06000000000000001;0.06000000000000001;0.06000000000000001;0.06000000000000001;0.06000000000000001;0.06000000000000001;0.06000000000000001
pilot,34910,decoupled,true,false,false,15,15,0.7611663527798338,0.4291886497303147,0.8823529411764706,11,11,11,0,0,0,0.03567510821895274,0.03567510821895274,0.03567510821895274,0,0,false,0,0.06000000000000001,0.06000000000000001,0,0,false,true,0,0,18,0.9999999999217837,0.5882628759820016;0.6472013732470805;0.6005505509520521;0.5411772147006595;0.5912615783331004;0.47640213573658685;0.5040378768253849;0.5369554986982759;0.5709468747123284;0.6547801783990163;0.7114634618746082;0.7477162923697126;0.5656349446668878;0.6282163650097957;0.7134554476419435;0.6154887404043154;0.7155651275987991;0.7611663527798338,0.03567510821895274;0.03567510821895274;0.03567510821895274;0.03567510821895274;0.03567510821895274;0.03567510821895274;0.03567510821895274;0.03567510821895274;0.03567510821895274;0.03567510821895274;0.03567510821895274;0.03567510821895274;0.03567510821895274;0.03567510821895274;0.03567510821895274;0.03567510821895274;0.03567510821895274;0.03567510821895274;0.03567510821895274,0.06000000000000001;0.06000000000000001;0.06000000000000001;0.06000000000000001;0.06000000000000001;0.06000000000000001;0.06000000000000001;0.06000000000000001;0.06000000000000001;0.06000000000000001;0.06000000000000001;0.06000000000000001;0.06000000000000001;0.06000000000000001;0.06000000000000001;0.06000000000000001;0.06000000000000001;0.06000000000000001;0.06000000000000001
pilot,34910,authored_access,false,false,true,0,0,0.0,0.0,0.5,0,0,0,0,0,0,0.03567510821895274,0.03567510821895274,0.03567510821895274,0,1,true,18,0.06000000000000001,0.9999999999961824,3,3,true,false,0,18,0,0.62,0.0;0.0;0.0;0.0;0.0;0.0;0.0;0.0;0.0;0.0;0.0;0.0;0.0;0.0;0.0;0.0;0.0;0.0,0.03567510821895274;0.03567510821895274;0.03567510821895274;0.03567510821895274;0.03567510821895274;0.03567510821895274;0.03567510821895274;0.03567510821895274;0.03567510821895274;0.03567510821895274;0.03567510821895274;0.03567510821895274;0.03567510821895274;0.03567510821895274;0.03567510821895274;0.03567510821895274;0.03567510821895274;0.03567510821895274;0.03567510821895274,0.06000000000000001;0.37228231841649917;0.5427601099911444;0.9168697330393974;0.9894231435712123;0.9951482445028558;0.9994255072393622;0.9999381381913889;0.9999927059402249;0.9999991400066004;0.9999999074426736;0.999999970689935;0.999999985355956;0.9999999957668921;0.9999999987763488;0.9999999990499666;0.9999999998977522;0.9999999999879448;0.9999999999961824
