seed,bank_seed,stratum,dose,schedule,M_PT,M_PD,delivered_count,censored_count,mechanistic_error_PT,mechanistic_error_PD,matched_evidence_schedule_error
816001,820050,moderate,0.0,front_loaded,0.0,0.0,32,0,7.105427357601002e-15,3.552713678800501e-15,0.0
816001,820050,moderate,0.25,front_loaded,8.498212152487575,7.057670279763336,24,8,3.552713678800501e-15,3.552713678800501e-15,0.0
816001,820050,moderate,0.35,front_loaded,12.200337158792713,10.554260637891453,21,11,0.0,0.0,0.0
816001,820050,moderate,0.5,front_loaded,17.645421943187753,15.642659322489335,16,16,3.552713678800501e-15,0.0,0.0
816001,820050,moderate,0.65,front_loaded,22.77575063543858,20.435392803172522,11,21,1.7763568394002505e-15,0.0,0.0
816001,820050,moderate,0.75,front_loaded,25.472354590757078,23.138423648111367,8,24,1.7763568394002505e-15,8.881784197001252e-16,0.0
816001,820050,moderate,1.0,front_loaded,33.680880498358405,30.806797217204466,0,32,0.0,0.0,0.0
816002,820059,moderate,0.0,front_loaded,0.0,0.0,32,0,0.0,7.105427357601002e-15,0.0
816002,820059,moderate,0.25,front_loaded,9.147209790700174,8.584989042725997,24,8,3.552713678800501e-15,3.552713678800501e-15,0.0
816002,820059,moderate,0.35,front_loaded,12.467741536973318,11.908970157383045,21,11,3.552713678800501e-15,3.552713678800501e-15,0.0
816002,820059,moderate,0.5,front_loaded,17.912826321368357,16.997368841980926,16,16,0.0,3.552713678800501e-15,0.0
816002,820059,moderate,0.65,front_loaded,24.388502004007993,23.78569553301254,11,21,1.7763568394002505e-15,0.0,0.0
816002,820059,moderate,0.75,front_loaded,27.32744049024914,26.937067404198515,8,24,0.0,1.7763568394002505e-15,0.0
816002,820059,moderate,1.0,front_loaded,36.09305702091732,35.349447203453444,0,32,0.0,0.0,0.0
816003,820073,moderate,0.0,front_loaded,0.0,0.0,32,0,0.0,3.552713678800501e-15,0.0
816003,820073,moderate,0.25,front_loaded,7.735025632423582,6.712451792821199,24,8,3.552713678800501e-15,3.552713678800501e-15,0.0
816003,820073,moderate,0.35,front_loaded,10.406559740484123,8.509114144515586,21,11,3.552713678800501e-15,3.552713678800501e-15,0.0
816003,820073,moderate,0.5,front_loaded,15.470051264847164,13.424903585642397,16,16,0.0,3.552713678800501e-15,0.0
816003,820073,moderate,0.65,front_loaded,19.8845451509976,16.813374263806548,11,21,3.552713678800501e-15,3.552713678800501e-15,0.0
816003,820073,moderate,0.75,front_loaded,22.174485999026146,18.437427372029866,8,24,0.0,1.7763568394002505e-15,0.0
816003,820073,moderate,1.0,front_loaded,32.352286687970924,28.722344421189593,0,32,0.0,0.0,0.0
816004,820112,moderate,0.0,front_loaded,0.0,0.0,32,0,0.0,3.552713678800501e-15,0.0
816004,820112,moderate,0.25,front_loaded,6.208652592295586,6.022014818936924,24,8,3.552713678800501e-15,3.552713678800501e-15,0.0
816004,820112,moderate,0.35,front_loaded,8.498593440324129,7.646067927160242,21,11,3.552713678800501e-15,3.552713678800501e-15,0.0
816004,820112,moderate,0.5,front_loaded,13.943678224719168,12.734466611758123,16,16,3.552713678800501e-15,3.552713678800501e-15,0.0
816004,820112,moderate,0.65,front_loaded,18.358172110869603,16.122937289922273,11,21,3.552713678800501e-15,3.552713678800501e-15,0.0
816004,820112,moderate,0.75,front_loaded,22.06029711717475,19.61952764805039,8,24,1.7763568394002505e-15,1.7763568394002505e-15,0.0
816004,820112,moderate,1.0,front_loaded,32.619691066151525,30.077053940681186,0,32,0.0,0.0,0.0
816005,820208,moderate,0.0,distributed,0.0,0.0,32,0,0.0,0.0,0.0
816005,820208,moderate,0.25,distributed,6.462100203256334,4.5641827601403335,24,8,0.0,0.0,0.0
816005,820208,moderate,0.35,distributed,9.061212750095315,6.513520934167161,21,11,3.552713678800501e-15,0.0,0.0
816005,820208,moderate,0.5,distributed,15.46446687151339,13.454523447531212,16,16,1.7763568394002505e-15,0.0,0.0
816005,820208,moderate,0.65,distributed,20.66721712498578,18.094581105881957,11,21,0.0,0.0,0.0
816005,820208,moderate,0.75,distributed,22.88473641179276,19.871310036437716,8,24,0.0,8.881784197001252e-16,0.0
816005,820208,moderate,1.0,distributed,29.444328023528616,25.189185467490066,0,32,0.0,0.0,0.0
816006,820211,moderate,0.0,distributed,0.0,0.0,32,0,0.0,7.105427357601002e-15,0.0
816006,820211,moderate,0.25,distributed,8.269834388784787,9.421870831804384,24,8,3.552713678800501e-15,0.0,0.0
816006,820211,moderate,0.35,distributed,11.208772875025932,12.573242702990363,21,11,3.552713678800501e-15,0.0,0.0
816006,820211,moderate,0.5,distributed,17.684448557665572,19.361569394021974,16,16,0.0,0.0,0.0
816006,820211,moderate,0.65,distributed,23.778530980273214,25.977286841582515,11,21,0.0,0.0,0.0
816006,820211,moderate,0.75,distributed,26.068471828301757,27.60133994980583,8,24,0.0,1.7763568394002505e-15,0.0
816006,820211,moderate,1.0,distributed,36.51367689542714,39.24096651845715,0,32,0.0,0.0,0.0
816007,820264,moderate,0.0,distributed,0.0,0.0,32,0,0.0,3.552713678800501e-15,0.0
816007,820264,moderate,0.25,distributed,10.177800688944778,10.284917049159727,24,8,3.552713678800501e-15,3.552713678800501e-15,0.0
816007,820264,moderate,0.35,distributed,13.498332435217922,13.608898163816775,21,11,3.552713678800501e-15,0.0,0.0
816007,820264,moderate,0.5,distributed,18.943417219612957,18.697296848414656,16,16,3.552713678800501e-15,1.7763568394002505e-15,0.0
816007,820264,moderate,0.65,distributed,23.357911105763396,22.085767526578806,11,21,1.7763568394002505e-15,1.7763568394002505e-15,0.0
816007,820264,moderate,0.75,distributed,27.060036112068538,25.582357884706923,8,24,8.881784197001252e-16,8.881784197001252e-16,0.0
816007,820264,moderate,1.0,distributed,33.76447084624752,30.59488167109439,0,32,0.0,0.0,0.0
816008,820329,moderate,0.0,distributed,0.0,0.0,32,0,7.105427357601002e-15,0.0,0.0
816008,820329,moderate,0.25,distributed,8.384023270636185,8.239770555783856,24,8,3.552713678800501e-15,3.552713678800501e-15,0.0
816008,820329,moderate,0.35,distributed,11.704555016909328,11.563751670440904,21,11,3.552713678800501e-15,3.552713678800501e-15,0.0
816008,820329,moderate,0.5,distributed,16.119048903059767,14.952222348605055,16,16,3.552713678800501e-15,3.552713678800501e-15,0.0
816008,820329,moderate,0.65,distributed,22.21313132566741,21.567939796165597,11,21,0.0,1.7763568394002505e-15,0.0
816008,820329,moderate,0.75,distributed,26.945847230217147,26.764458160727443,8,24,0.0,1.7763568394002505e-15,0.0
816008,820329,moderate,1.0,distributed,35.71146376088533,35.17683795998237,0,32,0.0,0.0,0.0
816009,820344,moderate,0.0,front_loaded,0.0,0.0,32,0,0.0,0.0,0.0
816009,820344,moderate,0.25,front_loaded,10.559393948976776,10.457526292630789,24,8,0.0,3.552713678800501e-15,0.0
816009,820344,moderate,0.35,front_loaded,13.87992569524992,13.78150740728784,21,11,0.0,3.552713678800501e-15,0.0
816009,820344,moderate,0.5,front_loaded,20.737194637921558,20.74244334179052,16,16,3.552713678800501e-15,0.0,0.0
816009,820344,moderate,0.65,front_loaded,25.485930070140387,25.362567579002636,11,21,1.7763568394002505e-15,0.0,0.0
816009,820344,moderate,0.75,front_loaded,28.182534025458885,28.06559842394148,8,24,1.7763568394002505e-15,0.0,0.0
816009,820344,moderate,1.0,front_loaded,36.39105993306021,35.73397199303458,0,32,0.0,0.0,0.0
816010,820363,moderate,0.0,front_loaded,0.0,0.0,32,0,7.105427357601002e-15,3.552713678800501e-15,0.0
816010,820363,moderate,0.25,front_loaded,7.735025632423586,6.712451792821199,24,8,0.0,3.552713678800501e-15,0.0
816010,820363,moderate,0.35,front_loaded,11.055557378696726,10.036432907478247,21,11,3.552713678800501e-15,3.552713678800501e-15,0.0
816010,820363,moderate,0.5,front_loaded,16.119048903059767,14.952222348605057,16,16,3.552713678800501e-15,5.329070518200751e-15,0.0
816010,820363,moderate,0.65,front_loaded,21.945726947486804,20.21323027667401,11,21,1.7763568394002505e-15,1.7763568394002505e-15,0.0
816010,820363,moderate,0.75,front_loaded,23.205076897270747,20.137355378463596,8,24,1.7763568394002505e-15,1.7763568394002505e-15,0.0
816010,820363,moderate,1.0,front_loaded,32.61969106615153,30.077053940681186,0,32,0.0,0.0,0.0
816011,820376,moderate,0.0,front_loaded,0.0,0.0,32,0,7.105427357601002e-15,7.105427357601002e-15,0.0
816011,820376,moderate,0.25,front_loaded,8.498212152487579,7.057670279763336,24,8,3.552713678800501e-15,7.105427357601002e-15,0.0
816011,820376,moderate,0.35,front_loaded,11.16974626054812,8.854332631457723,21,11,3.552713678800501e-15,3.552713678800501e-15,0.0
816011,820376,moderate,0.5,front_loaded,13.904651610241356,9.015556540225486,16,16,3.552713678800501e-15,3.552713678800501e-15,0.0
816011,820376,moderate,0.65,front_loaded,19.731329654668393,14.276564468294435,11,21,1.7763568394002505e-15,3.552713678800501e-15,0.0
816011,820376,moderate,0.75,front_loaded,22.402863762728934,16.07322681998882,8,24,1.7763568394002505e-15,1.7763568394002505e-15,0.0
816011,820376,moderate,1.0,front_loaded,32.199071191641714,26.18553462567748,0,32,0.0,0.0,0.0
816012,820474,moderate,0.0,front_loaded,0.0,0.0,32,0,3.552713678800501e-15,7.105427357601002e-15,0.0
816012,820474,moderate,0.25,front_loaded,8.765616530668183,8.412379799254929,24,8,0.0,7.105427357601002e-15,0.0
816012,820474,moderate,0.35,front_loaded,12.467741536973321,11.908970157383047,21,11,3.552713678800501e-15,3.552713678800501e-15,0.0
816012,820474,moderate,0.5,front_loaded,17.263828683155758,15.470050079018268,16,16,1.7763568394002505e-15,1.7763568394002505e-15,0.0
816012,820474,moderate,0.65,front_loaded,21.678322569306196,18.85852075718242,11,21,1.7763568394002505e-15,1.7763568394002505e-15,0.0
816012,820474,moderate,0.75,front_loaded,23.96826341733474,20.482573865405737,8,24,8.881784197001252e-16,8.881784197001252e-16,0.0
816012,820474,moderate,1.0,front_loaded,31.70328904975832,27.195025658226935,0,32,0.0,0.0,0.0
816013,820480,moderate,0.0,distributed,0.0,0.0,32,0,7.105427357601002e-15,7.105427357601002e-15,0.0
816013,820480,moderate,0.25,distributed,10.58446379623474,11.363894785875257,24,8,0.0,0.0,0.0
816013,820480,moderate,0.35,distributed,14.7656734710514,15.786787058386459,21,11,0.0,0.0,0.0
816013,820480,moderate,0.5,distributed,20.787334332437478,22.55518032827944,16,16,0.0,0.0,0.0
816013,820480,moderate,0.65,distributed,26.639082224122472,28.722556749592847,11,21,1.7763568394002505e-15,1.7763568394002505e-15,0.0
816013,820480,moderate,0.75,distributed,30.26878566920605,32.371822930053405,8,24,1.7763568394002505e-15,0.0,0.0
816013,820480,moderate,1.0,distributed,38.71964610773002,40.48853752539364,0,32,0.0,0.0,0.0
816014,820506,moderate,0.0,distributed,0.0,0.0,32,0,3.552713678800501e-15,3.552713678800501e-15,0.0
816014,820506,moderate,0.25,distributed,8.384023270636181,8.23977055578386,24,8,7.105427357601002e-15,3.552713678800501e-15,0.0
816014,820506,moderate,0.35,distributed,12.086148276941323,11.736360913911975,21,11,7.105427357601002e-15,3.552713678800501e-15,0.0
816014,820506,moderate,0.5,distributed,15.851644524879163,13.597512829113466,16,16,1.7763568394002505e-15,1.7763568394002505e-15,0.0
816014,820506,moderate,0.65,distributed,20.2661384110296,16.985983507277616,11,21,0.0,1.7763568394002505e-15,0.0
816014,820506,moderate,0.75,distributed,22.174485999026146,18.437427372029866,8,24,0.0,8.881784197001252e-16,0.0
816014,820506,moderate,1.0,distributed,29.52791837141773,24.977269921379996,0,32,0.0,0.0,0.0
816015,820576,moderate,0.0,distributed,0.0,0.0,32,0,0.0,7.105427357601002e-15,0.0
816015,820576,moderate,0.25,distributed,9.796207428912773,10.112307805688655,24,8,7.105427357601002e-15,7.105427357601002e-15,0.0
816015,820576,moderate,0.35,distributed,12.467741536973318,11.908970157383042,21,11,3.552713678800501e-15,7.105427357601002e-15,0.0
816015,820576,moderate,0.5,distributed,19.325010479644952,18.869906091885724,16,16,3.552713678800501e-15,1.7763568394002505e-15,0.0
816015,820576,moderate,0.65,distributed,24.77009526403999,23.958304776483605,11,21,1.7763568394002505e-15,1.7763568394002505e-15,0.0
816015,820576,moderate,0.75,distributed,29.502811168589734,29.15482314104545,8,24,1.7763568394002505e-15,2.220446049250313e-15,0.0
816015,820576,moderate,1.0,distributed,35.55824826455611,32.64002816447026,0,32,0.0,0.0,0.0
816016,820584,moderate,0.0,distributed,0.0,0.0,32,0,0.0,7.105427357601002e-15,0.0
816016,820584,moderate,0.25,distributed,8.116618892455577,6.885061036292271,24,8,3.552713678800501e-15,3.552713678800501e-15,0.0
816016,820584,moderate,0.35,distributed,10.788153000516122,8.681723387986658,21,11,0.0,3.552713678800501e-15,0.0
816016,820584,moderate,0.5,distributed,17.263828683155758,15.470050079018268,16,16,0.0,3.552713678800501e-15,0.0
816016,820584,moderate,0.65,distributed,22.708913467550794,20.558448763616152,11,21,0.0,0.0,0.0
816016,820584,moderate,0.75,distributed,26.02944521382394,23.8824298782732,8,24,0.0,0.0,0.0
816016,820584,moderate,1.0,distributed,35.44405938270472,33.822128440490786,0,32,0.0,0.0,0.0
816017,820616,moderate,0.0,front_loaded,0.0,0.0,32,0,0.0,0.0,0.0
816017,820616,moderate,0.25,front_loaded,8.116618892455577,6.885061036292264,24,8,0.0,3.552713678800501e-15,0.0
816017,820616,moderate,0.35,front_loaded,10.788153000516122,8.68172338798665,21,11,3.552713678800501e-15,0.0,0.0
816017,820616,moderate,0.5,front_loaded,16.233237784911157,13.770122072584533,16,16,3.552713678800501e-15,0.0,0.0
816017,820616,moderate,0.65,front_loaded,21.363566477161985,18.56285555326772,11,21,1.7763568394002505e-15,0.0,0.0
816017,820616,moderate,0.75,front_loaded,24.44176369251248,21.438495641677633,8,24,1.7763568394002505e-15,0.0,0.0
816017,820616,moderate,1.0,front_loaded,32.65028960011381,29.106869210770732,0,32,0.0,0.0,0.0
816018,820644,moderate,0.0,front_loaded,0.0,0.0,32,0,7.105427357601002e-15,3.552713678800501e-15,0.0
816018,820644,moderate,0.25,front_loaded,8.116618892455584,6.885061036292267,24,8,0.0,3.552713678800501e-15,0.0
816018,820644,moderate,0.35,front_loaded,11.818743898760722,10.381651394420384,21,11,3.552713678800501e-15,3.552713678800501e-15,0.0
816018,820644,moderate,0.5,front_loaded,16.882235423123763,15.297440835547196,16,16,1.7763568394002505e-15,1.7763568394002505e-15,0.0
816018,820644,moderate,0.65,front_loaded,20.915136049242204,18.513302270240278,11,21,0.0,1.7763568394002505e-15,0.0
816018,820644,moderate,0.75,front_loaded,24.617261055547345,22.009892628368394,8,24,1.7763568394002505e-15,1.7763568394002505e-15,0.0
816018,820644,moderate,1.0,front_loaded,30.55850926966233,26.677197927813726,0,32,0.0,0.0,0.0
816019,820794,moderate,0.0,front_loaded,0.0,0.0,32,0,7.105427357601002e-15,3.552713678800501e-15,0.0
816019,820794,moderate,0.25,front_loaded,8.384023270636188,8.239770555783856,24,8,3.552713678800501e-15,7.105427357601002e-15,0.0
816019,820794,moderate,0.35,front_loaded,11.704555016909332,11.563751670440904,21,11,3.552713678800501e-15,7.105427357601002e-15,0.0
816019,820794,moderate,0.5,front_loaded,17.149639801304367,16.65215035503879,16,16,3.552713678800501e-15,1.7763568394002505e-15,0.0
816019,820794,moderate,0.65,front_loaded,22.21313132566741,21.5679397961656,11,21,3.552713678800501e-15,1.7763568394002505e-15,0.0
816019,820794,moderate,0.75,front_loaded,23.85407453548335,21.664674141426257,8,24,1.7763568394002505e-15,1.7763568394002505e-15,0.0
816019,820794,moderate,1.0,front_loaded,33.38287758621553,30.422272427623323,0,32,0.0,0.0,0.0
816020,820801,moderate,0.0,front_loaded,0.0,0.0,32,0,7.105427357601002e-15,7.105427357601002e-15,0.0
816020,820801,moderate,0.25,front_loaded,8.384023270636188,8.23977055578386,24,8,0.0,3.552713678800501e-15,0.0
816020,820801,moderate,0.35,front_loaded,12.735145915153932,13.263679676874638,21,11,0.0,3.552713678800501e-15,0.0
816020,820801,moderate,0.5,front_loaded,17.79863743951697,18.17946911800145,16,16,1.7763568394002505e-15,1.7763568394002505e-15,0.0
816020,820801,moderate,0.65,front_loaded,20.037760647326813,19.350184059318664,11,21,1.7763568394002505e-15,1.7763568394002505e-15,0.0
816020,820801,moderate,0.75,front_loaded,22.976699133567962,22.501555930504644,8,24,1.7763568394002505e-15,1.7763568394002505e-15,0.0
816020,820801,moderate,1.0,front_loaded,32.77290656248074,32.6138637361933,0,32,0.0,0.0,0.0
816021,820834,moderate,0.0,distributed,0.0,0.0,32,0,0.0,7.105427357601002e-15,0.0
816021,820834,moderate,0.25,distributed,7.420269540279371,6.416786588906508,24,8,0.0,0.0,0.0
816021,820834,moderate,0.35,distributed,10.57088831685143,9.13975085498398,21,11,0.0,0.0,0.0
816021,820834,moderate,0.5,distributed,16.804229468568423,15.479736519768455,16,16,0.0,0.0,0.0
816021,820834,moderate,0.65,distributed,22.006979722040814,20.1197941781192,11,21,0.0,0.0,0.0
816021,820834,moderate,0.75,distributed,24.127007600368273,21.142830437762942,8,24,1.7763568394002505e-15,1.7763568394002505e-15,0.0
816021,820834,moderate,1.0,distributed,34.32987813657101,32.33411598016713,0,32,0.0,0.0,0.0
816022,820873,moderate,0.0,distributed,0.0,0.0,32,0,3.552713678800501e-15,3.552713678800501e-15,0.0
816022,820873,moderate,0.25,distributed,8.26983438878479,9.42187083180438,24,8,3.552713678800501e-15,3.552713678800501e-15,0.0
816022,820873,moderate,0.35,distributed,9.529184338568736,9.345995933593969,21,11,0.0,3.552713678800501e-15,0.0
816022,820873,moderate,0.5,distributed,13.943678224719172,12.734466611758123,16,16,3.552713678800501e-15,0.0,0.0
816022,820873,moderate,0.65,distributed,20.037760647326813,19.35018405931866,11,21,1.7763568394002505e-15,3.552713678800501e-15,0.0
816022,820873,moderate,0.75,distributed,22.327701495355356,20.97423716754198,8,24,1.7763568394002505e-15,1.7763568394002505e-15,0.0
816022,820873,moderate,1.0,distributed,31.74231566423614,30.91393572975957,0,32,0.0,0.0,0.0
816023,820883,moderate,0.0,distributed,0.0,0.0,32,0,7.105427357601002e-15,3.552713678800501e-15,0.0
816023,820883,moderate,0.25,distributed,9.147209790700181,8.584989042725997,24,8,3.552713678800501e-15,3.552713678800501e-15,0.0
816023,820883,moderate,0.35,distributed,12.849334797005323,12.08157940085411,21,11,3.552713678800501e-15,3.552713678800501e-15,0.0
816023,820883,moderate,0.5,distributed,17.645421943187756,15.642659322489333,16,16,1.7763568394002505e-15,1.7763568394002505e-15,0.0
816023,820883,moderate,0.65,distributed,21.678322569306196,18.858520757182415,11,21,1.7763568394002505e-15,1.7763568394002505e-15,0.0
816023,820883,moderate,0.75,distributed,24.998854315579344,22.182501871839463,8,24,1.7763568394002505e-15,1.7763568394002505e-15,0.0
816023,820883,moderate,1.0,distributed,33.49706646806692,29.2401721516028,0,32,0.0,0.0,0.0
816024,820928,moderate,0.0,distributed,0.0,0.0,32,0,3.552713678800501e-15,3.552713678800501e-15,0.0
816024,820928,moderate,0.25,distributed,7.353432372391584,6.53984254935013,24,8,3.552713678800501e-15,3.552713678800501e-15,0.0
816024,820928,moderate,0.35,distributed,11.704555016909328,11.563751670440908,21,11,0.0,0.0,0.0
816024,820928,moderate,0.5,distributed,16.768046541272366,16.47954111156772,16,16,3.552713678800501e-15,3.552713678800501e-15,0.0
816024,820928,moderate,0.65,distributed,19.121358630933607,16.468155776864414,11,21,1.7763568394002505e-15,1.7763568394002505e-15,0.0
816024,820928,moderate,0.75,distributed,22.441890377206747,19.79213689152146,8,24,1.7763568394002505e-15,1.7763568394002505e-15,0.0
816024,820928,moderate,1.0,distributed,31.970693427938926,28.549735177718524,0,32,0.0,0.0,0.0
816025,820969,moderate,0.0,front_loaded,0.0,0.0,32,0,7.105427357601002e-15,0.0,0.0
816025,820969,moderate,0.25,front_loaded,7.086027994210987,5.185133029858537,24,8,3.552713678800501e-15,0.0,0.0
816025,820969,moderate,0.35,front_loaded,9.757562102271528,6.981795381552924,21,11,3.552713678800501e-15,3.552713678800501e-15,0.0
816025,820969,moderate,0.5,front_loaded,16.614831044943163,13.942731316055601,16,16,3.552713678800501e-15,0.0,0.0
816025,820969,moderate,0.65,front_loaded,21.74515973719399,18.73546479673879,11,21,1.7763568394002505e-15,1.7763568394002505e-15,0.0
816025,820969,moderate,0.75,front_loaded,24.441763692512488,21.438495641677633,8,24,1.7763568394002505e-15,8.881784197001252e-16,0.0
816025,820969,moderate,1.0,front_loaded,32.650289600113815,29.106869210770732,0,32,0.0,0.0,0.0
816026,820977,moderate,0.0,front_loaded,0.0,0.0,32,0,3.552713678800501e-15,3.552713678800501e-15,0.0
816026,820977,moderate,0.25,front_loaded,10.826798327157384,11.812235812122385,24,8,0.0,3.552713678800501e-15,0.0
816026,820977,moderate,0.35,front_loaded,14.528923333462526,15.3088261702505,21,11,0.0,3.552713678800501e-15,0.0
816026,820977,moderate,0.5,front_loaded,18.82922833776157,19.879397124435176,16,16,0.0,1.7763568394002505e-15,0.0
816026,820977,moderate,0.65,front_loaded,22.21313132566741,21.567939796165597,11,21,0.0,8.881784197001252e-16,0.0
816026,820977,moderate,0.75,front_loaded,26.56425397018515,26.591848917256375,8,24,8.881784197001252e-16,1.3322676295501878e-15,0.0
816026,820977,moderate,1.0,front_loaded,31.474911286055537,29.559226210267976,0,32,0.0,0.0,0.0
816027,820979,moderate,0.0,front_loaded,0.0,0.0,32,0,0.0,7.105427357601002e-15,0.0
816027,820979,moderate,0.25,front_loaded,10.826798327157377,11.812235812122395,24,8,0.0,0.0,0.0
816027,820979,moderate,0.35,front_loaded,13.11673917518592,13.43628892034571,21,11,0.0,3.552713678800501e-15,0.0
816027,820979,moderate,0.5,front_loaded,17.912826321368353,16.99736884198093,16,16,3.552713678800501e-15,3.552713678800501e-15,0.0
816027,820979,moderate,0.65,front_loaded,24.770095264039988,23.95830477648361,11,21,1.7763568394002505e-15,0.0,0.0
816027,820979,moderate,0.75,front_loaded,28.472220270345133,27.454895134611725,8,24,1.7763568394002505e-15,1.7763568394002505e-15,0.0
816027,820979,moderate,1.0,front_loaded,38.26842769925791,37.56720294030038,0,32,0.0,0.0,0.0
816028,821011,moderate,0.0,front_loaded,0.0,0.0,32,0,3.552713678800501e-15,3.552713678800501e-15,0.0
816028,821011,moderate,0.25,front_loaded,8.76561653066818,8.412379799254929,24,8,3.552713678800501e-15,3.552713678800501e-15,0.0
816028,821011,moderate,0.35,front_loaded,10.673964118664728,9.863823664007176,21,11,3.552713678800501e-15,3.552713678800501e-15,0.0
816028,821011,moderate,0.5,front_loaded,14.439460366602564,11.724975579208666,16,16,0.0,3.552713678800501e-15,0.0
816028,821011,moderate,0.65,front_loaded,18.472360992721,14.94083701390175,11,21,1.7763568394002505e-15,1.7763568394002505e-15,0.0
816028,821011,moderate,0.75,front_loaded,21.143895100781542,16.737499365596136,8,24,1.7763568394002505e-15,1.7763568394002505e-15,0.0
816028,821011,moderate,1.0,front_loaded,30.67269815151372,25.495097651793202,0,32,0.0,0.0,0.0
816029,821029,moderate,0.0,distributed,0.0,0.0,32,0,0.0,0.0,0.0
816029,821029,moderate,0.25,distributed,7.9717757700124565,7.190412680957149,24,8,0.0,0.0,0.0
816029,821029,moderate,0.35,distributed,11.219885955064036,10.667069617946634,21,11,0.0,3.552713678800501e-15,0.0
816029,821029,moderate,0.5,distributed,16.422636208536428,15.307127276297383,16,16,0.0,0.0,0.0
816029,821029,moderate,0.65,distributed,23.207483589986502,22.420739033132502,11,21,0.0,1.7763568394002505e-15,0.0
816029,821029,moderate,0.75,distributed,25.976509106526564,24.971094055738906,8,24,0.0,0.0,0.0
816029,821029,moderate,1.0,distributed,34.97887577478362,33.861434743129784,0,32,0.0,0.0,0.0
816030,821072,moderate,0.0,distributed,0.0,0.0,32,0,3.552713678800501e-15,3.552713678800501e-15,0.0
816030,821072,moderate,0.25,distributed,6.971839112359586,6.367233305879061,24,8,3.552713678800501e-15,3.552713678800501e-15,0.0
816030,821072,moderate,0.35,distributed,10.673964118664728,9.863823664007178,21,11,0.0,3.552713678800501e-15,0.0
816030,821072,moderate,0.5,distributed,16.768046541272366,16.47954111156772,16,16,1.7763568394002505e-15,3.552713678800501e-15,0.0
816030,821072,moderate,0.65,distributed,21.44994480560341,21.222721309223463,11,21,1.7763568394002505e-15,1.7763568394002505e-15,0.0
816030,821072,moderate,0.75,distributed,25.15206981190855,24.71931166735158,8,24,1.7763568394002505e-15,1.3322676295501878e-15,0.0
816030,821072,moderate,1.0,distributed,31.20750690787493,28.204516690776387,0,32,0.0,0.0,0.0
816031,821121,moderate,0.0,distributed,0.0,0.0,32,0,0.0,0.0,0.0
816031,821121,moderate,0.25,distributed,6.704434734178978,5.012523786387465,24,8,7.105427357601002e-15,3.552713678800501e-15,0.0
816031,821121,moderate,0.35,distributed,10.40655974048412,8.509114144515582,21,11,3.552713678800501e-15,3.552713678800501e-15,0.0
816031,821121,moderate,0.5,distributed,16.50064216309176,15.124831592076124,16,16,3.552713678800501e-15,3.552713678800501e-15,0.0
816031,821121,moderate,0.65,distributed,22.9763178457314,21.913158283107734,11,21,0.0,1.7763568394002505e-15,0.0
816031,821121,moderate,0.75,distributed,26.67844285203654,25.40974864123585,8,24,1.7763568394002505e-15,1.7763568394002505e-15,0.0
816031,821121,moderate,1.0,distributed,36.20724590276872,34.16734692743292,0,32,0.0,0.0,0.0
816032,821122,moderate,0.0,distributed,0.0,0.0,32,0,0.0,0.0,0.0
816032,821122,moderate,0.25,distributed,9.147209790700177,8.584989042725994,24,8,3.552713678800501e-15,3.552713678800501e-15,0.0
816032,821122,moderate,0.35,distributed,11.43715063872872,10.209042150949312,21,11,3.552713678800501e-15,3.552713678800501e-15,0.0
816032,821122,moderate,0.5,distributed,17.263828683155758,15.470050079018261,16,16,0.0,1.7763568394002505e-15,0.0
816032,821122,moderate,0.65,distributed,23.357911105763396,22.085767526578802,11,21,1.7763568394002505e-15,1.7763568394002505e-15,0.0
816032,821122,moderate,0.75,distributed,25.64785195379194,23.70982063480212,8,24,1.7763568394002505e-15,8.881784197001252e-16,0.0
816032,821122,moderate,1.0,distributed,33.76447084624752,30.594881671094388,0,32,0.0,0.0,0.0
816033,821130,moderate,0.0,front_loaded,0.0,0.0,32,0,7.105427357601002e-15,0.0,0.0
816033,821130,moderate,0.25,front_loaded,8.002430010604193,8.067161312312788,24,8,3.552713678800501e-15,0.0,0.0
816033,821130,moderate,0.35,front_loaded,12.735145915153936,13.26367967687463,21,11,7.105427357601002e-15,3.552713678800501e-15,0.0
816033,821130,moderate,0.5,front_loaded,18.82922833776157,19.879397124435172,16,16,1.7763568394002505e-15,0.0,0.0
816033,821130,moderate,0.65,front_loaded,23.577963769980403,24.499521361647293,11,21,1.7763568394002505e-15,0.0,0.0
816033,821130,moderate,0.75,front_loaded,26.6561609853309,27.375161450057206,8,24,8.881784197001252e-16,8.881784197001252e-16,0.0
816033,821130,moderate,1.0,front_loaded,34.10150037286823,34.69831653220817,0,32,0.0,0.0,0.0
816034,821201,moderate,0.0,front_loaded,0.0,0.0,32,0,0.0,0.0,0.0
816034,821201,moderate,0.25,front_loaded,9.79620742891278,10.112307805688655,24,8,0.0,3.552713678800501e-15,0.0
816034,821201,moderate,0.35,front_loaded,14.528923333462522,15.3088261702505,21,11,0.0,3.552713678800501e-15,0.0
816034,821201,moderate,0.5,front_loaded,18.294419581400355,17.16997808545199,16,16,1.7763568394002505e-15,1.7763568394002505e-15,0.0
816034,821201,moderate,0.65,front_loaded,23.73950436579539,22.25837677004987,11,21,1.7763568394002505e-15,2.6645352591003757e-15,0.0
816034,821201,moderate,0.75,front_loaded,25.26625869375994,23.537211391331052,8,24,1.7763568394002505e-15,8.881784197001252e-16,0.0
816034,821201,moderate,1.0,front_loaded,33.00128432618352,30.24966318415225,0,32,0.0,0.0,0.0
816035,821228,moderate,0.0,front_loaded,0.0,0.0,32,0,0.0,3.552713678800501e-15,0.0
816035,821228,moderate,0.25,front_loaded,9.79620742891278,10.112307805688658,24,8,3.552713678800501e-15,3.552713678800501e-15,0.0
816035,821228,moderate,0.35,front_loaded,11.055557378696722,10.036432907478243,21,11,3.552713678800501e-15,7.105427357601002e-15,0.0
816035,821228,moderate,0.5,front_loaded,15.47005126484716,13.424903585642397,16,16,3.552713678800501e-15,3.552713678800501e-15,0.0
816035,821228,moderate,0.65,front_loaded,20.9151360492422,18.51330227024028,11,21,1.7763568394002505e-15,1.7763568394002505e-15,0.0
816035,821228,moderate,0.75,front_loaded,23.58667015730274,20.309964621934668,8,24,1.7763568394002505e-15,0.0,0.0
816035,821228,moderate,1.0,front_loaded,33.76447084624752,30.59488167109439,0,32,0.0,0.0,0.0
816036,821232,moderate,0.0,front_loaded,0.0,0.0,32,0,0.0,3.552713678800501e-15,0.0
816036,821232,moderate,0.25,front_loaded,4.910657315870385,2.9673772930116016,24,8,0.0,0.0,0.0
816036,821232,moderate,0.35,front_loaded,7.84959580211153,6.1187491641975775,21,11,0.0,3.552713678800501e-15,0.0
816036,821232,moderate,0.5,front_loaded,12.264089688261969,9.507219842361732,16,16,0.0,0.0,0.0
816036,821232,moderate,0.65,front_loaded,16.945987952593008,14.250400040017473,11,21,1.7763568394002505e-15,1.7763568394002505e-15,0.0
816036,821232,moderate,0.75,front_loaded,21.297110597110752,19.27430916110825,8,24,0.0,1.7763568394002505e-15,0.0
816036,821232,moderate,1.0,front_loaded,30.062727127778935,27.686688960363178,0,32,0.0,0.0,0.0
816037,821264,moderate,0.0,distributed,0.0,0.0,32,0,0.0,0.0,0.0
816037,821264,moderate,0.25,distributed,7.590182509980455,7.01780343748608,24,8,0.0,0.0,0.0
816037,821264,moderate,0.35,distributed,10.740801286552518,9.740767703563552,21,11,3.552713678800501e-15,0.0,0.0
816037,821264,moderate,0.5,distributed,15.561958279992911,14.208216118443229,16,16,0.0,0.0,0.0
816037,821264,moderate,0.65,distributed,20.837130094686863,18.695597954461533,11,21,0.0,0.0,0.0
816037,821264,moderate,0.75,distributed,23.436242641525844,20.64493612848836,8,24,1.7763568394002505e-15,0.0,0.0
816037,821264,moderate,1.0,distributed,31.887103080049815,28.761650723828595,0,32,0.0,0.0,0.0
816038,821312,moderate,0.0,distributed,0.0,0.0,32,0,0.0,0.0,0.0
816038,821312,moderate,0.25,distributed,8.651427648816785,9.594480075275449,24,8,3.552713678800501e-15,3.552713678800501e-15,0.0
816038,821312,moderate,0.35,distributed,13.384143553366528,14.790998439837296,21,11,3.552713678800501e-15,3.552713678800501e-15,0.0
816038,821312,moderate,0.5,distributed,18.066041817697567,19.53417863749304,16,16,3.552713678800501e-15,1.7763568394002505e-15,0.0
816038,821312,moderate,0.65,distributed,22.862128963880004,23.095258559128258,11,21,1.7763568394002505e-15,1.7763568394002505e-15,0.0
816038,821312,moderate,0.75,distributed,26.564253970185145,26.591848917256375,8,24,1.7763568394002505e-15,8.881784197001252e-16,0.0
816038,821312,moderate,1.0,distributed,34.680872862640726,33.47690995354864,0,32,0.0,0.0,0.0
816039,821331,moderate,0.0,distributed,0.0,0.0,32,0,7.105427357601002e-15,0.0,0.0
816039,821331,moderate,0.25,distributed,6.322841474146987,4.839914542916397,24,8,3.552713678800501e-15,3.552713678800501e-15,0.0
816039,821331,moderate,0.35,distributed,10.024966480452129,8.336504901044513,21,11,0.0,3.552713678800501e-15,0.0
816039,821331,moderate,0.5,distributed,14.821053626634566,11.897584822679732,16,16,0.0,3.552713678800501e-15,0.0
816039,821331,moderate,0.65,distributed,19.617140772817002,15.458664744314955,11,21,0.0,0.0,0.0
816039,821331,moderate,0.75,distributed,22.937672519090142,18.782645858972,8,24,0.0,1.7763568394002505e-15,0.0
816039,821331,moderate,1.0,distributed,35.17665500452412,32.46741892099919,0,32,0.0,0.0,0.0
816040,821361,moderate,0.0,distributed,0.0,0.0,32,0,0.0,7.105427357601002e-15,0.0
816040,821361,moderate,0.25,distributed,8.002430010604186,8.067161312312798,24,8,0.0,0.0,0.0
816040,821361,moderate,0.35,distributed,10.29237085863273,9.691214420536113,21,11,0.0,3.552713678800501e-15,0.0
816040,821361,moderate,0.5,distributed,15.737455643027769,14.779613105133997,16,16,0.0,0.0,0.0
816040,821361,moderate,0.65,distributed,22.213131325667405,21.567939796165604,11,21,1.7763568394002505e-15,1.7763568394002505e-15,0.0
816040,821361,moderate,0.75,distributed,25.915256331972547,25.06453015429372,8,24,0.0,1.7763568394002505e-15,0.0
816040,821361,moderate,1.0,distributed,34.18509072075734,34.486400986098104,0,32,0.0,0.0,0.0
816041,820001,strong,0.0,front_loaded,0.0,0.0,32,0,0.0,0.0,0.0
816041,820001,strong,0.25,front_loaded,11.58998484722138,12.157454299064522,24,8,3.552713678800501e-15,3.552713678800501e-15,0.0
816041,820001,strong,0.35,front_loaded,13.879925695249923,13.78150740728784,21,11,3.552713678800501e-15,0.0,0.0
816041,820001,strong,0.5,front_loaded,19.325010479644963,18.869906091885724,16,16,3.552713678800501e-15,1.7763568394002505e-15,0.0
816041,820001,strong,0.65,front_loaded,23.692152651831794,23.317421085626773,11,21,1.7763568394002505e-15,0.0,0.0
816041,820001,strong,0.75,front_loaded,26.77034986718229,26.193061174036686,8,24,0.0,8.881784197001252e-16,0.0
816041,820001,strong,1.0,front_loaded,34.21568925471962,33.51621625618765,0,32,0.0,0.0,0.0
816042,820002,strong,0.0,front_loaded,0.0,0.0,32,0,0.0,0.0,0.0
816042,820002,strong,0.25,front_loaded,8.76561653066818,8.412379799254925,24,8,3.552713678800501e-15,3.552713678800501e-15,0.0
816042,820002,strong,0.35,front_loaded,12.467741536973321,11.908970157383042,21,11,0.0,3.552713678800501e-15,0.0
816042,820002,strong,0.5,front_loaded,18.56182395958096,18.524687604943583,16,16,3.552713678800501e-15,3.552713678800501e-15,0.0
816042,820002,strong,0.65,front_loaded,25.0374996422206,25.313014295975194,11,21,0.0,1.7763568394002505e-15,0.0
816042,820002,strong,0.75,front_loaded,27.327440490249142,26.937067404198512,8,24,0.0,1.7763568394002505e-15,0.0
816042,820002,strong,1.0,front_loaded,38.53583207743852,38.92191245979197,0,32,0.0,0.0,0.0
816043,820008,strong,0.0,front_loaded,0.0,0.0,32,0,0.0,7.105427357601002e-15,0.0
816043,820008,strong,0.25,front_loaded,9.79620742891278,10.112307805688658,24,8,3.552713678800501e-15,3.552713678800501e-15,0.0
816043,820008,strong,0.35,front_loaded,13.498332435217922,13.608898163816775,21,11,3.552713678800501e-15,3.552713678800501e-15,0.0
816043,820008,strong,0.5,front_loaded,18.94341721961296,18.69729684841466,16,16,1.7763568394002505e-15,0.0,0.0
816043,820008,strong,0.65,front_loaded,23.625315483944004,23.4404770460704,11,21,0.0,0.0,0.0
816043,820008,strong,0.75,front_loaded,26.945847230217147,26.764458160727447,8,24,8.881784197001252e-16,8.881784197001252e-16,0.0
816043,820008,strong,1.0,front_loaded,33.26868870436413,31.604372703643847,0,32,0.0,0.0,0.0
816044,820030,strong,0.0,front_loaded,0.0,0.0,32,0,7.105427357601002e-15,7.105427357601002e-15,0.0
816044,820030,strong,0.25,front_loaded,8.00243001060419,8.067161312312795,24,8,0.0,3.552713678800501e-15,0.0
816044,820030,strong,0.35,front_loaded,11.704555016909332,11.563751670440912,21,11,0.0,3.552713678800501e-15,0.0
816044,820030,strong,0.5,front_loaded,17.531233061336366,16.82475959850986,16,16,0.0,3.552713678800501e-15,0.0
816044,820030,strong,0.65,front_loaded,22.594724585699407,21.740549039636672,11,21,0.0,3.552713678800501e-15,0.0
816044,820030,strong,0.75,front_loaded,26.945847230217147,26.76445816072745,8,24,1.7763568394002505e-15,0.0,0.0
816044,820030,strong,1.0,front_loaded,37.77264555737453,38.57669397284984,0,32,0.0,0.0,0.0
816045,820041,strong,0.0,distributed,0.0,0.0,32,0,0.0,7.105427357601002e-15,0.0
816045,820041,strong,0.25,distributed,7.899354208790889,7.343088503289593,24,8,0.0,0.0,0.0
816045,820041,strong,0.35,distributed,11.529057653874467,10.99235468375015,21,11,0.0,0.0,0.0
816045,820041,strong,0.5,distributed,17.28331413707994,16.40603843415154,16,16,0.0,0.0,0.0
816045,820041,strong,0.65,distributed,23.589076850018497,22.593348276603574,11,21,1.7763568394002505e-15,0.0,0.0
816045,820041,strong,0.75,distributed,27.770286524835157,27.016240549114777,8,24,0.0,0.0,0.0
816045,820041,strong,1.0,distributed,34.32987813657101,32.33411598016713,0,32,0.0,0.0,0.0
816046,820068,strong,0.0,distributed,0.0,0.0,32,0,0.0,3.552713678800501e-15,0.0
816046,820068,strong,0.25,distributed,7.353432372391584,6.539842549350126,24,8,3.552713678800501e-15,3.552713678800501e-15,0.0
816046,820068,strong,0.35,distributed,12.086148276941323,11.736360913911973,21,11,3.552713678800501e-15,3.552713678800501e-15,0.0
816046,820068,strong,0.5,distributed,17.531233061336362,16.824759598509853,16,16,1.7763568394002505e-15,3.552713678800501e-15,0.0
816046,820068,strong,0.65,distributed,22.594724585699403,21.74054903963667,11,21,0.0,1.7763568394002505e-15,0.0
816046,820068,strong,0.75,distributed,27.327440490249145,26.937067404198512,8,24,0.0,1.7763568394002505e-15,0.0
816046,820068,strong,1.0,distributed,32.88709544433213,31.431763460172775,0,32,0.0,0.0,0.0
816047,820072,strong,0.0,distributed,0.0,0.0,32,0,0.0,0.0,0.0
816047,820072,strong,0.25,distributed,10.82679832715738,11.812235812122385,24,8,3.552713678800501e-15,3.552713678800501e-15,0.0
816047,820072,strong,0.35,distributed,13.116739175185923,13.4362889203457,21,11,3.552713678800501e-15,7.105427357601002e-15,0.0
816047,820072,strong,0.5,distributed,16.119048903059763,14.952222348605055,16,16,3.552713678800501e-15,3.552713678800501e-15,0.0
816047,820072,strong,0.65,distributed,22.594724585699403,21.74054903963667,11,21,1.7763568394002505e-15,0.0,0.0
816047,820072,strong,0.75,distributed,27.327440490249142,26.937067404198512,8,24,1.7763568394002505e-15,8.881784197001252e-16,0.0
816047,820072,strong,1.0,distributed,35.44405938270472,33.82212844049078,0,32,0.0,0.0,0.0
816048,820080,strong,0.0,distributed,0.0,0.0,32,0,7.105427357601002e-15,7.105427357601002e-15,0.0
816048,820080,strong,0.25,distributed,8.384023270636185,8.23977055578386,24,8,3.552713678800501e-15,3.552713678800501e-15,0.0
816048,820080,strong,0.35,distributed,11.055557378696726,10.036432907478247,21,11,3.552713678800501e-15,3.552713678800501e-15,0.0
816048,820080,strong,0.5,distributed,15.470051264847164,13.424903585642397,16,16,0.0,3.552713678800501e-15,0.0
816048,820080,strong,0.65,distributed,20.533542789210202,18.34069302676921,11,21,1.7763568394002505e-15,3.552713678800501e-15,0.0
816048,820080,strong,0.75,distributed,23.85407453548335,21.664674141426257,8,24,0.0,1.7763568394002505e-15,0.0
816048,820080,strong,1.0,distributed,34.03187522442813,31.949591190585984,0,32,0.0,0.0,0.0
816049,820113,strong,0.0,front_loaded,0.0,0.0,32,0,0.0,0.0,0.0
816049,820113,strong,0.25,front_loaded,8.765616530668183,8.412379799254929,24,8,3.552713678800501e-15,0.0,0.0
816049,820113,strong,0.35,front_loaded,12.467741536973325,11.908970157383045,21,11,3.552713678800501e-15,3.552713678800501e-15,0.0
816049,820113,strong,0.5,front_loaded,18.29441958140036,17.169978085451994,16,16,3.552713678800501e-15,0.0,0.0
816049,820113,strong,0.65,front_loaded,23.424748273651186,21.96271156613518,11,21,1.7763568394002505e-15,0.0,0.0
816049,820113,strong,0.75,front_loaded,26.121352228969684,24.665742411074024,8,24,1.7763568394002505e-15,8.881784197001252e-16,0.0
816049,820113,strong,1.0,front_loaded,33.94828487653901,32.161506736696055,0,32,0.0,0.0,0.0
816050,820116,strong,0.0,front_loaded,0.0,0.0,32,0,7.105427357601002e-15,0.0,0.0
816050,820116,strong,0.25,front_loaded,9.414614168880782,9.939698562217586,24,8,7.105427357601002e-15,3.552713678800501e-15,0.0
816050,820116,strong,0.35,front_loaded,11.704555016909332,11.563751670440901,21,11,0.0,7.105427357601002e-15,0.0
816050,820116,strong,0.5,front_loaded,17.531233061336366,16.824759598509853,16,16,0.0,1.7763568394002505e-15,0.0
816050,820116,strong,0.65,front_loaded,22.594724585699403,21.74054903963667,11,21,3.552713678800501e-15,0.0,0.0
816050,820116,strong,0.75,front_loaded,25.915256331972547,25.064530154293713,8,24,3.552713678800501e-15,8.881784197001252e-16,0.0
816050,820116,strong,1.0,front_loaded,34.413468484460125,32.12220043405705,0,32,0.0,0.0,0.0
816051,820130,strong,0.0,front_loaded,0.0,0.0,32,0,0.0,0.0,0.0
816051,820130,strong,0.25,front_loaded,12.620575745465974,13.857382305498252,24,8,3.552713678800501e-15,3.552713678800501e-15,0.0
816051,820130,strong,0.35,front_loaded,15.292109853526512,15.654044657192639,21,11,7.105427357601002e-15,0.0,0.0
816051,820130,strong,0.5,front_loaded,20.088196999708952,19.215124578827858,16,16,0.0,1.7763568394002505e-15,0.0
816051,820130,strong,0.65,front_loaded,25.914875044135986,24.476132506896807,11,21,1.7763568394002505e-15,1.7763568394002505e-15,0.0
816051,820130,strong,0.75,front_loaded,28.58640915219653,26.272794858591194,8,24,0.0,8.881784197001252e-16,0.0
816051,820130,strong,1.0,front_loaded,36.70302804465211,33.15785589488346,0,32,0.0,0.0,0.0
816052,820158,strong,0.0,front_loaded,0.0,0.0,32,0,0.0,7.105427357601002e-15,0.0
816052,820158,strong,0.25,front_loaded,8.76561653066818,8.412379799254929,24,8,3.552713678800501e-15,3.552713678800501e-15,0.0
816052,820158,strong,0.35,front_loaded,10.673964118664724,9.863823664007178,21,11,3.552713678800501e-15,3.552713678800501e-15,0.0
816052,820158,strong,0.5,front_loaded,18.561823959580963,18.524687604943587,16,16,0.0,1.7763568394002505e-15,0.0
816052,820158,strong,0.65,front_loaded,24.006908743976,23.613086289541467,11,21,1.7763568394002505e-15,1.7763568394002505e-15,0.0
816052,820158,strong,0.75,front_loaded,27.709033750281144,27.109676647669584,8,24,0.0,8.881784197001252e-16,0.0
816052,820158,strong,1.0,front_loaded,35.82565264273672,33.99473768396185,0,32,0.0,0.0,0.0
816053,820177,strong,0.0,distributed,0.0,0.0,32,0,0.0,0.0,0.0
816053,820177,strong,0.25,distributed,10.032957566501654,10.590268693824605,24,8,0.0,0.0,0.0
816053,820177,strong,0.35,distributed,13.111154781852154,13.465908782234518,21,11,0.0,0.0,0.0
816053,820177,strong,0.5,distributed,18.10222474499363,18.53437404569377,16,16,1.7763568394002505e-15,0.0,0.0
816053,820177,strong,0.65,distributed,23.8564812281991,23.94805779609516,11,21,0.0,1.7763568394002505e-15,0.0
816053,820177,strong,0.75,distributed,27.00710000477116,26.671022062172632,8,24,0.0,0.0,0.0
816053,820177,strong,1.0,distributed,33.83409599468762,33.343607012716575,0,32,0.0,0.0,0.0
816054,820179,strong,0.0,distributed,0.0,0.0,32,0,0.0,0.0,0.0
816054,820179,strong,0.25,distributed,8.00243001060418,8.067161312312791,24,8,3.552713678800501e-15,0.0,0.0
816054,820179,strong,0.35,distributed,12.353552655121923,13.091070433403566,21,11,3.552713678800501e-15,3.552713678800501e-15,0.0
816054,820179,strong,0.5,distributed,20.24141249603816,21.751934374339974,16,16,1.7763568394002505e-15,1.7763568394002505e-15,0.0
816054,820179,strong,0.65,distributed,24.2743131221566,24.967795809033056,11,21,0.0,1.7763568394002505e-15,0.0
816054,820179,strong,0.75,distributed,27.594844868429742,28.291776923690104,8,24,1.7763568394002505e-15,8.881784197001252e-16,0.0
816054,820179,strong,1.0,distributed,35.71146376088532,35.17683795998237,0,32,0.0,0.0,0.0
816055,820232,strong,0.0,distributed,0.0,0.0,32,0,7.105427357601002e-15,7.105427357601002e-15,0.0
816055,820232,strong,0.25,distributed,8.765616530668186,8.412379799254929,24,8,3.552713678800501e-15,3.552713678800501e-15,0.0
816055,820232,strong,0.35,distributed,13.11673917518593,13.436288920345703,21,11,3.552713678800501e-15,7.105427357601002e-15,0.0
816055,820232,strong,0.5,distributed,18.943417219612968,18.697296848414656,16,16,0.0,1.7763568394002505e-15,0.0
816055,820232,strong,0.65,distributed,23.357911105763407,22.085767526578806,11,21,1.7763568394002505e-15,3.552713678800501e-15,0.0
816055,820232,strong,0.75,distributed,26.678442852036547,25.409748641235854,8,24,1.7763568394002505e-15,1.7763568394002505e-15,0.0
816055,820232,strong,1.0,distributed,35.82565264273673,33.99473768396185,0,32,0.0,0.0,0.0
816056,820241,strong,0.0,distributed,0.0,0.0,32,0,0.0,7.105427357601002e-15,0.0
816056,820241,strong,0.25,distributed,8.11661889245558,6.885061036292267,24,8,0.0,3.552713678800501e-15,0.0
816056,820241,strong,0.35,distributed,9.757562102271521,6.981795381552924,21,11,0.0,3.552713678800501e-15,0.0
816056,820241,strong,0.5,distributed,14.17205598842196,10.370266059717075,16,16,0.0,3.552713678800501e-15,0.0
816056,820241,strong,0.65,distributed,20.6477316710616,17.15859275074869,11,21,0.0,1.7763568394002505e-15,0.0
816056,820241,strong,0.75,distributed,23.58667015730274,20.309964621934665,8,24,0.0,1.7763568394002505e-15,0.0
816056,820241,strong,1.0,distributed,33.65028196439613,31.776981947114916,0,32,0.0,0.0,0.0
816057,820243,strong,0.0,front_loaded,0.0,0.0,32,0,0.0,3.552713678800501e-15,0.0
816057,820243,strong,0.25,front_loaded,7.4676212542429745,5.357742273329606,24,8,0.0,3.552713678800501e-15,0.0
816057,820243,strong,0.35,front_loaded,11.169746260548116,8.854332631457723,21,11,0.0,0.0,0.0
816057,820243,strong,0.5,front_loaded,16.996424304975154,14.115340559526674,16,16,3.552713678800501e-15,0.0,0.0
816057,820243,strong,0.65,front_loaded,22.12675299722598,18.90807404020986,11,21,1.7763568394002505e-15,0.0,0.0
816057,820243,strong,0.75,front_loaded,24.82335695254448,21.611104885148706,8,24,1.7763568394002505e-15,0.0,0.0
816057,820243,strong,1.0,front_loaded,32.26869634008181,28.934259967299667,0,32,0.0,0.0,0.0
816058,820328,strong,0.0,front_loaded,0.0,0.0,32,0,0.0,0.0,0.0
816058,820328,strong,0.25,front_loaded,5.941248214114985,4.667305299445328,24,8,0.0,3.552713678800501e-15,0.0
816058,820328,strong,0.35,front_loaded,8.231189062143528,6.291358407668646,21,11,0.0,1.7763568394002505e-15,0.0
816058,820328,strong,0.5,front_loaded,12.645682948293967,9.679829085832797,16,16,0.0,3.552713678800501e-15,0.0
816058,820328,strong,0.65,front_loaded,15.647992676167807,11.195762514092152,11,21,0.0,0.0,0.0
816058,820328,strong,0.75,front_loaded,19.999115320685547,16.219671635182927,8,24,0.0,1.7763568394002505e-15,0.0
816058,820328,strong,1.0,front_loaded,25.826174652949142,22.069077210648782,0,32,0.0,0.0,0.0
816059,820330,strong,0.0,front_loaded,0.0,0.0,32,0,0.0,3.552713678800501e-15,0.0
816059,820330,strong,0.25,front_loaded,12.620575745465974,13.857382305498255,24,8,3.552713678800501e-15,3.552713678800501e-15,0.0
816059,820330,strong,0.35,front_loaded,14.910516593494517,15.481435413721572,21,11,3.552713678800501e-15,3.552713678800501e-15,0.0
816059,820330,strong,0.5,front_loaded,17.912826321368357,16.997368841980922,16,16,3.552713678800501e-15,3.552713678800501e-15,0.0
816059,820330,strong,0.65,front_loaded,21.678322569306196,18.858520757182415,11,21,1.7763568394002505e-15,3.552713678800501e-15,0.0
816059,820330,strong,0.75,front_loaded,25.380447575611335,22.35511111531053,8,24,1.7763568394002505e-15,1.7763568394002505e-15,0.0
816059,820330,strong,1.0,front_loaded,34.527657366311516,30.94010015803653,0,32,0.0,0.0,0.0
816060,820346,strong,0.0,front_loaded,0.0,0.0,32,0,0.0,0.0,0.0
816060,820346,strong,0.25,front_loaded,8.765616530668183,8.412379799254929,24,8,0.0,0.0,0.0
816060,820346,strong,0.35,front_loaded,12.467741536973325,11.908970157383038,21,11,0.0,7.105427357601002e-15,0.0
816060,820346,strong,0.5,front_loaded,18.29441958140036,17.16997808545199,16,16,0.0,3.552713678800501e-15,0.0
816060,820346,strong,0.65,front_loaded,23.739504365795394,22.25837677004987,11,21,1.7763568394002505e-15,1.7763568394002505e-15,0.0
816060,820346,strong,0.75,front_loaded,26.67844285203654,25.40974864123585,8,24,0.0,1.7763568394002505e-15,0.0
816060,820346,strong,1.0,front_loaded,35.44405938270472,33.82212844049078,0,32,0.0,0.0,0.0
816061,820360,strong,0.0,distributed,0.0,0.0,32,0,0.0,3.552713678800501e-15,0.0
816061,820360,strong,0.25,distributed,7.250356570578287,5.815769740326932,24,8,0.0,0.0,0.0
816061,820360,strong,0.35,distributed,10.498466755629867,9.292426677316417,21,11,0.0,3.552713678800501e-15,0.0
816061,820360,strong,0.5,distributed,16.804229468568423,15.479736519768455,16,16,0.0,0.0,0.0
816061,820360,strong,0.65,distributed,22.728398921474977,21.49443711874942,11,21,1.7763568394002505e-15,1.7763568394002505e-15,0.0
816061,820360,strong,0.75,distributed,24.94591820828196,23.27116604930518,8,24,1.7763568394002505e-15,0.0,0.0
816061,820360,strong,1.0,distributed,33.566691616507015,31.98889749322499,0,32,0.0,0.0,0.0
816062,820421,strong,0.0,distributed,0.0,0.0,32,0,7.105427357601002e-15,7.105427357601002e-15,0.0
816062,820421,strong,0.25,distributed,9.796207428912783,10.112307805688658,24,8,0.0,3.552713678800501e-15,0.0
816062,820421,strong,0.35,distributed,14.147330073430524,15.136216926779436,21,11,3.552713678800501e-15,3.552713678800501e-15,0.0
816062,820421,strong,0.5,distributed,21.004599016102162,22.097152861282115,16,16,0.0,1.7763568394002505e-15,0.0
816062,820421,strong,0.65,distributed,26.0680905404652,27.012942302408927,11,21,3.552713678800501e-15,1.7763568394002505e-15,0.0
816062,820421,strong,0.75,distributed,29.388622286738343,30.336923417065975,8,24,3.552713678800501e-15,8.881784197001252e-16,0.0
816062,820421,strong,1.0,distributed,37.88683443922592,37.39459369682931,0,32,0.0,0.0,0.0
816063,820448,strong,0.0,distributed,0.0,0.0,32,0,7.105427357601002e-15,7.105427357601002e-15,0.0
816063,820448,strong,0.25,distributed,10.177800688944782,10.28491704915973,24,8,3.552713678800501e-15,0.0,0.0
816063,820448,strong,0.35,distributed,13.879925695249923,13.781507407287847,21,11,0.0,0.0,0.0
816063,820448,strong,0.5,distributed,18.94341721961296,18.69729684841466,16,16,3.552713678800501e-15,0.0,0.0
816063,820448,strong,0.65,distributed,25.037499642220602,25.3130142959752,11,21,1.7763568394002505e-15,1.7763568394002505e-15,0.0
816063,820448,strong,0.75,distributed,28.739624648525744,28.809604654103314,8,24,0.0,1.7763568394002505e-15,0.0
816063,820448,strong,1.0,distributed,39.94801623571512,40.79444970969677,0,32,0.0,0.0,0.0
816064,820456,strong,0.0,distributed,0.0,0.0,32,0,3.552713678800501e-15,3.552713678800501e-15,0.0
816064,820456,strong,0.25,distributed,7.08602799421098,5.185133029858537,24,8,3.552713678800501e-15,3.552713678800501e-15,0.0
816064,820456,strong,0.35,distributed,9.375968842239523,6.809186138081852,21,11,3.552713678800501e-15,7.105427357601002e-15,0.0
816064,820456,strong,0.5,distributed,14.439460366602564,11.72497557920867,16,16,1.7763568394002505e-15,1.7763568394002505e-15,0.0
816064,820456,strong,0.65,distributed,18.472360992721008,14.940837013901751,11,21,0.0,1.7763568394002505e-15,0.0
816064,820456,strong,0.75,distributed,21.41129947896215,18.09220888508773,8,24,1.7763568394002505e-15,1.7763568394002505e-15,0.0
816064,820456,strong,1.0,distributed,29.413729489566336,26.15937019740052,0,32,0.0,0.0,0.0
816065,820461,strong,0.0,front_loaded,0.0,0.0,32,0,7.105427357601002e-15,0.0,0.0
816065,820461,strong,0.25,front_loaded,10.559393948976773,10.457526292630792,24,8,0.0,3.552713678800501e-15,0.0
816065,820461,strong,0.35,front_loaded,14.261518955281915,13.954116650758909,21,11,0.0,0.0,0.0
816065,820461,strong,0.5,front_loaded,20.088196999708952,19.21512457882786,16,16,3.552713678800501e-15,1.7763568394002505e-15,0.0
816065,820461,strong,0.65,front_loaded,25.21852569195978,24.007858059511047,11,21,1.7763568394002505e-15,0.0,0.0
816065,820461,strong,0.75,front_loaded,28.296722907310276,26.88349814792096,8,24,1.7763568394002505e-15,0.0,0.0
816065,820461,strong,1.0,front_loaded,35.74206229484761,34.20665323007192,0,32,0.0,0.0,0.0
816066,820472,strong,0.0,front_loaded,0.0,0.0,32,0,0.0,7.105427357601002e-15,0.0
816066,820472,strong,0.25,front_loaded,10.445205067125382,11.63962656865132,24,8,0.0,3.552713678800501e-15,0.0
816066,820472,strong,0.35,front_loaded,11.971959395089929,12.9184611899325,21,11,3.552713678800501e-15,3.552713678800501e-15,0.0
816066,820472,strong,0.5,front_loaded,14.974269122963769,14.434394618191853,16,16,3.552713678800501e-15,3.552713678800501e-15,0.0
816066,820472,strong,0.65,front_loaded,21.06835154557141,21.050112065752394,11,21,0.0,1.7763568394002505e-15,0.0
816066,820472,strong,0.75,front_loaded,21.946108235323358,20.801627924070914,8,24,0.0,1.7763568394002505e-15,0.0
816066,820472,strong,1.0,front_loaded,31.36072240420414,30.741326486288504,0,32,0.0,0.0,0.0
816067,820490,strong,0.0,front_loaded,0.0,0.0,32,0,7.105427357601002e-15,3.552713678800501e-15,0.0
816067,820490,strong,0.25,front_loaded,7.3534323723915875,6.53984254935013,24,8,3.552713678800501e-15,3.552713678800501e-15,0.0
816067,820490,strong,0.35,front_loaded,10.024966480452129,8.336504901044517,21,11,3.552713678800501e-15,3.552713678800501e-15,0.0
816067,820490,strong,0.5,front_loaded,15.851644524879166,13.597512829113466,16,16,3.552713678800501e-15,3.552713678800501e-15,0.0
816067,820490,strong,0.65,front_loaded,21.296729309274205,18.685911513711346,11,21,0.0,1.7763568394002505e-15,0.0
816067,820490,strong,0.75,front_loaded,24.998854315579344,22.182501871839463,8,24,1.7763568394002505e-15,1.7763568394002505e-15,0.0
816067,820490,strong,1.0,front_loaded,34.146064106279525,30.76749091456546,0,32,0.0,0.0,0.0
816068,820496,strong,0.0,front_loaded,0.0,0.0,32,0,0.0,0.0,0.0
816068,820496,strong,0.25,front_loaded,7.735025632423582,6.712451792821199,24,8,0.0,0.0,0.0
816068,820496,strong,0.35,front_loaded,11.055557378696726,10.036432907478243,21,11,0.0,3.552713678800501e-15,0.0
816068,820496,strong,0.5,front_loaded,16.88223542312376,15.297440835547192,16,16,0.0,3.552713678800501e-15,0.0
816068,820496,strong,0.65,front_loaded,22.708913467550794,20.55844876361614,11,21,1.7763568394002505e-15,1.7763568394002505e-15,0.0
816068,820496,strong,0.75,front_loaded,26.67844285203654,25.40974864123585,8,24,0.0,1.7763568394002505e-15,0.0
816068,820496,strong,1.0,front_loaded,34.680872862640726,33.47690995354864,0,32,0.0,0.0,0.0
816069,820512,strong,0.0,distributed,0.0,0.0,32,0,0.0,3.552713678800501e-15,0.0
816069,820512,strong,0.25,distributed,8.450860438523971,8.116714595340234,24,8,0.0,3.552713678800501e-15,0.0
816069,820512,strong,0.35,distributed,12.08056388360755,11.765980775800793,21,11,0.0,1.7763568394002505e-15,0.0
816069,820512,strong,0.5,distributed,17.453227106781025,17.007055282731116,16,16,1.7763568394002505e-15,1.7763568394002505e-15,0.0
816069,820512,strong,0.65,distributed,22.655977360253416,21.64711294108186,11,21,0.0,8.881784197001252e-16,0.0
816069,820512,strong,0.75,distributed,24.29692057006936,21.74384728634252,8,24,0.0,8.881784197001252e-16,0.0
816069,820512,strong,1.0,distributed,30.856512181805215,27.06172271739487,0,32,0.0,0.0,0.0
816070,820529,strong,0.0,distributed,0.0,0.0,32,0,3.552713678800501e-15,3.552713678800501e-15,0.0
816070,820529,strong,0.25,distributed,8.76561653066818,8.412379799254929,24,8,3.552713678800501e-15,3.552713678800501e-15,0.0
816070,820529,strong,0.35,distributed,11.055557378696722,10.036432907478243,21,11,3.552713678800501e-15,7.105427357601002e-15,0.0
816070,820529,strong,0.5,distributed,17.149639801304364,16.65215035503879,16,16,1.7763568394002505e-15,1.7763568394002505e-15,0.0
816070,820529,strong,0.65,distributed,21.831538065635407,21.39533055269453,11,21,1.7763568394002505e-15,1.7763568394002505e-15,0.0
816070,820529,strong,0.75,distributed,24.503072173695948,23.19199290438892,8,24,8.881784197001252e-16,8.881784197001252e-16,0.0
816070,820529,strong,1.0,distributed,31.20750690787493,28.204516690776387,0,32,0.0,0.0,0.0
816071,820537,strong,0.0,distributed,0.0,0.0,32,0,0.0,7.105427357601002e-15,0.0
816071,820537,strong,0.25,distributed,7.4676212542429745,5.357742273329606,24,8,3.552713678800501e-15,7.105427357601002e-15,0.0
816071,820537,strong,0.35,distributed,10.788153000516118,8.681723387986658,21,11,0.0,3.552713678800501e-15,0.0
816071,820537,strong,0.5,distributed,17.263828683155754,15.470050079018266,16,16,3.552713678800501e-15,3.552713678800501e-15,0.0
816071,820537,strong,0.65,distributed,22.05991582933819,19.031130000653487,11,21,1.7763568394002505e-15,1.7763568394002505e-15,0.0
816071,820537,strong,0.75,distributed,23.700859039154132,19.127864345914144,8,24,1.7763568394002505e-15,1.7763568394002505e-15,0.0
816071,820537,strong,1.0,distributed,32.084882309790316,27.367634901698004,0,32,0.0,0.0,0.0
816072,820560,strong,0.0,distributed,0.0,0.0,32,0,0.0,3.552713678800501e-15,0.0
816072,820560,strong,0.25,distributed,7.735025632423582,6.712451792821199,24,8,0.0,0.0,0.0
816072,820560,strong,0.35,distributed,9.643373220420127,8.163895657573448,21,11,0.0,0.0,0.0
816072,820560,strong,0.5,distributed,15.737455643027769,14.779613105133986,16,16,0.0,3.552713678800501e-15,0.0
816072,820560,strong,0.65,distributed,22.213131325667405,21.567939796165597,11,21,0.0,1.7763568394002505e-15,0.0
816072,820560,strong,0.75,distributed,25.53366307194055,24.891920910822645,8,24,0.0,1.7763568394002505e-15,0.0
816072,820560,strong,1.0,distributed,32.505502184300134,31.259154216701706,0,32,0.0,0.0,0.0
816073,820577,strong,0.0,front_loaded,0.0,0.0,32,0,0.0,0.0,0.0
816073,820577,strong,0.25,front_loaded,8.11661889245558,6.885061036292264,24,8,3.552713678800501e-15,3.552713678800501e-15,0.0
816073,820577,strong,0.35,front_loaded,10.024966480452125,8.336504901044513,21,11,3.552713678800501e-15,0.0,0.0
816073,820577,strong,0.5,front_loaded,15.470051264847164,13.424903585642397,16,16,3.552713678800501e-15,1.7763568394002505e-15,0.0
816073,820577,strong,0.65,front_loaded,20.600379957097992,18.217637066325583,11,21,1.7763568394002505e-15,0.0,0.0
816073,820577,strong,0.75,front_loaded,23.678577172448488,21.093277154735496,8,24,1.7763568394002505e-15,0.0,0.0
816073,820577,strong,1.0,front_loaded,30.74232329995382,28.24382299341539,0,32,0.0,0.0,0.0
816074,820592,strong,0.0,front_loaded,0.0,0.0,32,0,7.105427357601002e-15,7.105427357601002e-15,0.0
816074,820592,strong,0.25,front_loaded,9.682018547061393,11.294408081709182,24,8,0.0,0.0,0.0
816074,820592,strong,0.35,front_loaded,11.590366135057938,12.745851946461432,21,11,0.0,0.0,0.0
816074,820592,strong,0.5,front_loaded,15.509077879324984,17.143813657175034,16,16,0.0,3.552713678800501e-15,0.0
816074,820592,strong,0.65,front_loaded,21.335755923752018,22.404821585243987,11,21,0.0,1.7763568394002505e-15,0.0
816074,820592,strong,0.75,front_loaded,24.274694409993167,25.556193456429963,8,24,0.0,1.7763568394002505e-15,0.0
816074,820592,strong,1.0,front_loaded,33.68930857887395,35.49589201864755,0,32,0.0,0.0,0.0
816075,820619,strong,0.0,front_loaded,0.0,0.0,32,0,0.0,0.0,0.0
816075,820619,strong,0.25,front_loaded,10.177800688944778,10.28491704915972,24,8,3.552713678800501e-15,3.552713678800501e-15,0.0
816075,820619,strong,0.35,front_loaded,13.498332435217922,13.608898163816768,21,11,3.552713678800501e-15,3.552713678800501e-15,0.0
816075,820619,strong,0.5,front_loaded,20.355601377889556,20.569834098319447,16,16,3.552713678800501e-15,3.552713678800501e-15,0.0
816075,820619,strong,0.65,front_loaded,27.212870320561194,27.530770032822126,11,21,1.7763568394002505e-15,3.552713678800501e-15,0.0
816075,820619,strong,0.75,front_loaded,31.563992965078935,32.5546791539129,8,24,1.7763568394002505e-15,8.881784197001252e-16,0.0
816075,820619,strong,1.0,front_loaded,39.680611857534515,39.43974019020517,0,32,0.0,0.0,0.0
816076,820627,strong,0.0,front_loaded,0.0,0.0,32,0,3.552713678800501e-15,3.552713678800501e-15,0.0
816076,820627,strong,0.25,front_loaded,6.5902458523275875,6.194624062407993,24,8,3.552713678800501e-15,3.552713678800501e-15,0.0
816076,820627,strong,0.35,front_loaded,10.29237085863273,9.69121442053611,21,11,3.552713678800501e-15,0.0,0.0
816076,820627,strong,0.5,front_loaded,14.057867106570566,11.552366335737599,16,16,0.0,1.7763568394002505e-15,0.0
816076,820627,strong,0.65,front_loaded,19.8845451509976,16.81337426380655,11,21,3.552713678800501e-15,0.0,0.0
816076,820627,strong,0.75,front_loaded,23.205076897270743,20.137355378463596,8,24,1.7763568394002505e-15,8.881784197001252e-16,0.0
816076,820627,strong,1.0,front_loaded,31.70328904975832,27.195025658226932,0,32,0.0,0.0,0.0
816077,820634,strong,0.0,distributed,0.0,0.0,32,0,0.0,0.0,0.0
816077,820634,strong,0.25,distributed,8.069267178491977,7.944105351869165,24,8,3.552713678800501e-15,0.0,0.0
816077,820634,strong,0.35,distributed,10.838292695032038,10.494460374475569,21,11,0.0,0.0,0.0
816077,820634,strong,0.5,distributed,16.113464509725993,14.981842210493873,16,16,3.552713678800501e-15,0.0,0.0
816077,820634,strong,0.65,distributed,21.795299431709903,20.548201783227704,11,21,1.7763568394002505e-15,1.7763568394002505e-15,0.0
816077,820634,strong,0.75,distributed,25.976509106526564,24.971094055738906,8,24,0.0,0.0,0.0
816077,820634,strong,1.0,distributed,32.53610071826242,30.288969486791256,0,32,0.0,0.0,0.0
816078,820656,strong,0.0,distributed,0.0,0.0,32,0,3.552713678800501e-15,3.552713678800501e-15,0.0
816078,820656,strong,0.25,distributed,6.704434734178982,5.012523786387469,24,8,3.552713678800501e-15,3.552713678800501e-15,0.0
816078,820656,strong,0.35,distributed,9.375968842239523,6.809186138081852,21,11,3.552713678800501e-15,7.105427357601002e-15,0.0
816078,820656,strong,0.5,distributed,16.233237784911157,13.770122072584535,16,16,1.7763568394002505e-15,3.552713678800501e-15,0.0
816078,820656,strong,0.65,distributed,22.059915829338195,19.031130000653484,11,21,0.0,3.552713678800501e-15,0.0
816078,820656,strong,0.75,distributed,22.93767251909014,18.782645858972003,8,24,1.7763568394002505e-15,1.7763568394002505e-15,0.0
816078,820656,strong,1.0,distributed,31.970693427938926,28.549735177718524,0,32,0.0,0.0,0.0
816079,820684,strong,0.0,distributed,0.0,0.0,32,0,7.105427357601002e-15,7.105427357601002e-15,0.0
816079,820684,strong,0.25,distributed,8.11661889245558,6.885061036292267,24,8,3.552713678800501e-15,3.552713678800501e-15,0.0
816079,820684,strong,0.35,distributed,10.673964118664731,9.863823664007178,21,11,3.552713678800501e-15,3.552713678800501e-15,0.0
816079,820684,strong,0.5,distributed,17.79863743951697,18.17946911800145,16,16,3.552713678800501e-15,3.552713678800501e-15,0.0
816079,820684,strong,0.65,distributed,23.625315483944007,23.4404770460704,11,21,0.0,1.7763568394002505e-15,0.0
816079,820684,strong,0.75,distributed,27.327440490249145,26.937067404198515,8,24,1.7763568394002505e-15,1.7763568394002505e-15,0.0
816079,820684,strong,1.0,distributed,36.856243540981325,35.69466569039558,0,32,0.0,0.0,0.0
816080,820696,strong,0.0,distributed,0.0,0.0,32,0,7.105427357601002e-15,3.552713678800501e-15,0.0
816080,820696,strong,0.25,distributed,10.177800688944782,10.284917049159727,24,8,3.552713678800501e-15,3.552713678800501e-15,0.0
816080,820696,strong,0.35,distributed,13.498332435217925,13.608898163816772,21,11,3.552713678800501e-15,7.105427357601002e-15,0.0
816080,820696,strong,0.5,distributed,14.706864744783172,13.07968509870026,16,16,0.0,3.552713678800501e-15,0.0
816080,820696,strong,0.65,distributed,21.182540427422808,19.86801178973187,11,21,1.7763568394002505e-15,3.552713678800501e-15,0.0
816080,820696,strong,0.75,distributed,25.152069811908554,24.71931166735158,8,24,8.881784197001252e-16,8.881784197001252e-16,0.0
816080,820696,strong,1.0,distributed,32.61969106615153,30.077053940681186,0,32,0.0,0.0,0.0
816081,820032,very_strong,0.0,front_loaded,0.0,0.0,32,0,7.105427357601002e-15,3.552713678800501e-15,0.0
816081,820032,very_strong,0.25,front_loaded,8.116618892455577,6.885061036292271,24,8,3.552713678800501e-15,0.0,0.0
816081,820032,very_strong,0.35,front_loaded,11.43715063872872,10.209042150949315,21,11,3.552713678800501e-15,0.0,0.0
816081,820032,very_strong,0.5,front_loaded,17.91282632136836,16.99736884198093,16,16,5.329070518200751e-15,1.7763568394002505e-15,0.0
816081,820032,very_strong,0.65,front_loaded,22.27996849355519,21.444883835721978,11,21,1.7763568394002505e-15,0.0,0.0
816081,820032,very_strong,0.75,front_loaded,24.59497918884169,23.975305437189753,8,24,1.7763568394002505e-15,8.881784197001252e-16,0.0
816081,820032,very_strong,1.0,front_loaded,32.42191183641102,31.471069762811783,0,32,0.0,0.0,0.0
816082,820033,very_strong,0.0,front_loaded,0.0,0.0,32,0,7.105427357601002e-15,7.105427357601002e-15,0.0
816082,820033,very_strong,0.25,front_loaded,11.857389225401985,13.512163818556118,24,8,0.0,3.552713678800501e-15,0.0
816082,820033,very_strong,0.35,front_loaded,14.147330073430528,15.136216926779436,21,11,0.0,3.552713678800501e-15,0.0
816082,820033,very_strong,0.5,front_loaded,19.210821597793565,20.052006367906248,16,16,3.552713678800501e-15,3.552713678800501e-15,0.0
816082,820033,very_strong,0.65,front_loaded,23.243722223912005,23.26786780259933,11,21,1.7763568394002505e-15,3.552713678800501e-15,0.0
816082,820033,very_strong,0.75,front_loaded,27.976438128461748,28.464386167161177,8,24,8.881784197001252e-16,1.7763568394002505e-15,0.0
816082,820033,very_strong,1.0,front_loaded,35.32987050085333,35.00422871651131,0,32,0.0,0.0,0.0
816083,820056,very_strong,0.0,front_loaded,0.0,0.0,32,0,0.0,7.105427357601002e-15,0.0
816083,820056,very_strong,0.25,front_loaded,10.559393948976776,10.457526292630796,24,8,0.0,3.552713678800501e-15,0.0
816083,820056,very_strong,0.35,front_loaded,13.879925695249916,13.781507407287844,21,11,3.552713678800501e-15,3.552713678800501e-15,0.0
816083,820056,very_strong,0.5,front_loaded,19.325010479644956,18.869906091885724,16,16,0.0,3.552713678800501e-15,0.0
816083,820056,very_strong,0.65,front_loaded,24.770095264039995,23.958304776483605,11,21,1.7763568394002505e-15,3.552713678800501e-15,0.0
816083,820056,very_strong,0.75,front_loaded,26.29684959200454,25.237139397764786,8,24,0.0,1.7763568394002505e-15,0.0
816083,820056,very_strong,1.0,front_loaded,36.85624354098132,35.69466569039558,0,32,0.0,0.0,0.0
816084,820066,very_strong,0.0,front_loaded,0.0,0.0,32,0,3.552713678800501e-15,3.552713678800501e-15,0.0
816084,820066,very_strong,0.25,front_loaded,8.76561653066818,8.412379799254929,24,8,7.105427357601002e-15,3.552713678800501e-15,0.0
816084,820066,very_strong,0.35,front_loaded,11.055557378696726,10.036432907478245,21,11,3.552713678800501e-15,3.552713678800501e-15,0.0
816084,820066,very_strong,0.5,front_loaded,13.027276208325965,9.852438329303869,16,16,3.552713678800501e-15,3.552713678800501e-15,0.0
816084,820066,very_strong,0.65,front_loaded,18.472360992721004,14.94083701390175,11,21,1.7763568394002505e-15,3.552713678800501e-15,0.0
816084,820066,very_strong,0.75,front_loaded,20.762301840749547,16.564890122125068,8,24,1.7763568394002505e-15,1.7763568394002505e-15,0.0
816084,820066,very_strong,1.0,front_loaded,29.146325111385732,24.804660677908927,0,32,0.0,0.0,0.0
816085,820074,very_strong,0.0,distributed,0.0,0.0,32,0,0.0,0.0,0.0
816085,820074,very_strong,0.25,distributed,8.904875259777533,8.136648016478858,24,8,3.552713678800501e-15,0.0,0.0
816085,820074,very_strong,0.35,distributed,12.534578704861111,11.785914196939416,21,11,3.552713678800501e-15,0.0,0.0
816085,820074,very_strong,0.5,distributed,17.7373289583335,16.42597185529016,16,16,0.0,0.0,0.0
816085,820074,very_strong,0.65,distributed,23.27990515120806,22.268063210800058,11,21,1.7763568394002505e-15,0.0,0.0
816085,820074,very_strong,0.75,distributed,25.49742443801504,24.044792141355817,8,24,0.0,0.0,0.0
816085,820074,very_strong,1.0,distributed,34.32987813657101,32.33411598016712,0,32,0.0,0.0,0.0
816086,820081,very_strong,0.0,distributed,0.0,0.0,32,0,0.0,0.0,0.0
816086,820081,very_strong,0.25,distributed,8.002430010604183,8.067161312312791,24,8,3.552713678800501e-15,0.0,0.0
816086,820081,very_strong,0.35,distributed,10.292370858632726,9.691214420536106,21,11,3.552713678800501e-15,3.552713678800501e-15,0.0
816086,820081,very_strong,0.5,distributed,17.798637439516966,18.179469118001446,16,16,0.0,1.7763568394002505e-15,0.0
816086,820081,very_strong,0.65,distributed,23.243722223912002,23.267867802599326,11,21,1.7763568394002505e-15,1.7763568394002505e-15,0.0
816086,820081,very_strong,0.75,distributed,25.533663071940545,24.891920910822645,8,24,1.7763568394002505e-15,1.7763568394002505e-15,0.0
816086,820081,very_strong,1.0,distributed,33.91768634257673,33.131691466606505,0,32,0.0,0.0,0.0
816087,820082,very_strong,0.0,distributed,0.0,0.0,32,0,7.105427357601002e-15,3.552713678800501e-15,0.0
816087,820082,very_strong,0.25,distributed,9.528803050732183,8.757598286197066,24,8,3.552713678800501e-15,3.552713678800501e-15,0.0
816087,820082,very_strong,0.35,distributed,12.200337158792724,10.554260637891453,21,11,3.552713678800501e-15,3.552713678800501e-15,0.0
816087,820082,very_strong,0.5,distributed,18.02701520321976,15.815268565960402,16,16,0.0,1.7763568394002505e-15,0.0
816087,820082,very_strong,0.65,distributed,24.502690885859398,22.603595256992012,11,21,1.7763568394002505e-15,1.7763568394002505e-15,0.0
816087,820082,very_strong,0.75,distributed,26.79263173388794,24.22764836521533,8,24,1.7763568394002505e-15,8.881784197001252e-16,0.0
816087,820082,very_strong,1.0,distributed,34.90925062634352,31.112709401507598,0,32,0.0,0.0,0.0
816088,820090,very_strong,0.0,distributed,0.0,0.0,32,0,7.105427357601002e-15,3.552713678800501e-15,0.0
816088,820090,very_strong,0.25,distributed,8.498212152487582,7.057670279763336,24,8,3.552713678800501e-15,3.552713678800501e-15,0.0
816088,820090,very_strong,0.35,distributed,11.818743898760726,10.381651394420384,21,11,3.552713678800501e-15,3.552713678800501e-15,0.0
816088,820090,very_strong,0.5,distributed,16.882235423123767,15.297440835547196,16,16,0.0,1.7763568394002505e-15,0.0
816088,820090,very_strong,0.65,distributed,22.327320207518802,20.385839520145076,11,21,1.7763568394002505e-15,1.7763568394002505e-15,0.0
816088,820090,very_strong,0.75,distributed,25.647851953791946,23.709820634802124,8,24,1.7763568394002505e-15,8.881784197001252e-16,0.0
816088,820090,very_strong,1.0,distributed,33.76447084624753,30.59488167109439,0,32,0.0,0.0,0.0
816089,820092,very_strong,0.0,front_loaded,0.0,0.0,32,0,0.0,3.552713678800501e-15,0.0
816089,820092,very_strong,0.25,front_loaded,6.704434734178982,5.012523786387469,24,8,0.0,3.552713678800501e-15,0.0
816089,820092,very_strong,0.35,front_loaded,9.375968842239523,6.809186138081856,21,11,3.552713678800501e-15,0.0,0.0
816089,820092,very_strong,0.5,front_loaded,15.85164452487916,13.597512829113466,16,16,1.7763568394002505e-15,1.7763568394002505e-15,0.0
816089,820092,very_strong,0.65,front_loaded,20.600379957097992,18.217637066325587,11,21,1.7763568394002505e-15,1.7763568394002505e-15,0.0
816089,820092,very_strong,0.75,front_loaded,23.296983912416493,20.92066791126443,8,24,1.7763568394002505e-15,0.0,0.0
816089,820092,very_strong,1.0,front_loaded,31.12391655998582,28.41643223688646,0,32,0.0,0.0,0.0
816090,820105,very_strong,0.0,front_loaded,0.0,0.0,32,0,3.552713678800501e-15,3.552713678800501e-15,0.0
816090,820105,very_strong,0.25,front_loaded,7.620836750572188,7.894552068841719,24,8,3.552713678800501e-15,3.552713678800501e-15,0.0
816090,820105,very_strong,0.35,front_loaded,9.910777598600731,9.518605177065034,21,11,3.552713678800501e-15,7.105427357601002e-15,0.0
816090,820105,very_strong,0.5,front_loaded,15.73745564302777,14.779613105133986,16,16,0.0,3.552713678800501e-15,0.0
816090,820105,very_strong,0.65,front_loaded,20.41935390735881,19.52279330278973,11,21,1.7763568394002505e-15,3.552713678800501e-15,0.0
816090,820105,very_strong,0.75,front_loaded,24.770476551876556,24.546702423880507,8,24,0.0,8.881784197001252e-16,0.0
816090,820105,very_strong,1.0,front_loaded,31.09331802602354,29.386616966796907,0,32,0.0,0.0,0.0
816091,820107,very_strong,0.0,front_loaded,0.0,0.0,32,0,0.0,7.105427357601002e-15,0.0
816091,820107,very_strong,0.25,front_loaded,10.177800688944778,10.284917049159727,24,8,3.552713678800501e-15,3.552713678800501e-15,0.0
816091,820107,very_strong,0.35,front_loaded,12.84933479700532,12.081579400854114,21,11,3.552713678800501e-15,3.552713678800501e-15,0.0
816091,820107,very_strong,0.5,front_loaded,18.676012841432353,17.342587328923063,16,16,3.552713678800501e-15,3.552713678800501e-15,0.0
816091,820107,very_strong,0.65,front_loaded,23.3579111057634,22.085767526578806,11,21,1.7763568394002505e-15,3.552713678800501e-15,0.0
816091,820107,very_strong,0.75,front_loaded,26.02944521382394,23.882429878273193,8,24,1.7763568394002505e-15,1.7763568394002505e-15,0.0
816091,820107,very_strong,1.0,front_loaded,35.82565264273672,33.99473768396185,0,32,0.0,0.0,0.0
816092,820115,very_strong,0.0,front_loaded,0.0,0.0,32,0,0.0,7.105427357601002e-15,0.0
816092,820115,very_strong,0.25,front_loaded,9.147209790700177,8.584989042725997,24,8,3.552713678800501e-15,3.552713678800501e-15,0.0
816092,820115,very_strong,0.35,front_loaded,11.43715063872872,10.209042150949315,21,11,3.552713678800501e-15,3.552713678800501e-15,0.0
816092,820115,very_strong,0.5,front_loaded,15.088458004815166,13.252294342171332,16,16,0.0,0.0,0.0
816092,820115,very_strong,0.65,front_loaded,20.800947167390806,19.6954025462608,11,21,1.7763568394002505e-15,3.552713678800501e-15,0.0
816092,820115,very_strong,0.75,front_loaded,23.472481275451347,21.49206489795519,8,24,1.7763568394002505e-15,1.7763568394002505e-15,0.0
816092,820115,very_strong,1.0,front_loaded,31.474911286055534,29.55922621026798,0,32,0.0,0.0,0.0
816093,820147,very_strong,0.0,distributed,0.0,0.0,32,0,0.0,0.0,0.0
816093,820147,very_strong,0.25,distributed,7.899354208790893,7.343088503289589,24,8,0.0,0.0,0.0
816093,820147,very_strong,0.35,distributed,10.977551424141392,10.218728591699502,21,11,3.552713678800501e-15,0.0,0.0
816093,820147,very_strong,0.5,distributed,15.798708417581782,14.686177006579179,16,16,3.552713678800501e-15,1.7763568394002505e-15,0.0
816093,820147,very_strong,0.65,distributed,20.140780742510657,18.22732350707577,11,21,0.0,1.7763568394002505e-15,0.0
816093,820147,very_strong,0.75,distributed,22.90980625905072,20.777678529682174,8,24,1.7763568394002505e-15,1.7763568394002505e-15,0.0
816093,820147,very_strong,1.0,distributed,32.917693978294416,30.461578730262325,0,32,0.0,0.0,0.0
816094,820148,very_strong,0.0,distributed,0.0,0.0,32,0,3.552713678800501e-15,3.552713678800501e-15,0.0
816094,820148,very_strong,0.25,distributed,9.528803050732176,8.757598286197062,24,8,3.552713678800501e-15,7.105427357601002e-15,0.0
816094,820148,very_strong,0.35,distributed,13.230928057037318,12.25418864432518,21,11,3.552713678800501e-15,3.552713678800501e-15,0.0
816094,820148,very_strong,0.5,distributed,16.614831044943156,13.942731316055601,16,16,3.552713678800501e-15,3.552713678800501e-15,0.0
816094,820148,very_strong,0.65,distributed,20.38032729288099,15.803883231257092,11,21,1.7763568394002505e-15,1.7763568394002505e-15,0.0
816094,820148,very_strong,0.75,distributed,24.082452299186134,19.30047358938521,8,24,8.881784197001252e-16,8.881784197001252e-16,0.0
816094,820148,very_strong,1.0,distributed,31.817477931609716,26.012925382206408,0,32,0.0,0.0,0.0
816095,820153,very_strong,0.0,distributed,0.0,0.0,32,0,7.105427357601002e-15,7.105427357601002e-15,0.0
816095,820153,very_strong,0.25,distributed,10.826798327157384,11.812235812122388,24,8,0.0,3.552713678800501e-15,0.0
816095,820153,very_strong,0.35,distributed,13.498332435217925,13.608898163816775,21,11,0.0,3.552713678800501e-15,0.0
816095,820153,very_strong,0.5,distributed,19.32501047964496,18.869906091885724,16,16,3.552713678800501e-15,3.552713678800501e-15,0.0
816095,820153,very_strong,0.65,distributed,25.151688524071997,24.130914019954673,11,21,0.0,3.552713678800501e-15,0.0
816095,820153,very_strong,0.75,distributed,26.792631733887937,24.22764836521533,8,24,0.0,1.7763568394002505e-15,0.0
816095,820153,very_strong,1.0,distributed,38.65002095928992,37.73981218377145,0,32,0.0,0.0,0.0
816096,820155,very_strong,0.0,distributed,0.0,0.0,32,0,0.0,7.105427357601002e-15,0.0
816096,820155,very_strong,0.25,distributed,11.208391587189379,11.984845055593457,24,8,3.552713678800501e-15,3.552713678800501e-15,0.0
816096,820155,very_strong,0.35,distributed,13.498332435217922,13.608898163816775,21,11,3.552713678800501e-15,3.552713678800501e-15,0.0
816096,820155,very_strong,0.5,distributed,19.592414857825563,20.224615611377317,16,16,0.0,3.552713678800501e-15,0.0
816096,820155,very_strong,0.65,distributed,24.274313122156606,24.96779580903306,11,21,1.7763568394002505e-15,1.7763568394002505e-15,0.0
816096,820155,very_strong,0.75,distributed,29.007029026706345,30.164314173594907,8,24,1.7763568394002505e-15,8.881784197001252e-16,0.0
816096,820155,very_strong,1.0,distributed,37.123647919161925,37.049375209887174,0,32,0.0,0.0,0.0
816097,820186,very_strong,0.0,front_loaded,0.0,0.0,32,0,0.0,0.0,0.0
816097,820186,very_strong,0.25,front_loaded,8.76561653066818,8.412379799254929,24,8,0.0,0.0,0.0
816097,820186,very_strong,0.35,front_loaded,12.467741536973321,11.908970157383045,21,11,3.552713678800501e-15,3.552713678800501e-15,0.0
816097,820186,very_strong,0.5,front_loaded,17.912826321368357,16.997368841980926,16,16,1.7763568394002505e-15,1.7763568394002505e-15,0.0
816097,820186,very_strong,0.65,front_loaded,22.27996849355519,21.444883835721974,11,21,1.7763568394002505e-15,0.0,0.0
816097,820186,very_strong,0.75,front_loaded,25.358165708905688,24.320523924131887,8,24,1.7763568394002505e-15,8.881784197001252e-16,0.0
816097,820186,very_strong,1.0,front_loaded,33.18509835647502,31.816288249753917,0,32,0.0,0.0,0.0
816098,820194,very_strong,0.0,front_loaded,0.0,0.0,32,0,7.105427357601002e-15,7.105427357601002e-15,0.0
816098,820194,very_strong,0.25,front_loaded,6.971839112359586,6.367233305879061,24,8,3.552713678800501e-15,7.105427357601002e-15,0.0
816098,820194,very_strong,0.35,front_loaded,10.941368496845332,11.21853318349877,21,11,3.552713678800501e-15,3.552713678800501e-15,0.0
816098,820194,very_strong,0.5,front_loaded,17.035450919452973,17.834250631059312,16,16,3.552713678800501e-15,3.552713678800501e-15,0.0
816098,820194,very_strong,0.65,front_loaded,23.511126602092613,24.622577322090926,11,21,0.0,1.7763568394002505e-15,0.0
816098,820194,very_strong,0.75,front_loaded,25.801067450121153,26.24663043031424,8,24,1.7763568394002505e-15,1.7763568394002505e-15,0.0
816098,820194,very_strong,1.0,front_loaded,36.62786577727854,38.05886624243663,0,32,0.0,0.0,0.0
816099,820202,very_strong,0.0,front_loaded,0.0,0.0,32,0,0.0,3.552713678800501e-15,0.0
816099,820202,very_strong,0.25,front_loaded,9.796207428912776,10.112307805688662,24,8,3.552713678800501e-15,0.0,0.0
816099,820202,very_strong,0.35,front_loaded,13.498332435217918,13.608898163816775,21,11,0.0,3.552713678800501e-15,0.0
816099,820202,very_strong,0.5,front_loaded,17.26382868315575,15.470050079018264,16,16,3.552713678800501e-15,3.552713678800501e-15,0.0
816099,820202,very_strong,0.65,front_loaded,24.77009526403999,23.958304776483608,11,21,0.0,0.0,0.0
816099,820202,very_strong,0.75,front_loaded,27.441629372100532,25.75496712817799,8,24,8.881784197001252e-16,8.881784197001252e-16,0.0
816099,820202,very_strong,1.0,front_loaded,34.03187522442812,31.949591190585984,0,32,0.0,0.0,0.0
816100,820209,very_strong,0.0,front_loaded,0.0,0.0,32,0,0.0,3.552713678800501e-15,0.0
816100,820209,very_strong,0.25,front_loaded,9.796207428912783,10.112307805688658,24,8,0.0,3.552713678800501e-15,0.0
816100,820209,very_strong,0.35,front_loaded,12.086148276941326,11.736360913911977,21,11,0.0,3.552713678800501e-15,0.0
816100,820209,very_strong,0.5,front_loaded,17.531233061336366,16.824759598509857,16,16,0.0,3.552713678800501e-15,0.0
816100,820209,very_strong,0.65,front_loaded,24.006908743976002,23.613086289541467,11,21,0.0,1.7763568394002505e-15,0.0
816100,820209,very_strong,0.75,front_loaded,26.945847230217147,26.764458160727447,8,24,0.0,8.881784197001252e-16,0.0
816100,820209,very_strong,1.0,front_loaded,32.88709544433213,31.43176346017278,0,32,0.0,0.0,0.0
816101,820240,very_strong,0.0,distributed,0.0,0.0,32,0,0.0,0.0,0.0
816101,820240,very_strong,0.25,distributed,8.450860438523968,8.116714595340234,24,8,3.552713678800501e-15,0.0,0.0
816101,820240,very_strong,0.35,distributed,12.080563883607546,11.765980775800791,21,11,3.552713678800501e-15,0.0,0.0
816101,820240,very_strong,0.5,distributed,16.901720877047943,16.233429190680468,16,16,0.0,0.0,0.0
816101,820240,very_strong,0.65,distributed,22.27438410022142,21.47450369761079,11,21,0.0,1.7763568394002505e-15,0.0
816101,820240,very_strong,0.75,distributed,26.45559377503808,25.89739597012199,8,24,0.0,0.0,0.0
816101,820240,very_strong,1.0,distributed,33.94828487653901,32.161506736696055,0,32,0.0,0.0,0.0
816102,820250,very_strong,0.0,distributed,0.0,0.0,32,0,7.105427357601002e-15,0.0,0.0
816102,820250,very_strong,0.25,distributed,9.147209790700177,8.584989042725994,24,8,3.552713678800501e-15,3.552713678800501e-15,0.0
816102,820250,very_strong,0.35,distributed,12.84933479700532,12.08157940085411,21,11,3.552713678800501e-15,3.552713678800501e-15,0.0
816102,820250,very_strong,0.5,distributed,16.61483104494316,13.942731316055601,16,16,1.7763568394002505e-15,1.7763568394002505e-15,0.0
816102,820250,very_strong,0.65,distributed,21.678322569306196,18.85852075718241,11,21,1.7763568394002505e-15,3.552713678800501e-15,0.0
816102,820250,very_strong,0.75,distributed,23.96826341733474,20.48257386540573,8,24,0.0,1.7763568394002505e-15,0.0
816102,820250,very_strong,1.0,distributed,32.352286687970924,28.72234442118959,0,32,0.0,0.0,0.0
816103,820257,very_strong,0.0,distributed,0.0,0.0,32,0,7.105427357601002e-15,0.0,0.0
816103,820257,very_strong,0.25,distributed,10.177800688944782,10.284917049159723,24,8,3.552713678800501e-15,3.552713678800501e-15,0.0
816103,820257,very_strong,0.35,distributed,11.818743898760726,10.381651394420377,21,11,0.0,7.105427357601002e-15,0.0
816103,820257,very_strong,0.5,distributed,15.851644524879163,13.597512829113462,16,16,3.552713678800501e-15,3.552713678800501e-15,0.0
816103,820257,very_strong,0.65,distributed,22.327320207518802,20.385839520145076,11,21,1.7763568394002505e-15,1.7763568394002505e-15,0.0
816103,820257,very_strong,0.75,distributed,26.678442852036547,25.40974864123585,8,24,1.7763568394002505e-15,8.881784197001252e-16,0.0
816103,820257,very_strong,1.0,distributed,35.17665500452412,32.46741892099919,0,32,0.0,0.0,0.0
816104,820271,very_strong,0.0,distributed,0.0,0.0,32,0,7.105427357601002e-15,0.0,0.0
816104,820271,very_strong,0.25,distributed,6.704434734178982,5.012523786387469,24,8,3.552713678800501e-15,0.0,0.0
816104,820271,very_strong,0.35,distributed,10.024966480452129,8.336504901044513,21,11,0.0,3.552713678800501e-15,0.0
816104,820271,very_strong,0.5,distributed,14.439460366602567,11.724975579208664,16,16,0.0,1.7763568394002505e-15,0.0
816104,820271,very_strong,0.65,distributed,20.533542789210205,18.340693026769205,11,21,1.7763568394002505e-15,1.7763568394002505e-15,0.0
816104,820271,very_strong,0.75,distributed,22.82348363723875,19.964746134992524,8,24,1.7763568394002505e-15,8.881784197001252e-16,0.0
816104,820271,very_strong,1.0,distributed,30.55850926966233,26.677197927813722,0,32,0.0,0.0,0.0
816105,820304,very_strong,0.0,front_loaded,0.0,0.0,32,0,7.105427357601002e-15,0.0,0.0
816105,820304,very_strong,0.25,front_loaded,9.147209790700174,8.584989042725997,24,8,0.0,0.0,0.0
816105,820304,very_strong,0.35,front_loaded,12.849334797005316,12.081579400854114,21,11,0.0,3.552713678800501e-15,0.0
816105,820304,very_strong,0.5,front_loaded,19.706603739676954,19.04251533535679,16,16,3.552713678800501e-15,0.0,0.0
816105,820304,very_strong,0.65,front_loaded,24.455339171895783,23.66263957256891,11,21,1.7763568394002505e-15,0.0,0.0
816105,820304,very_strong,0.75,front_loaded,27.15194312721428,26.365670417507754,8,24,1.7763568394002505e-15,0.0,0.0
816105,820304,very_strong,1.0,front_loaded,34.97887577478361,33.861434743129784,0,32,0.0,0.0,0.0
816106,820307,very_strong,0.0,front_loaded,0.0,0.0,32,0,0.0,7.105427357601002e-15,0.0
816106,820307,very_strong,0.25,front_loaded,7.353432372391584,6.53984254935013,24,8,0.0,3.552713678800501e-15,0.0
816106,820307,very_strong,0.35,front_loaded,10.673964118664724,9.863823664007178,21,11,3.552713678800501e-15,3.552713678800501e-15,0.0
816106,820307,very_strong,0.5,front_loaded,13.408869468357963,10.025047572774938,16,16,0.0,3.552713678800501e-15,0.0
816106,820307,very_strong,0.65,front_loaded,19.5029518909656,16.64076502033548,11,21,1.7763568394002505e-15,1.7763568394002505e-15,0.0
816106,820307,very_strong,0.75,front_loaded,23.472481275451347,21.49206489795519,8,24,0.0,1.7763568394002505e-15,0.0
816106,820307,very_strong,1.0,front_loaded,31.474911286055534,29.55922621026798,0,32,0.0,0.0,0.0
816107,820321,very_strong,0.0,front_loaded,0.0,0.0,32,0,7.105427357601002e-15,3.552713678800501e-15,0.0
816107,820321,very_strong,0.25,front_loaded,6.971839112359586,6.367233305879061,24,8,3.552713678800501e-15,3.552713678800501e-15,0.0
816107,820321,very_strong,0.35,front_loaded,9.261779960388132,7.99128641410238,21,11,0.0,3.552713678800501e-15,0.0
816107,820321,very_strong,0.5,front_loaded,15.088458004815166,13.252294342171329,16,16,3.552713678800501e-15,1.7763568394002505e-15,0.0
816107,820321,very_strong,0.65,front_loaded,20.915136049242204,18.513302270240278,11,21,0.0,3.552713678800501e-15,0.0
816107,820321,very_strong,0.75,front_loaded,23.85407453548335,21.664674141426257,8,24,8.881784197001252e-16,1.7763568394002505e-15,0.0
816107,820321,very_strong,1.0,front_loaded,30.55850926966233,26.677197927813726,0,32,0.0,0.0,0.0
816108,820337,very_strong,0.0,front_loaded,0.0,0.0,32,0,0.0,7.105427357601002e-15,0.0
816108,820337,very_strong,0.25,front_loaded,8.002430010604183,8.067161312312791,24,8,3.552713678800501e-15,3.552713678800501e-15,0.0
816108,820337,very_strong,0.35,front_loaded,10.559775236813334,11.045923940027702,21,11,0.0,3.552713678800501e-15,0.0
816108,820337,very_strong,0.5,front_loaded,13.562084964687173,12.561857368287054,16,16,0.0,3.552713678800501e-15,0.0
816108,820337,very_strong,0.65,front_loaded,17.594985590805614,15.777718802980136,11,21,0.0,3.552713678800501e-15,0.0
816108,820337,very_strong,0.75,front_loaded,20.915517337078754,19.101699917637184,8,24,1.7763568394002505e-15,1.7763568394002505e-15,0.0
816108,820337,very_strong,1.0,front_loaded,30.711724765991537,29.214007723325842,0,32,0.0,0.0,0.0
816109,820347,very_strong,0.0,distributed,0.0,0.0,32,0,7.105427357601002e-15,0.0,0.0
816109,820347,very_strong,0.25,distributed,8.353369030044448,7.363021924428217,24,8,3.552713678800501e-15,0.0,0.0
816109,820347,very_strong,0.35,distributed,10.473396908371907,8.386058184071956,21,11,0.0,3.552713678800501e-15,0.0
816109,820347,very_strong,0.5,distributed,15.2945539018123,12.853506598951636,16,16,0.0,0.0,0.0
816109,820347,very_strong,0.65,distributed,21.146301793497294,19.020883020265043,11,21,1.7763568394002505e-15,1.7763568394002505e-15,0.0
816109,820347,very_strong,0.75,distributed,24.22449900884779,21.896523108674955,8,24,0.0,1.7763568394002505e-15,0.0
816109,820347,very_strong,1.0,distributed,32.91769397829441,30.461578730262325,0,32,0.0,0.0,0.0
816110,820356,very_strong,0.0,distributed,0.0,0.0,32,0,3.552713678800501e-15,7.105427357601002e-15,0.0
816110,820356,very_strong,0.25,distributed,6.971839112359586,6.367233305879061,24,8,3.552713678800501e-15,3.552713678800501e-15,0.0
816110,820356,very_strong,0.35,distributed,9.643373220420127,8.163895657573448,21,11,3.552713678800501e-15,3.552713678800501e-15,0.0
816110,820356,very_strong,0.5,distributed,14.706864744783168,13.07968509870026,16,16,1.7763568394002505e-15,3.552713678800501e-15,0.0
816110,820356,very_strong,0.65,distributed,19.38876300911421,17.822865296356007,11,21,0.0,1.7763568394002505e-15,0.0
816110,820356,very_strong,0.75,distributed,21.678703857142754,19.44691840457932,8,24,0.0,1.7763568394002505e-15,0.0
816110,820356,very_strong,1.0,distributed,29.68113386774694,27.514079716892113,0,32,0.0,0.0,0.0
816111,820377,very_strong,0.0,distributed,0.0,0.0,32,0,3.552713678800501e-15,3.552713678800501e-15,0.0
816111,820377,very_strong,0.25,distributed,8.765616530668183,8.412379799254929,24,8,0.0,3.552713678800501e-15,0.0
816111,820377,very_strong,0.35,distributed,10.406559740484123,8.509114144515586,21,11,0.0,3.552713678800501e-15,0.0
816111,820377,very_strong,0.5,distributed,15.85164452487916,13.597512829113466,16,16,1.7763568394002505e-15,1.7763568394002505e-15,0.0
816111,820377,very_strong,0.65,distributed,20.9151360492422,18.51330227024028,11,21,1.7763568394002505e-15,0.0,0.0
816111,820377,very_strong,0.75,distributed,24.617261055547342,22.009892628368394,8,24,8.881784197001252e-16,8.881784197001252e-16,0.0
816111,820377,very_strong,1.0,distributed,31.589100167906928,28.377125934247456,0,32,0.0,0.0,0.0
816112,820378,very_strong,0.0,distributed,0.0,0.0,32,0,7.105427357601002e-15,7.105427357601002e-15,0.0
816112,820378,very_strong,0.25,distributed,8.384023270636188,8.23977055578386,24,8,3.552713678800501e-15,3.552713678800501e-15,0.0
816112,820378,very_strong,0.35,distributed,12.08614827694133,11.736360913911977,21,11,0.0,3.552713678800501e-15,0.0
816112,820378,very_strong,0.5,distributed,17.912826321368364,16.997368841980926,16,16,3.552713678800501e-15,3.552713678800501e-15,0.0
816112,820378,very_strong,0.65,distributed,22.327320207518802,20.385839520145076,11,21,0.0,3.552713678800501e-15,0.0
816112,820378,very_strong,0.75,distributed,27.060036112068545,25.582357884706923,8,24,0.0,1.7763568394002505e-15,0.0
816112,820378,very_strong,1.0,distributed,36.856243540981325,35.69466569039558,0,32,0.0,0.0,0.0
816113,820384,very_strong,0.0,front_loaded,0.0,0.0,32,0,0.0,0.0,0.0
816113,820384,very_strong,0.25,front_loaded,7.353432372391584,6.53984254935013,24,8,0.0,0.0,0.0
816113,820384,very_strong,0.35,front_loaded,11.704555016909328,11.563751670440908,21,11,3.552713678800501e-15,3.552713678800501e-15,0.0
816113,820384,very_strong,0.5,front_loaded,18.180230699548968,18.35207836147252,16,16,5.329070518200751e-15,1.7763568394002505e-15,0.0
816113,820384,very_strong,0.65,front_loaded,23.310559391799796,23.144811842155704,11,21,3.552713678800501e-15,0.0,0.0
816113,820384,very_strong,0.75,front_loaded,26.007163347118293,25.84784268709455,8,24,8.881784197001252e-16,1.7763568394002505e-15,0.0
816113,820384,very_strong,1.0,front_loaded,32.68931621459163,32.82577928230337,0,32,0.0,0.0,0.0
816114,820385,very_strong,0.0,front_loaded,0.0,0.0,32,0,7.105427357601002e-15,7.105427357601002e-15,0.0
816114,820385,very_strong,0.25,front_loaded,7.086027994210983,5.185133029858541,24,8,3.552713678800501e-15,3.552713678800501e-15,0.0
816114,820385,very_strong,0.35,front_loaded,11.437150638728724,10.209042150949315,21,11,7.105427357601002e-15,7.105427357601002e-15,0.0
816114,820385,very_strong,0.5,front_loaded,16.500642163091765,15.12483159207613,16,16,3.552713678800501e-15,1.7763568394002505e-15,0.0
816114,820385,very_strong,0.65,front_loaded,21.182540427422808,19.868011789731874,11,21,1.7763568394002505e-15,1.7763568394002505e-15,0.0
816114,820385,very_strong,0.75,front_loaded,23.85407453548335,21.66467414142626,8,24,1.7763568394002505e-15,1.7763568394002505e-15,0.0
816114,820385,very_strong,1.0,front_loaded,33.38287758621553,30.422272427623327,0,32,0.0,0.0,0.0
816115,820386,very_strong,0.0,front_loaded,0.0,0.0,32,0,7.105427357601002e-15,3.552713678800501e-15,0.0
816115,820386,very_strong,0.25,front_loaded,9.528803050732172,8.757598286197066,24,8,7.105427357601002e-15,3.552713678800501e-15,0.0
816115,820386,very_strong,0.35,front_loaded,13.230928057037318,12.254188644325179,21,11,3.552713678800501e-15,5.329070518200751e-15,0.0
816115,820386,very_strong,0.5,front_loaded,15.965833406730553,12.41541255309294,16,16,3.552713678800501e-15,3.552713678800501e-15,0.0
816115,820386,very_strong,0.65,front_loaded,19.73132965466839,14.276564468294431,11,21,1.7763568394002505e-15,3.552713678800501e-15,0.0
816115,820386,very_strong,0.75,front_loaded,23.43345466097353,17.773154826422548,8,24,0.0,1.7763568394002505e-15,0.0
816115,820386,very_strong,1.0,front_loaded,33.99284860995031,28.230681119053344,0,32,0.0,0.0,0.0
816116,820401,very_strong,0.0,front_loaded,0.0,0.0,32,0,7.105427357601002e-15,0.0,0.0
816116,820401,very_strong,0.25,front_loaded,8.651427648816789,9.594480075275449,24,8,3.552713678800501e-15,3.552713678800501e-15,0.0
816116,820401,very_strong,0.35,front_loaded,11.971959395089932,12.918461189932497,21,11,3.552713678800501e-15,3.552713678800501e-15,0.0
816116,820401,very_strong,0.5,front_loaded,18.066041817697574,19.53417863749304,16,16,0.0,1.7763568394002505e-15,0.0
816116,820401,very_strong,0.65,front_loaded,23.12953334206061,24.44996807861985,11,21,3.552713678800501e-15,1.7763568394002505e-15,0.0
816116,820401,very_strong,0.75,front_loaded,27.862249246610354,29.646486443181697,8,24,1.7763568394002505e-15,1.7763568394002505e-15,0.0
816116,820401,very_strong,1.0,front_loaded,34.948277240821334,34.831619473040234,0,32,0.0,0.0,0.0
816117,820411,very_strong,0.0,distributed,0.0,0.0,32,0,0.0,0.0,0.0
816117,820411,very_strong,0.25,distributed,6.826995989916462,6.672584950543943,24,8,3.552713678800501e-15,0.0,0.0
816117,820411,very_strong,0.35,distributed,9.498530097977003,8.469247302238326,21,11,3.552713678800501e-15,3.552713678800501e-15,0.0
816117,820411,very_strong,0.5,distributed,14.392108652638957,12.784019894785565,16,16,0.0,0.0,0.0
816117,820411,very_strong,0.65,distributed,20.073943574622866,18.350379467519396,11,21,1.7763568394002505e-15,0.0,0.0
816117,820411,very_strong,0.75,distributed,22.842969091162928,20.9007344901258,8,24,8.881784197001252e-16,0.0,0.0
816117,820411,very_strong,1.0,distributed,30.74232329995382,28.24382299341539,0,32,0.0,0.0,0.0
816118,820416,very_strong,0.0,distributed,0.0,0.0,32,0,3.552713678800501e-15,3.552713678800501e-15,0.0
816118,820416,very_strong,0.25,distributed,5.673843835934381,3.312595779953739,24,8,0.0,3.552713678800501e-15,0.0
816118,820416,very_strong,0.35,distributed,8.994375582207525,6.636576894610787,21,11,0.0,3.552713678800501e-15,0.0
816118,820416,very_strong,0.5,distributed,14.057867106570566,11.552366335737599,16,16,0.0,3.552713678800501e-15,0.0
816118,820416,very_strong,0.65,distributed,20.151949529178204,18.16808378329814,11,21,0.0,3.552713678800501e-15,0.0
816118,820416,very_strong,0.75,distributed,24.884665433727946,23.364602147859987,8,24,0.0,8.881784197001252e-16,0.0
816118,820416,very_strong,1.0,distributed,31.474911286055534,29.55922621026798,0,32,0.0,0.0,0.0
816119,820417,very_strong,0.0,distributed,0.0,0.0,32,0,7.105427357601002e-15,3.552713678800501e-15,0.0
816119,820417,very_strong,0.25,distributed,6.322841474146987,4.8399145429164,24,8,0.0,3.552713678800501e-15,0.0
816119,820417,very_strong,0.35,distributed,10.024966480452125,8.336504901044517,21,11,3.552713678800501e-15,3.552713678800501e-15,0.0
816119,820417,very_strong,0.5,distributed,13.027276208325969,9.852438329303869,16,16,0.0,3.552713678800501e-15,0.0
816119,820417,very_strong,0.65,distributed,17.441770094476404,13.240909007468023,11,21,1.7763568394002505e-15,0.0,0.0
816119,820417,very_strong,0.75,distributed,22.174485999026146,18.437427372029866,8,24,0.0,1.7763568394002505e-15,0.0
816119,820417,very_strong,1.0,distributed,32.73387994800292,28.89495366466066,0,32,0.0,0.0,0.0
816120,820418,very_strong,0.0,distributed,0.0,0.0,32,0,0.0,7.105427357601002e-15,0.0
816120,820418,very_strong,0.25,distributed,6.971839112359586,6.367233305879061,24,8,3.552713678800501e-15,3.552713678800501e-15,0.0
816120,820418,very_strong,0.35,distributed,9.643373220420127,8.163895657573448,21,11,3.552713678800501e-15,3.552713678800501e-15,0.0
816120,820418,very_strong,0.5,distributed,16.768046541272366,16.47954111156772,16,16,3.552713678800501e-15,3.552713678800501e-15,0.0
816120,820418,very_strong,0.65,distributed,22.594724585699403,21.74054903963667,11,21,1.7763568394002505e-15,3.552713678800501e-15,0.0
816120,820418,very_strong,0.75,distributed,24.884665433727946,23.364602147859987,8,24,1.7763568394002505e-15,1.7763568394002505e-15,0.0
816120,820418,very_strong,1.0,distributed,33.26868870436413,31.604372703643847,0,32,0.0,0.0,0.0
