bank_seed,maintenance_seed,stratum,q0_P,A_delta_L_PT,A_delta_L_PD,B_delta_L_PT,B_delta_L_PD,M_PT,M_PD,A_root_revision_abs,B_root_revision_abs,A_transfer_abs,B_transfer_abs,root_revision_difference,transfer_difference,B_delivered,B_censored,B_avoidance,dose_M_PT,dose_M_PD,external_danger_selected,identity_danger_selected,external_danger_delta_L_PD
760002,762000,moderate,0.7471106932193267,-37.237836801013316,-35.86727493386665,-30.864177686647636,-30.574022224044146,6.37365911436568,5.293252709822507,0.5,0.5,0.439579308864563,0.439579308864563,0.0,0.0,26,6,10,"[0.0, 13.879925695249916, 20.902582447828202, 30.59677330846703, 37.237836801013316]","[0.0, 13.781507407287847, 20.60207888007301, 29.219312704552557, 35.86727493386665]",D,P,-27.586226590994592
760112,762001,moderate,0.6069128444093572,-35.02343950819491,-29.930609125487074,-27.55581825395193,-24.572866852157468,7.467621254242982,5.357742273329606,0.7533499402936719,0.7533453598600349,0.20499318103229164,0.2049919346557918,4.580433636935943e-06,1.246376499841606e-06,24,8,11,"[0.0, 13.230928057037321, 23.243340936075448, 29.133390222135183, 35.02343950819491]","[0.0, 12.254188644325179, 22.679470155202424, 26.30503964034475, 29.930609125487074]",D,P,-29.017238414981282
760138,762002,moderate,0.7171742358882623,-38.00102332107732,-36.212493420808784,-26.24565066394929,-24.19540358346178,11.755372657128028,12.017089837347005,0.4999999935146887,0.4999986973590796,0.1431767319236688,0.14317636076501572,1.2961556091206639e-06,3.71158653089676e-07,23,9,14,"[0.0, 9.147209790700181, 16.716847613217116, 28.917184772009833, 38.00102332107732]","[0.0, 8.584989042725994, 15.43780529726471, 25.992065935156162, 36.212493420808784]",D,P,-34.11423007168571
760154,762003,moderate,0.6467356543173086,-31.81747793160972,-26.01292538220641,-19.935362791216303,-17.26671243071265,11.882115140393417,8.74621295149376,0.5,0.49999999999992173,0.33038348082595836,0.33038348082590663,7.827072323607354e-14,5.1736392947532295e-14,19,13,17,"[0.0, 8.384023270636185, 16.882235423123767, 23.802875607428096, 31.81747793160972]","[0.0, 8.239770555783863, 15.297440835547198, 20.62293832712325, 26.01292538220641]",D,P,-20.744385094473788
760160,762004,moderate,0.6100084766758194,-40.32960949574712,-40.967058953167836,-25.800686162284595,-25.658232782917334,14.528923333462526,15.308826170250502,0.4999999825679096,0.49999190191973225,0.13605441702528148,0.1360522182094509,8.080648177366534e-06,2.198815830578571e-06,21,11,17,"[0.0, 8.702245289035488, 18.66384052785492, 28.1926435785871, 40.32960949574712]","[0.0, 10.047818242181553, 20.019761586152693, 28.77735987234976, 40.967058953167836]",D,P,-33.45889629973178
760188,762005,moderate,0.7439361484865382,-37.123647919161925,-37.049375209887174,-22.912946604098707,-23.548596726034365,14.210701315063218,13.500778483852809,0.4959440536066897,0.4959440536066897,0.4504733046320507,0.4504733046320507,0.0,0.0,19,13,16,"[0.0, 7.290061130758886, 15.572067833121114, 22.9763178457314, 37.123647919161925]","[0.0, 8.175280992276754, 14.919977566851507, 21.913158283107737, 37.049375209887174]",D,P,-24.964832005585848
760195,762006,moderate,0.6114392890611354,-35.93984152458812,-32.812637407941324,-27.72120606385858,-24.432502390439954,8.218635460729537,8.38013501750137,0.5476790569546242,0.5476790569546242,0.4913915484887701,0.4913915484887701,0.0,0.0,25,7,12,"[0.0, 10.343188498851429, 15.139275645033866, 24.833466505672696, 35.93984152458812]","[0.0, 10.144552587442206, 13.705632509077425, 22.322866333556977, 32.812637407941324]",D,P,-30.439873151177697
760218,762007,moderate,0.6669365255162439,-41.741793654023716,-42.83959620307264,-23.129152054224054,-23.86157043122295,18.612641599799662,18.978025771849687,0.576725757004105,0.5767257570035829,0.3810813261620041,0.38108132616165913,5.221378884812111e-13,3.4494629375103614e-13,18,14,18,"[0.0, 13.116739175185927, 28.027255768680448, 35.91511560959668, 41.741793654023716]","[0.0, 13.436288920345707, 28.91772433406728, 37.57858827500369, 42.83959620307264]",D,P,-20.685638884529258
760232,762008,moderate,0.6164326568952979,-36.856243540981325,-35.69466569039558,-26.4496838004972,-27.185551545879996,10.406559740484123,8.509114144515586,0.7533499935369898,0.7533499935369898,0.5687150672048571,0.5687150672048571,0.0,0.0,21,11,14,"[0.0, 2.1245530381218956, 10.992186137064031, 24.93548307394665, 36.856243540981325]","[0.0, 1.7644175699408322, 11.67187135040487, 23.81794031476609, 35.69466569039558]",D,P,-21.73023311900905
760257,762009,moderate,0.7140868429843098,-30.40529377333312,-24.140388132301613,-23.968263417334743,-20.482573865405737,6.4370303559983775,3.657814266895876,0.634685190693322,0.634685190693322,0.5344717395312184,0.5344717395312184,0.0,0.0,24,8,13,"[0.0, 7.569637822516935, 12.531112778606019, 21.741693810938894, 30.40529377333312]","[0.0, 6.852816254538716, 10.273531714456421, 17.223082314255795, 24.140388132301613]",D,P,-29.532529370518183
760264,762010,moderate,0.7101196745916916,-38.42164319558713,-40.104012735812496,-25.139516210494556,-26.808088277184307,13.282126985092575,13.295924458628189,0.7533499935369898,0.7533499935369898,0.5687150672048571,0.5687150672048571,0.0,0.0,20,12,15,"[0.0, 9.898223997186733, 23.778149692436656, 30.96619425492159, 38.42164319558713]","[0.0, 11.607381786897765, 25.38888919418561, 32.06909620525326, 40.104012735812496]",D,P,-18.487206634219778
760266,762011,moderate,0.7299399123975274,-33.49706646806692,-29.2401721516028,-15.584240146698559,-12.242803309621873,17.91282632136836,16.997368841980926,0.5671623184376432,0.47382725778456186,0.04377519100338756,0.03657132718067024,0.09333506065308134,0.007203863822717316,16,16,17,"[0.0, 8.98182198079353, 18.192403013126405, 25.113043197430734, 33.49706646806692]","[0.0, 8.725353504443515, 15.674904104242884, 21.00040159581894, 29.2401721516028]",D,P,-17.45103999795246
760298,762012,moderate,0.7169212355439819,-34.79506174449212,-32.29480967752812,-20.749748239335553,-18.653666731957795,14.045313505156571,13.641142945570326,0.5767257481676447,0.5767153625961172,0.16514741781981723,0.16514444387539767,1.0385571527438131e-05,2.973944419559782e-06,20,12,18,"[0.0, 5.928694612700994, 13.498332435217925, 21.398745877548155, 34.79506174449212]","[0.0, 6.756081909278059, 13.608898163816775, 20.180985494920456, 32.29480967752812]",D,P,-26.802010465839853
760336,762013,moderate,0.6069128444093571,-36.207245902768726,-34.16734692743292,-22.059915829338195,-19.031130000653484,14.147330073430531,15.136216926779433,0.7533499402936719,0.7533252597560555,0.20499318103229164,0.2049864652397429,2.4680537616394993e-05,6.71579254873933e-06,21,11,16,"[0.0, 11.653356088854078, 21.449563517766858, 25.317076333978648, 36.207245902768726]","[0.0, 10.522015856137898, 20.634323661826556, 23.990549558237156, 34.16734692743292]",D,P,-36.65154467519599
760385,762014,moderate,0.7475771867751676,-37.23783680101332,-35.867274933866646,-20.686376997702858,-20.28910517488442,16.551459803310465,15.578169758982227,0.9857188096002949,0.9857184435510958,0.4779242713213545,0.477924093842955,3.6604919906313427e-07,1.7747839953230482e-07,18,14,20,"[0.0, 13.332944625311278, 24.0577263841947, 29.50281116858974, 37.23783680101332]","[0.0, 13.749262625534286, 24.066424456447567, 29.154823141045448, 35.867274933866646]",D,P,-20.54838843070898
760480,762015,moderate,0.7218733201362265,-38.65002095928992,-37.73981218377145,-26.996664870435847,-27.217796327633547,11.653356088854071,10.522015856137902,0.5,0.5,0.37745740498034064,0.37745740498034064,0.0,0.0,22,10,12,"[0.0, 13.498332435217925, 21.067970257734856, 27.92523920040649, 38.65002095928992]","[0.0, 13.608898163816775, 20.46171441835549, 27.42265035285817, 37.73981218377145]",D,P,-18.38912331608612
760490,762016,moderate,0.6755376416807471,-39.83382735386373,-41.97654998571729,-26.717088178677802,-28.54026106537159,13.11673917518593,13.436288920345703,0.5,0.4999999999999967,0.33038348082595836,0.3303834808259562,3.2751579226442118e-15,2.1649348980190553e-15,21,11,14,"[0.0, 7.671654390790891, 21.818984464221415, 30.419213184982947, 39.83382735386373]","[0.0, 8.347890235747819, 23.484107162527255, 32.0368514234997, 41.97654998571729]",D,P,-31.845840637793273
760537,762017,moderate,0.6906833159844378,-37.88683443922592,-37.394593696829304,-28.472220270345137,-27.45489513461172,9.414614168880785,9.939698562217583,0.49999999999999817,0.4999999999907517,0.24242424242424115,0.24242424241975802,9.246492460590616e-12,4.483136084587613e-12,24,8,13,"[0.0, 9.796207428912783, 18.561823959580963, 29.28660571846439, 37.88683443922592]","[0.0, 10.112307805688651, 18.52468760494358, 28.841849435856858, 37.394593696829304]",D,P,-45.04467379101851
760546,762018,moderate,0.6214056797616582,-34.14606410627952,-30.767490914565464,-23.31926577912214,-18.955255102443076,10.826798327157377,11.812235812122388,0.5767257570041049,0.5767257570041049,0.3810813261620041,0.3810813261620041,0.0,0.0,24,8,11,"[0.0, 6.539046924272331, 14.108684746789262, 27.123407353701232, 34.14606410627952]","[0.0, 5.152888248104986, 12.005704502643702, 23.9469194417803, 30.767490914565464]",D,P,-32.01667350210665
760578,762019,moderate,0.7299399123975273,-35.44405938270472,-33.822128440490786,-21.33537463591546,-21.81642393784708,14.108684746789262,12.005704502643706,0.5767257570041049,0.5767257570041049,0.5070334193365127,0.5070334193365127,0.0,0.0,18,14,16,"[0.0, 6.157453664240329, 18.625195201213657, 27.937792801820486, 35.44405938270472]","[0.0, 4.980279004633921, 16.889249162016966, 25.333873743025446, 33.822128440490786]",D,P,-29.014446052384525
760600,762020,moderate,0.7343102217800038,-41.741793654023716,-42.83959620307264,-20.737194637921554,-20.742443341790523,21.004599016102162,22.097152861282115,0.7533499935369898,0.7533499935369259,0.5687150672048571,0.5687150672048088,6.394884621840902e-14,4.829470157119431e-14,16,16,18,"[0.0, 11.755372657128028, 22.963764244317403, 38.03966864771858, 41.741793654023716]","[0.0, 12.017089837347012, 24.001934892940465, 39.34300584494452, 42.83959620307264]",D,P,-34.43074098803185
760643,762021,moderate,0.6978610376776947,-40.71120275577912,-41.13966819663891,-21.83115677779885,-20.80693290529763,18.88004597798027,20.33273529134128,0.5000000000000001,0.4999999999999998,0.3789084181313601,0.3789084181313599,3.3306690738754696e-16,2.220446049250313e-16,18,14,19,"[0.0, 8.600228720761535, 21.06797025773486, 31.245770946679635, 40.71120275577912]","[0.0, 8.552744260972446, 20.461714418355488, 30.746631467515215, 41.13966819663891]",D,P,-36.13903709508505
760696,762022,moderate,0.7199241849963001,-37.88683443922592,-37.39459369682931,-29.833586788403036,-28.874094217610416,8.053247650822886,8.520499479218895,0.7533499935369898,0.7533499935369898,0.5687150672048571,0.5687150672048571,0.0,0.0,26,6,9,"[0.0, 10.890169568790075, 24.388502004007997, 32.339733086556926, 37.88683443922592]","[0.0, 10.176797369195764, 23.785695533012536, 30.81112103102232, 37.39459369682931]",D,P,-28.501938472273583
760760,762023,moderate,0.7242848580601005,-37.77264555737453,-38.57669397284983,-18.727211769487614,-18.38432314322607,19.045433787886918,20.192370829623762,0.5,0.49999999999999706,0.37745740498034064,0.3774574049803384,2.942091015256665e-15,2.220446049250313e-15,17,15,16,"[0.0, 9.630819619006132, 19.97400811785756, 27.8110503185551, 37.77264555737453]","[0.0, 10.252672267406172, 20.397224854848382, 28.60475062887869, 38.57669397284983]",D,P,-18.487206634219778
760768,762024,moderate,0.6069128444093572,-36.588839162800724,-34.33995617090399,-22.925118917676144,-20.87142246880473,13.66372024512458,13.468533702099258,0.7533499935369898,0.7533499935369898,0.5687150672048571,0.5687150672048571,0.0,0.0,20,12,13,"[0.0, 8.116618892455588, 18.841400651339015, 30.76216111837369, 36.588839162800724]","[0.0, 6.885061036292267, 17.202222867205545, 29.07894824283504, 34.33995617090399]",D,P,-20.016301776340125
760769,762025,moderate,0.6870858129925913,-34.909250626343514,-31.1127094015076,-25.762040835643337,-22.5277203587816,9.147209790700177,8.584989042726,0.6346851906933186,0.634685190677254,0.3077261530634268,0.30772615305563794,1.6064594099418628e-11,7.788880651560248e-12,24,8,11,"[0.0, 4.414493886150439, 14.973887835127215, 23.80287560742809, 34.909250626343514]","[0.0, 3.388470678164154, 13.84599697079495, 20.62293832712325, 31.1127094015076]",D,P,-22.56482735348884
760773,762026,moderate,0.7064444514650948,-38.00102332107731,-36.21249342080879,-26.182279422316597,-25.830842026388403,11.818743898760715,10.381651394420388,0.8529246308458938,0.8529240863290163,0.31325021302821177,0.31325001304567907,5.445168774764753e-07,1.9998253270037125e-07,21,11,14,"[0.0, 6.539046924272331, 16.004478733371812, 26.627243923981283, 38.00102332107731]","[0.0, 5.15288824810499, 15.545924977228683, 24.36801282693285, 36.21249342080879]",D,P,-29.179703178675187
760784,762027,moderate,0.7242848580601005,-34.146064106279525,-30.76749091456546,-19.388381721277653,-17.234467648959097,14.757682385001871,13.533023265606364,0.5,0.4999999999999996,0.37745740498034064,0.3774574049803403,3.885780586188048e-16,3.3306690738754696e-16,18,14,16,"[0.0, 8.765616530668183, 20.965953689460903, 26.029445213823944, 34.146064106279525]","[0.0, 8.412379799254929, 18.96664043714638, 23.882429878273193, 30.76749091456546]",D,P,-35.44453618744449
760888,762028,moderate,0.7242848580601003,-33.87865972809891,-29.412781395073868,-17.543405374913803,-14.147585341280225,16.335254353185107,15.265196053793643,0.5,0.49999999999999706,0.37745740498034064,0.3774574049803384,2.942091015256665e-15,2.220446049250313e-15,17,15,18,"[0.0, 10.241171930577469, 14.006668178515305, 23.319265779122134, 33.87865972809891]","[0.0, 8.6494786062331, 10.510630521434592, 18.955255102443072, 29.412781395073868]",D,P,-22.769192117873125
760953,762029,moderate,0.6934107736278707,-39.566422975683125,-40.621840466225706,-19.427027047918912,-20.36498007309483,20.139395927764213,20.256860393130875,0.6346851906933186,0.634684970053646,0.3077261530634268,0.3077260460866158,2.206396726434079e-07,1.0697681102067591e-07,15,17,19,"[0.0, 5.712489162575643, 18.116859457916274, 28.841641216799697, 39.566422975683125]","[0.0, 6.4431082040894765, 19.98751680439915, 30.304678635312428, 40.621840466225706]",D,P,-17.63587619850103
760995,762030,moderate,0.7354421319492586,-36.970432422832715,-34.512565414375054,-24.77009526404,-23.958304776483608,12.200337158792717,10.554260637891446,0.5476790569546243,0.5476790569546243,0.49139154848877,0.49139154848877,0.0,0.0,21,11,15,"[0.0, 11.208391587189379, 25.53328178410399, 28.688425720470484, 36.970432422832715]","[0.0, 11.984845055593453, 24.30352326342574, 27.767868839800304, 34.512565414375054]",D,P,-28.64482416170958
761000,762031,moderate,0.6564481890557478,-34.79506174449212,-32.29480967752812,-22.9763178457314,-21.91315828310774,11.818743898760722,10.38165139442038,0.7533499935369898,0.7533499935369898,0.5687150672048571,0.5687150672048571,0.0,0.0,21,11,14,"[0.0, 2.9389384862411454, 11.157573946970682, 28.358031388493746, 34.79506174449212]","[0.0, 3.1513718711859795, 11.531506888687353, 28.636995410632245, 32.29480967752812]",D,P,-27.00364236522038
761114,762032,moderate,0.7015772873701569,-37.88683443922592,-37.39459369682931,-30.317196616708987,-30.541777442290595,7.569637822516935,6.852816254538716,0.9134665530588149,0.9134665530588149,0.8030819921289769,0.8030819921289769,0.0,0.0,25,7,11,"[0.0, 15.241292213307819, 23.459927674037353, 27.709033750281144, 37.88683443922592]","[0.0, 15.200706490286539, 23.580841507787916, 27.109676647669584, 37.39459369682931]",D,P,-19.475847021351797
761176,762033,moderate,0.7242848580601005,-34.146064106279525,-30.76749091456546,-24.451873245640694,-22.150257090085912,9.69419086063883,8.617233824479548,0.5,0.5,0.37745740498034064,0.37745740498034064,0.0,0.0,23,9,13,"[0.0, 7.022656752578289, 16.067849975004513, 30.278551290067732, 34.146064106279525]","[0.0, 6.820571472785161, 13.910486534302049, 27.41126501815486, 30.76749091456546]",D,P,-14.952892530128798
761216,762034,moderate,0.6069128444093572,-34.90925062634352,-31.112709401507598,-23.255894537489443,-20.590693545369696,11.653356088854078,10.522015856137902,0.7533499935369898,0.7533499935369898,0.5687150672048571,0.5687150672048571,0.0,0.0,22,10,13,"[0.0, 8.05324765082289, 16.716847613217116, 25.215059765704694, 34.90925062634352]","[0.0, 8.520499479218895, 15.437805297264712, 22.49547557702805, 31.112709401507598]",D,P,-25.880543886864835
761304,762035,moderate,0.7340104068660231,-40.32960949574712,-40.96705895316784,-30.635418635108294,-32.34982512868829,9.694190860638827,8.617233824479555,0.5,0.5,0.37745740498034064,0.37745740498034064,0.0,0.0,23,9,12,"[0.0, 11.106375018915426, 18.231048339767664, 35.97848685122938, 40.32960949574712]","[0.0, 10.489771074384354, 18.805416528378625, 35.94314983207707, 40.96705895316784]",D,P,-25.712673357650726
761323,762036,moderate,0.6642951540038077,-36.856243540981325,-35.69466569039558,-22.810930035824754,-22.053522744825255,14.045313505156571,13.641142945570326,0.5476790569546243,0.5476790569546243,0.49139154848877,0.49139154848877,0.0,0.0,20,12,16,"[0.0, 8.867633098942136, 18.396436149674315, 21.233358067641507, 36.856243540981325]","[0.0, 9.907453780464035, 18.6650520666611, 20.321349956637974, 35.69466569039558]",D,P,-31.918590183972995
761338,762037,moderate,0.6174208811530594,-39.56642297568312,-40.6218404662257,-27.0986814387098,-28.712870308842657,12.467741536973318,11.908970157383042,0.49324497788410293,0.49324497788409977,0.32591998538654554,0.32591998538654343,3.164135620181696e-15,2.1094237467877974e-15,21,11,15,"[0.0, 11.437150638728717, 19.108805029519605, 28.192643578587088, 39.56642297568312]","[0.0, 10.209042150949312, 18.556932386697138, 28.77735987234976, 40.6218404662257]",D,P,-27.227645701455568
761350,762038,moderate,0.7465326663457764,-38.26842769925792,-37.567202940300376,-21.83115677779885,-20.80693290529763,16.43727092145907,16.760270035002748,0.9592494219154883,0.9592462159941416,0.39610733626281175,0.3961060124267626,3.2059213467272585e-06,1.323836049171856e-06,18,14,17,"[0.0, 12.569758105247278, 20.78839356597681, 31.894768584892237, 38.26842769925792]","[0.0, 13.404044138592148, 21.784179156093526, 32.27395023047787, 37.567202940300376]",D,P,-32.674680174577034
761424,762039,moderate,0.6411452200782941,-38.53583207743852,-38.921912459791976,-26.89464830216189,-25.72272234642444,11.64118377527663,13.199190113367536,0.4999999825679096,0.4999973486394812,0.13605441702528148,0.1360537003100628,2.633928428419363e-06,7.167152186737802e-07,23,9,14,"[0.0, 13.498332435217918, 26.7170881786778, 36.34790779768393, 38.53583207743852]","[0.0, 13.608898163816779, 28.540261065371595, 38.792933332777764, 38.921912459791976]",D,P,-32.750392055856025
760024,762040,strong,0.7926706274804998,-38.15423881740652,-38.749303216320904,-20.5843604294289,-18.794031193675313,17.56987838797762,19.95527202264559,0.7533499935369898,0.7533499935369896,0.5687150672048571,0.568715067204857,2.220446049250313e-16,1.1102230246251565e-16,19,13,18,"[0.0, 7.837042200697532, 21.335374635915457, 29.00702902670634, 38.15423881740652]","[0.0, 8.207525774030309, 21.81642393784708, 30.164314173594907, 38.749303216320904]",D,P,-35.9122413962531
760041,762041,strong,0.8875160202436835,-34.14606410627952,-30.76749091456546,-19.388381721277653,-17.234467648959097,14.757682385001864,13.533023265606364,0.49999999999999806,0.4999999946966396,0.24242424242424115,0.24242423985291583,5.303358474595399e-09,2.571325319333795e-09,18,14,18,"[0.0, 11.653356088854068, 20.41897261952225, 27.339612803826583, 34.14606410627952]","[0.0, 10.522015856137902, 18.934395655392827, 24.25989314696888, 30.76749091456546]",D,P,-26.306298584560864
760042,762042,strong,0.8658059792358528,-39.833827353863725,-41.97654998571729,-22.263948965886105,-22.021277963071704,17.56987838797762,19.955272022645588,0.9134665530588149,0.9134665530588149,0.8030819921289769,0.8030819921289769,0.0,0.0,19,13,15,"[0.0, 4.351122644517744, 12.951351365279272, 33.84176149953004, 39.833827353863725]","[0.0, 5.0239091210907745, 13.57665338206322, 36.85590651936586, 41.97654998571729]",D,P,-37.68771131146331
760048,762043,strong,0.8544170204224123,-39.68061185753452,-39.43974019020518,-27.75985139049984,-27.563014814575688,11.920760467034683,11.87672537562949,0.7533499402936719,0.7533358409029587,0.20499318103229164,0.20498934446339007,1.4099390713173676e-05,3.836568901571802e-06,22,10,14,"[0.0, 6.920640184304332, 20.418972619522258, 28.09062701031315, 39.68061185753452]","[0.0, 5.3254974915760585, 18.93439565539283, 27.282285891140653, 39.43974019020518]",D,P,-26.356676693885916
760058,762044,strong,0.8827152972966106,-35.82565264273672,-33.99473768396185,-24.388502004007997,-23.785695533012536,11.437150638728724,10.209042150949315,0.576725757004105,0.5767257570041006,0.3810813261620041,0.38108132616200113,4.440892098500626e-15,2.942091015256665e-15,21,11,15,"[0.0, 9.210581032332875, 17.594604302969056, 27.39081173188184, 35.82565264273672]","[0.0, 6.949550599799373, 15.189321155583233, 25.301628961271888, 33.99473768396185]",D,P,-20.203930339485456
760072,762045,strong,0.8806262507092795,-36.09305702091732,-35.349447203453444,-21.614951327673502,-20.493959200109042,14.478105693243819,14.855488003344401,0.7533499935369898,0.7533499935369896,0.5687150672048571,0.568715067204857,2.220446049250313e-16,1.1102230246251565e-16,19,13,19,"[0.0, 5.6104725943016795, 21.2333580676415, 28.80299589015843, 36.09305702091732]","[0.0, 4.948034222880363, 20.321349956637974, 27.17416621117669, 35.349447203453444]",D,P,-20.83689267458473
760104,762046,strong,0.8753908533312876,-36.20724590276872,-34.16734692743292,-18.94341721961296,-18.697296848414656,17.263828683155758,15.470050079018261,0.7533499935369898,0.7533499935369259,0.5687150672048571,0.5687150672048088,6.394884621840902e-14,4.829470157119431e-14,16,16,19,"[0.0, 11.98413170866737, 23.637487797521437, 31.041737810131725, 36.20724590276872]","[0.0, 10.241286932702863, 20.763302788840765, 27.756483505096995, 34.16734692743292]",D,P,-22.926081143544312
760124,762047,strong,0.8953086871862527,-40.71120275577912,-41.13966819663891,-27.75985139049984,-27.563014814575684,12.95135136527928,13.576653382063224,0.49594405360668975,0.4959440536066806,0.3103071308278246,0.3103071308278188,9.159339953157541e-15,5.773159728050814e-15,22,10,12,"[0.0, 9.859578670545481, 20.418972619522258, 31.245770946679635, 40.71120275577912]","[0.0, 8.47686936276203, 18.93439565539283, 30.74663146751522, 41.13966819663891]",D,P,-13.415429287388971
760128,762048,strong,0.8544170204224123,-40.86441825210833,-43.67647799215102,-29.872232115044298,-32.00460664174615,10.992186137064031,11.67187135040487,0.6821002332154034,0.575570540337738,0.03922229553080475,0.03309659890531458,0.10652969287766534,0.0061256966254901735,23,9,12,"[0.0, 6.47567568263964, 16.539287489733027, 29.592655423286256, 40.86441825210833]","[0.0, 6.788326691031607, 18.25534401621186, 33.32707137948419, 43.67647799215102]",D,P,-32.71680964536292
760144,762049,strong,0.8850784038231684,-38.65002095928992,-37.73981218377145,-21.551580086040808,-22.129397643035666,17.09844087324911,15.610414540735782,0.999619741489662,0.9996197414819744,0.7546277471796136,0.7546277471738101,7.687628311714434e-12,5.803468816623081e-12,17,15,22,"[0.0, 4.89810371445639, 18.07821413127501, 29.12121790855774, 38.65002095928992]","[0.0, 5.056153902844329, 16.857004380263408, 28.982213897574383, 37.73981218377145]",D,P,-20.14518412954093
760171,762050,strong,0.8829423711014052,-39.83382735386373,-41.9765499857173,-29.388622286738347,-30.33692341706597,10.445205067125386,11.639626568651327,0.79830080817995,0.79830080817995,0.6049657928409021,0.6049657928409021,0.0,0.0,24,8,11,"[0.0, 12.353552655121938, 21.984372274128066, 28.294660146861055, 39.83382735386373]","[0.0, 13.091070433403576, 23.34374270080975, 30.272433853558873, 41.9765499857173]",D,P,-21.354975992718384
760186,762051,strong,0.8850938069255007,-35.82565264273672,-33.99473768396185,-14.21070131506322,-13.500778483852809,21.614951327673502,20.493959200109042,0.9134665530588149,0.9134665416832902,0.6035885188353225,0.6035885113187517,1.1375524633372436e-08,7.516570810217615e-09,13,19,20,"[0.0, 5.3430682161210825, 11.818743898760719, 20.41897261952225, 35.82565264273672]","[0.0, 3.593324703388774, 10.381651394420384, 18.934395655392827, 33.99473768396185]",D,P,-30.196290740684592
760187,762052,strong,0.8894953843806348,-37.23783680101332,-35.86727493386665,-16.818864181491065,-16.93287927847382,20.418972619522258,18.934395655392834,0.5476790569546242,0.547679056953549,0.4150404102287033,0.4150404102278885,1.0751399770470016e-12,8.147926777724024e-13,14,18,20,"[0.0, 8.931004340574834, 17.912826321368364, 30.215180048435037, 37.23783680101332]","[0.0, 8.272015337537415, 16.99736884198093, 29.046703461081492, 35.86727493386665]",D,P,-27.32572901958923
760272,762053,strong,0.8008766134802243,-37.88683443922592,-37.39459369682931,-28.256014820219793,-27.141921429423135,9.630819619006129,10.252672267406176,0.7533499935369898,0.7533499935369898,0.5687150672048571,0.5687150672048571,0.0,0.0,25,7,14,"[0.0, 6.373659114365683, 15.52086890506586, 23.57411655588875, 37.88683443922592]","[0.0, 5.293252709822504, 13.878241752548501, 22.398741231767392, 37.39459369682931]",D,P,-32.87363917344111
760281,762054,strong,0.8874809507815543,-35.44405938270472,-33.822128440490786,-17.531233061336366,-16.824759598509857,17.912826321368357,16.99736884198093,0.634685190693322,0.634685190693322,0.5344717395312184,0.5344717395312184,0.0,0.0,16,16,18,"[0.0, 9.312597600606825, 17.429216493062405, 29.89695803003573, 35.44405938270472]","[0.0, 8.444624581008487, 15.32968561730075, 27.238655774683796, 33.822128440490786]",D,P,-19.741800868699567
760291,762055,strong,0.7916050046438188,-40.44379837759851,-39.784958677147316,-20.418972619522254,-18.93439565539283,20.024825758076258,20.850563021754486,0.7983008081799499,0.7983008081799499,0.716255743779304,0.716255743779304,0.0,0.0,18,14,15,"[0.0, 11.653356088854071, 25.151688524071993, 34.13351050486553, 40.44379837759851]","[0.0, 10.522015856137898, 24.130914019954673, 32.85626752439819, 39.784958677147316]",T,P,-19.604669876959605
760352,762056,strong,0.8308057149520152,-36.47465028094933,-35.522056446924516,-21.9965445877055,-20.66656844358011,14.478105693243826,14.855488003344405,0.7533499935369898,0.7533499935369896,0.5687150672048571,0.568715067204857,2.220446049250313e-16,1.1102230246251565e-16,19,13,15,"[0.0, 9.52880305073218, 16.716847613217112, 25.21505976570469, 36.47465028094933]","[0.0, 8.75759828619707, 15.437805297264717, 22.495475577028053, 35.522056446924516]",D,P,-18.165119979850925
760368,762057,strong,0.8862626050268744,-36.321434784620116,-32.985246651412396,-19.604587171403,-17.547441354147686,16.716847613217116,15.43780529726471,0.7533499935369898,0.753349993536981,0.5687150672048571,0.5687150672048503,8.881784197001252e-15,6.772360450213455e-15,17,15,19,"[0.0, 4.249106076243791, 21.602397726259507, 30.265997688653737, 36.321434784620116]","[0.0, 3.5288351398816715, 22.582735809941767, 29.50004162798759, 32.985246651412396]",D,P,-24.606370578127134
760393,762058,strong,0.8720177641790725,-40.97860713395972,-42.4943777161305,-26.068090540465203,-27.01294230240893,14.910516593494517,15.48143541372157,0.634685190693322,0.634685190693322,0.5344717395312184,0.5344717395312184,0.0,0.0,21,11,16,"[0.0, 9.147209790700177, 14.045313505156567, 28.95583009865109, 40.97860713395972]","[0.0, 8.584989042726, 13.64114294557033, 29.1225783592919, 42.4943777161305]",D,P,-27.45176849977107
760396,762059,strong,0.8731764655513486,-35.44405938270472,-33.822128440490786,-19.92319047763886,-19.943886687942282,15.52086890506586,13.878241752548504,0.4959440536066897,0.4959440536066897,0.4504733046320507,0.4504733046320507,0.0,0.0,18,14,18,"[0.0, 5.063491524363037, 16.119048903059767, 26.29684959200454, 35.44405938270472]","[0.0, 4.915789441126815, 14.952222348605062, 25.23713939776479, 33.822128440490786]",D,P,-20.43630177634013
760425,762060,strong,0.7948003897582263,-38.26842769925792,-37.567202940300376,-23.472099987614794,-20.903667250558282,14.796327711643126,16.663535689742094,0.9857188096002949,0.9857187943142726,0.4779242713213545,0.47792426390994974,1.528602233680232e-08,7.411404767676544e-09,21,11,14,"[0.0, 12.849334797005323, 16.551459803310465, 24.502690885859394, 38.26842769925792]","[0.0, 12.08157940085411, 15.578169758982227, 22.60359525699201, 37.567202940300376]",D,P,-24.541869670486577
760459,762061,strong,0.835713750704177,-33.76447084624752,-30.59488167109439,-20.749748239335553,-18.6536667319578,13.014722606911967,11.941214939136593,0.5476790569546242,0.5476790569546242,0.4150404102287033,0.4150404102287033,0.0,0.0,20,12,12,"[0.0, 12.086148276941323, 24.070279985608693, 29.51536477000373, 33.76447084624752]","[0.0, 11.736360913911973, 21.977647846614843, 27.066046531212724, 30.59488167109439]",D,P,-45.23230235416384
760465,762062,strong,0.8744218886092098,-34.03187522442813,-31.949591190585984,-16.500642163091765,-15.124831592076127,17.531233061336362,16.824759598509857,0.5,0.5,0.42105263157894735,0.42105263157894735,0.0,0.0,16,16,18,"[0.0, 6.806451302452938, 16.284436712966414, 29.61738133827769, 34.03187522442813]","[0.0, 6.507597767596579, 14.811857886887541, 28.561120512421834, 31.949591190585984]",D,P,-20.150759867563647
760476,762063,strong,0.8756052248723729,-35.55824826455611,-32.64002816447026,-28.637608080251784,-27.314530672894204,6.920640184304329,5.325497491576055,0.7010205905262621,0.7010205905262621,0.6367473502967258,0.6367473502967258,0.0,0.0,25,7,11,"[0.0, 5.279696974488385, 16.81886418149106, 29.566182410222428, 35.55824826455611]","[0.0, 5.228763146315398, 16.93287927847382, 27.519384698118827, 32.64002816447026]",D,P,-29.300157933663513
760536,762064,strong,0.8806262507092795,-34.14606410627952,-30.76749091456546,-20.48234386115495,-17.298957212466203,13.66372024512457,13.468533702099258,0.7533499935369898,0.7533499935369898,0.5687150672048571,0.5687150672048571,0.0,0.0,20,12,17,"[0.0, 11.653356088854068, 21.512934759399545, 30.278551290067725, 34.14606410627952]","[0.0, 10.522015856137898, 18.99888521889993, 27.41126501815486, 30.76749091456546]",D,P,-29.42607795176505
760588,762065,strong,0.7975641426905354,-38.65002095928992,-37.73981218377145,-26.182279422316594,-25.830842026388403,12.467741536973325,11.908970157383045,0.4999999994883192,0.49999920057017694,0.16117644396970165,0.16117618643613107,7.98918142252969e-07,2.5753357058011517e-07,21,11,13,"[0.0, 7.569637822516935, 19.15962266973831, 27.92523920040649, 38.65002095928992]","[0.0, 6.852816254538716, 19.01027055360324, 27.42265035285817, 37.73981218377145]",D,P,-12.891710733639599
760601,762066,strong,0.8347733134626641,-37.50524117919392,-37.221984453358246,-22.594724585699403,-21.74054903963667,14.91051659349452,15.481435413721577,0.6346851906933186,0.6346851903085524,0.3077261530634268,0.3077261528768735,3.847662188860568e-10,1.865533283407217e-10,21,11,17,"[0.0, 13.777909126975967, 25.253705092345946, 27.441629372100536, 37.50524117919392]","[0.0, 12.286433426078741, 25.625988001163787, 25.754967128177995, 37.221984453358246]",D,P,-22.385566890962984
760616,762067,strong,0.8634085148698777,-35.55824826455612,-32.64002816447026,-23.739504365795398,-22.258376770049875,11.818743898760722,10.381651394420384,0.999619741489662,0.9996197414896592,0.7546277471796136,0.7546277471796113,2.886579864025407e-15,2.220446049250313e-15,21,11,19,"[0.0, 5.992065854333688, 13.72709148675727, 22.225303639244846, 35.55824826455612]","[0.0, 5.1206434663514315, 11.833095259172634, 18.890765538935966, 32.64002816447026]",D,P,-24.21141491549825
760640,762068,strong,0.8850784038231683,-37.619430061045314,-36.03988417733772,-16.23323778491116,-13.770122072584535,21.386192276134153,22.269762104753184,0.999573918285107,0.7419656957324472,0.2719929029347229,0.20189542741018973,0.2576082225526598,0.07009747552453316,16,16,17,"[0.0, 20.623005756070157, 26.513055042129892, 28.637608080251784, 37.619430061045314]","[0.0, 21.924543617811047, 25.55011310295337, 27.314530672894207, 36.03988417733772]",D,P,-13.423797388008449
760698,762069,strong,0.8526356127244425,-41.13182263028893,-45.031187511642614,-20.50881687421877,-23.10664389383157,20.62300575607016,21.924543617811043,0.576725757004105,0.5767257569915915,0.3810813261620041,0.3810813261537356,1.2513545755155064e-11,8.268496998198316e-12,16,16,20,"[0.0, 10.063611807093384, 18.76585709612887, 28.231288905228354, 41.13182263028893]","[0.0, 11.467017325180251, 21.5148355673618, 31.907872296485493, 45.031187511642614]",D,P,-30.602457376951914
760714,762070,strong,0.8091232776394054,-34.79506174449212,-32.29480967752812,-19.10880502951961,-18.556932386697138,15.686256714972515,13.737877290830983,0.576725757004105,0.576725757004105,0.5070334193365128,0.5070334193365128,0.0,0.0,17,15,18,"[0.0, 5.992065854333688, 10.890169568790078, 25.966073972191246, 34.79506174449212]","[0.0, 5.120643466351435, 10.176797369195764, 25.517868321199817, 32.29480967752812]",D,P,-19.683054658755037
760721,762071,strong,0.8571796247213969,-41.09279601581112,-41.31227744010998,-23.510745314256052,-24.034179674694016,17.582050701555065,17.278097765415964,0.9857188096004289,0.9857188096004289,0.830078997558256,0.830078997558256,0.0,0.0,18,14,21,"[0.0, 5.826678044427041, 17.963643961587064, 24.98630071416535, 41.09279601581112]","[0.0, 5.261007928068956, 17.450707008887033, 24.271278481672194, 41.31227744010998]",D,P,-28.070608036554837
760729,762072,strong,0.8793666408673984,-34.413468484460125,-32.12220043405705,-23.243722223912005,-23.26786780259933,11.16974626054812,8.85433263145772,0.49999999999999806,0.49999999977853266,0.24242424242424115,0.242424242316864,2.2146540157308436e-10,1.0737716271691511e-10,21,11,18,"[0.0, 8.218635460729534, 16.500642163091765, 24.55388981391465, 34.413468484460125]","[0.0, 8.380135017501374, 15.124831592076124, 23.64533107129502, 32.12220043405705]",D,P,-29.680820825474385
760744,762073,strong,0.8292355032475939,-36.970432422832715,-34.512565414375054,-22.441509089370193,-19.203739244124556,14.528923333462522,15.308826170250498,0.5,0.5,0.37745740498034064,0.37745740498034064,0.0,0.0,21,11,16,"[0.0, 9.630819619006129, 17.098440873249107, 29.78238786034778, 36.970432422832715]","[0.0, 10.252672267406169, 15.610414540735778, 27.832358403307406, 34.512565414375054]",D,P,-20.60713464065351
760793,762074,strong,0.7640227701496134,-39.94801623571512,-40.79444970969677,-26.61507161040385,-27.045187084162478,13.332944625311274,13.749262625534293,0.634685190693322,0.634685190693322,0.5344717395312184,0.5344717395312184,0.0,0.0,22,10,16,"[0.0, 8.11661889245558, 16.81886418149107, 29.223234476831696, 39.94801623571512]","[0.0, 6.885061036292271, 16.932879278473823, 30.477287878783493, 40.79444970969677]",D,P,-16.392442427237476
760794,762075,strong,0.8342073305084137,-36.58883916280072,-34.33995617090399,-22.16193239761215,-20.526203981862594,14.426906765188566,13.813752189041395,0.5767257570041049,0.5767257570040831,0.3810813261620041,0.38108132616198964,2.1760371282653068e-14,1.4432899320127035e-14,20,12,16,"[0.0, 10.177800688944778, 16.50064216309176, 28.637608080251788, 36.58883916280072]","[0.0, 10.284917049159727, 15.124831592076127, 27.314530672894207, 34.33995617090399]",D,P,-12.18024415466458
760800,762076,strong,0.844805835878434,-37.73361894289671,-34.8577839013172,-16.551459803310465,-15.57816975898223,21.182159139586247,19.279614142334967,0.7533499402936719,0.7521198056085792,0.20499318103229164,0.20465845050573578,0.0012301346850926986,0.0003347305265558598,14,18,21,"[0.0, 7.951231082548929, 21.182159139586247, 28.688425720470487, 37.73361894289671]","[0.0, 7.025425498009785, 19.27961414233497, 27.767868839800308, 34.8577839013172]",D,P,-16.59668772954145
760803,762077,strong,0.8270590197932235,-40.329609495747114,-40.967058953167836,-26.563872682348595,-26.00345126985947,13.765736813398519,14.963607683308364,0.4948638706586843,0.4948638706586843,0.4440044230397956,0.4440044230397956,0.0,0.0,21,11,16,"[0.0, 6.64106349254628, 22.09856115597945, 25.80068616228459, 40.329609495747114]","[0.0, 6.647962229314089, 22.161642424789218, 25.65823278291733, 40.967058953167836]",T,P,-21.536969320248
760897,762078,strong,0.7765998434216035,-44.18456871054491,-46.41206145941116,-28.727071047111746,-30.89838126393604,15.457497663433163,15.513680195475121,0.634685190693322,0.634685190693322,0.5344717395312184,0.5344717395312184,0.0,0.0,20,12,16,"[0.0, 7.404250012610277, 21.220804466227502, 27.314886888835144, 44.18456871054491]","[0.0, 6.993180716256234, 22.410126566470698, 29.02584401403124, 46.41206145941116]",D,P,-22.088814008548074
760904,762079,strong,0.844805835878434,-38.65002095928992,-37.73981218377145,-25.53328178410399,-24.303523263425745,13.116739175185927,13.436288920345703,0.6821002332154034,0.5393871867996448,0.03922229553080475,0.031015974802495183,0.14271304641575855,0.008206320728309568,21,11,13,"[0.0, 8.434840910854884, 20.737194637921554, 26.449683800497198, 38.65002095928992]","[0.0, 8.69310872268996, 20.742443341790523, 27.185551545879996, 37.73981218377145]",D,P,-38.421549327293
760000,762080,very_strong,0.94837591222579,-36.58883916280072,-34.33995617090399,-27.988610442039185,-25.787211909931546,8.600228720761532,8.552744260972442,0.7533499935369898,0.7533499935369898,0.5687150672048571,0.5687150672048571,0.0,0.0,25,7,15,"[0.0, 7.4676212542429745, 19.222993911371002, 28.268187133797227, 36.58883916280072]","[0.0, 5.357742273329606, 17.374832110676614, 24.464747172193505, 34.33995617090399]",D,P,-30.902002621963586
760003,762081,very_strong,0.9526957799266491,-36.856243540981325,-35.69466569039558,-26.449683800497198,-27.185551545879996,10.406559740484127,8.509114144515586,0.7983008081799327,0.798300806693754,0.37933179933932687,0.37933179863313343,1.4861786246100905e-09,7.061934370611311e-10,21,11,19,"[0.0, 8.116618892455584, 15.13927564503387, 29.01920134028379, 36.856243540981325]","[0.0, 6.885061036292267, 13.705632509077432, 27.487139916365273, 35.69466569039558]",D,P,-17.96912331608612
760009,762082,very_strong,0.955462590472647,-39.680611857534515,-39.43974019020518,-25.469910542471297,-25.938961706352366,14.210701315063218,13.500778483852812,0.9758013000459529,0.7193420228693901,0.13390069297371499,0.09870902543662247,0.2564592771765628,0.03519166753709252,19,13,19,"[0.0, 8.981821980793526, 16.38607199340381, 30.698789876740985, 39.680611857534515]","[0.0, 8.725353504443515, 15.718534220699748, 30.714386685761667, 39.43974019020518]",D,P,-21.086229782773856
760040,762083,very_strong,0.9358454564835923,-36.20724590276872,-34.167346927432924,-19.871991549583605,-18.902150873639275,16.335254353185114,15.265196053793648,0.999619741489662,0.9996197414819744,0.7546277471796136,0.7546277471738101,7.687628311714434e-12,5.803468816623081e-12,17,15,19,"[0.0, 11.755372657128024, 21.00459901610216, 25.482464143885295, 36.20724590276872]","[0.0, 12.017089837347012, 22.09715286128212, 23.850185096519645, 34.167346927432924]",D,P,-20.80876654003403
760062,762084,very_strong,0.9092183327945232,-37.619430061045314,-36.03988417733772,-17.263828683155758,-15.470050079018264,20.355601377889556,20.569834098319454,0.5101501530748764,0.5101501530748758,0.4074102658965304,0.4074102658965299,6.661338147750939e-16,4.996003610813204e-16,16,16,18,"[0.0, 10.139155362303512, 13.45968710857666, 23.09050672758279, 37.619430061045314]","[0.0, 7.154404625023993, 10.478385739681041, 20.731058007087213, 36.03988417733772]",D,P,-36.29029088514052
760080,762085,very_strong,0.94837591222579,-38.80323645561913,-40.27662197928357,-23.39655643240466,-25.216279950714537,15.406680023214467,15.060342028569032,0.7533499402936719,0.7532179803237665,0.20499318103229164,0.20495727355748744,0.00013195996990533754,3.590747480419765e-05,18,14,22,"[0.0, 12.633129346879972, 20.13939592776421, 26.23347835037185, 38.80323645561913]","[0.0, 11.768605695665535, 20.25686039313087, 26.872577840691417, 40.27662197928357]",D,P,-41.846449677531574
760088,762086,very_strong,0.9548578205160401,-36.856243540981325,-35.69466569039558,-20.202767169396903,-18.621421950204244,16.65347637158442,17.073243740191337,0.999573918285107,0.938567902603519,0.2719929029347229,0.25539262655878064,0.06100601568158803,0.016600276375942247,19,13,18,"[0.0, 11.271762828822077, 15.686256714972515, 25.317076333978648, 36.856243540981325]","[0.0, 10.349406612666833, 13.737877290830983, 23.990549558237156, 35.69466569039558]",D,P,-38.312305545943104
760096,762087,very_strong,0.96169608734061,-43.15397781230031,-44.71213345297743,-17.518679459922367,-18.913536208342585,25.635298352377944,25.79859724463485,0.7533499935369898,0.7533499933688588,0.5687150672048571,0.5687150670779324,1.6813106462620908e-10,1.2692469297803655e-10,12,20,24,"[0.0, 15.075904403401168, 31.563992965078935, 39.99883387593382, 43.15397781230031]","[0.0, 15.341070952004053, 32.55467915391291, 41.24778787660287, 44.71213345297743]",D,P,-28.689567035418914
760099,762088,very_strong,0.9073019203141974,-39.299018597502524,-39.267130946734106,-19.974008117857558,-20.397224854848385,19.325010479644966,18.86990609188572,0.5,0.5,0.4486126886256693,0.4486126886256693,0.0,0.0,16,16,22,"[0.0, 11.373779397096033, 19.592414857825567, 29.286605718464394, 39.299018597502524]","[0.0, 11.84448059387594, 20.224615611377313, 28.841849435856865, 39.267130946734106]",D,P,-28.630820825474384
760106,762089,very_strong,0.9218344645469885,-36.970432422832715,-34.51256541437506,-25.151688524071997,-24.130914019954673,11.818743898760719,10.381651394420388,0.9134665530588149,0.9134665530588149,0.8030819921289769,0.8030819921289769,0.0,0.0,21,11,17,"[0.0, 9.528803050732176, 20.088196999708956, 28.79044228874444, 36.970432422832715]","[0.0, 8.75759828619707, 19.215124578827865, 29.262942821009418, 34.51256541437506]",D,P,-26.393051466975777
760113,762090,very_strong,0.904879230779658,-35.06246612267273,-33.649519197019714,-14.757682385001868,-13.533023265606362,20.304783737670864,20.116495931413354,0.6344331189224943,0.5995985492491454,0.08705771786243449,0.0822776739964518,0.03483456967334897,0.004780043865982686,14,18,18,"[0.0, 8.498212152487582, 15.30466345494052, 18.078214131275015, 35.06246612267273]","[0.0, 7.057670279763336, 13.565268047359915, 16.85700438026341, 33.649519197019714]",D,P,-14.22480921199514
760121,762091,very_strong,0.9662368202768481,-39.29901859750252,-39.267130946734106,-23.676133124162703,-23.8938152129765,15.622885473339814,15.373315733757607,0.49999999999999806,0.49999999816005863,0.24242424242424115,0.2424242415321493,1.8399394230428356e-09,8.920918448396264e-10,19,13,16,"[0.0, 7.022656752578278, 15.622885473339814, 28.40884902871244, 39.29901859750252]","[0.0, 6.820571472785161, 15.373315733757607, 29.090333577538345, 39.267130946734106]",D,P,-28.244233263464974
760122,762092,very_strong,0.937246170601985,-37.23783680101332,-35.86727493386665,-25.966073972191246,-25.517868321199817,11.271762828822077,10.349406612666836,0.9134665530588149,0.9134665530588149,0.8030819921289769,0.8030819921289769,0.0,0.0,22,10,13,"[0.0, 9.147209790700181, 19.490398289551614, 21.780339137580157, 37.23783680101332]","[0.0, 8.584989042726, 18.72954163016821, 20.35359473839153, 35.86727493386665]",D,P,-28.345108944195395
760130,762093,very_strong,0.921107653505637,-36.970432422832715,-34.51256541437506,-23.408728745982096,-22.53910569348491,13.56170367685062,11.973459720890151,0.5767257570041049,0.5767257570039982,0.3810813261620041,0.3810813261619336,1.0669243266647754e-13,7.049916206369744e-14,19,13,13,"[0.0, 7.951231082548933, 14.808500025220567, 23.955709815920745, 36.970432422832715]","[0.0, 7.025425498009788, 13.986361432512467, 22.571350475238464, 34.51256541437506]",D,P,-32.069843974028466
760147,762094,very_strong,0.9578220560795029,-32.08488230979032,-27.367634901698004,-21.2967293092742,-18.685911513711346,10.788153000516125,8.681723387986658,0.79830080817995,0.79830080817995,0.6049657928409021,0.6049657928409021,0.0,0.0,21,11,13,"[0.0, 8.282006702362231, 13.078093848544668, 28.319386061852487, 32.08488230979032]","[0.0, 6.744696574574753, 10.305776496209972, 25.506482986496515, 27.367634901698004]",D,P,-21.00214980087539
760149,762095,very_strong,0.9717815831062843,-30.023700513301122,-23.967778888830544,-21.74169381093889,-17.22308231425579,8.282006702362231,6.744696574574753,0.5954714514700249,0.595471451470017,0.3652484051518122,0.36524840515180734,7.882583474838611e-15,4.884981308350689e-15,23,9,14,"[0.0, 7.08602799421098, 16.8435900964825, 20.06210527448169, 30.023700513301122]","[0.0, 5.185133029858541, 12.166928411411464, 13.995835544859403, 23.967778888830544]",D,P,-10.802402802599703
760152,762096,very_strong,0.9045588256598796,-40.59701387392772,-42.321768472659436,-21.996544587705504,-20.66656844358011,18.600469286222218,21.655200029079325,0.5,0.49999999999999994,0.37745740498034064,0.3774574049803406,5.551115123125783e-17,5.551115123125783e-17,19,13,16,"[0.0, 6.310287872732985, 14.363535523555868, 30.63541863510829, 40.59701387392772]","[0.0, 6.928691152749131, 15.449190631968026, 32.349825128688295, 42.321768472659436]",D,P,-8.68526715876273
760163,762097,very_strong,0.9426510612103692,-41.09279601581112,-41.31227744010997,-22.48015441601145,-22.334251668260286,18.612641599799666,18.978025771849687,0.79830080817995,0.7983008081799488,0.6049657928409021,0.6049657928409011,1.2212453270876722e-15,9.992007221626409e-16,18,14,20,"[0.0, 4.89810371445639, 24.541336212500653, 31.56399296507894, 41.09279601581112]","[0.0, 5.056153902844329, 25.734107681127746, 32.55467915391291, 41.31227744010997]",D,P,-21.466892674584727
760168,762098,very_strong,0.9771811749311494,-32.58066445167371,-26.35814386914855,-15.647611388331251,-10.60736486669525,16.933053063342463,15.7507790024533,0.999573918285107,0.8975794241925802,0.2719929029347229,0.24423929910002173,0.10199449409252681,0.027753603834701157,18,14,17,"[0.0, 11.653356088854075, 18.09038644485245, 27.784577305491275, 32.58066445167371]","[0.0, 10.522015856137903, 14.17983012303378, 22.79706394751333, 26.35814386914855]",D,P,-25.485707686316264
760169,762099,very_strong,0.9294892262704193,-36.09305702091733,-35.349447203453444,-23.84152093406935,-23.753450751258985,12.251536086847977,11.59599645219446,0.9857188096002949,0.9857187655403326,0.4779242713213545,0.47792424995894855,4.405996234524423e-08,2.136240595529415e-08,20,12,15,"[0.0, 6.47567568263964, 17.531233061336366, 26.945847230217147, 36.09305702091733]","[0.0, 6.78832669103161, 16.824759598509857, 26.764458160727447, 35.349447203453444]",D,P,-30.526745495672923
760177,762100,very_strong,0.9498744257166339,-39.29901859750252,-39.26713094673411,-20.418972619522254,-18.934395655392827,18.880045977980263,20.332735291341287,0.6346851906933186,0.6346851814794489,0.3077261530634268,0.30772614859609604,9.213869778257333e-09,4.467330783075596e-09,18,14,21,"[0.0, 11.653356088854068, 24.770095264039995, 32.27636184492423, 39.29901859750252]","[0.0, 10.522015856137905, 23.95830477648361, 32.44655947394895, 39.26713094673411]",D,P,-15.549480092138207
760178,762101,very_strong,0.9670237161987959,-37.88683443922592,-37.39459369682931,-22.58217098428541,-23.829325649469396,15.304663454940513,13.565268047359915,0.9134665530588149,0.9134665530390119,0.6035885188353225,0.6035885188222374,1.9802937067936455e-11,1.3085088568232095e-11,17,15,17,"[0.0, 7.735025632423582, 14.655665816727911, 23.904892175702045, 37.88683443922592]","[0.0, 6.712451792821199, 12.037949284397257, 22.11801230833236, 37.39459369682931]",D,P,-39.74889310795251
760179,762102,very_strong,0.9069482289148264,-31.55007355342911,-24.658215862714815,-19.286365153003697,-15.73939366774999,12.263708400425415,8.918822194964825,0.5476790569546243,0.5476790569546243,0.4150404102287034,0.41504041022870336,0.0,5.551115123125783e-17,19,13,18,"[0.0, 5.890049286059728, 16.678202286575853, 26.753986407246675, 31.55007355342911]","[0.0, 3.625569485142325, 12.307292873128977, 21.097135941079596, 24.658215862714815]",D,P,-26.297930483941386
760184,762103,very_strong,0.9293671872186849,-34.14606410627952,-30.76749091456546,-23.739504365795398,-22.258376770049875,10.40655974048412,8.509114144515586,0.5,0.5,0.37745740498034064,0.37745740498034064,0.0,0.0,21,11,17,"[0.0, 9.210581032332868, 15.584240146698555, 25.825412077276027, 34.14606410627952]","[0.0, 6.949550599799373, 12.242803309621873, 20.892281915854976, 30.76749091456546]",D,P,-32.26304827519651
760185,762104,very_strong,0.9308747843786085,-34.909250626343514,-31.112709401507598,-24.01908105755344,-20.935912032311837,10.890169568790075,10.17679736919576,0.9857188096004289,0.9857188096004289,0.830078997558256,0.830078997558256,0.0,0.0,22,10,16,"[0.0, 10.177800688944775, 20.520989187796204, 25.86405740391729, 34.909250626343514]","[0.0, 10.284917049159727, 20.429469636601937, 24.02279433999071, 31.112709401507598]",D,P,-32.924017282766165
760193,762105,very_strong,0.9217863317619247,-39.18482971565113,-40.449231222754634,-23.396556432404658,-25.21627995071454,15.788273283246468,15.232951272040093,0.6344331189224943,0.6227817992643689,0.08705771786243449,0.0854589089899645,0.01165131965812538,0.0015988088724699923,18,14,16,"[0.0, 4.7327159045497424, 12.951351365279276, 29.00702902670635, 39.18482971565113]","[0.0, 5.196518364561847, 13.576653382063224, 30.164314173594907, 40.449231222754634]",D,P,-21.564975992718384
760200,762106,very_strong,0.9282103843856045,-38.26842769925792,-37.567202940300376,-24.223114194101353,-23.926059994730053,14.045313505156567,13.641142945570323,0.999619741489662,0.9996197414896411,0.7546277471796136,0.7546277471795977,2.098321516541546e-14,1.587618925213974e-14,20,12,19,"[0.0, 10.724781758883427, 25.0883172824393, 34.40091488304613, 38.26842769925792]","[0.0, 10.317161830913278, 25.766352462881294, 34.21097704388978, 37.567202940300376]",T,P,-22.24268120152699
760201,762107,very_strong,0.9758477475434706,-35.29084388637551,-31.285318644978666,-20.80056587955425,-19.1070048988639,14.490278006821264,12.178313746114767,0.6346851906933186,0.6346851814794489,0.3077261530634268,0.30772614859609604,9.213869778257333e-09,4.467330783075596e-09,18,14,19,"[0.0, 8.98182198079353, 17.098440873249107, 25.215059765704687, 35.29084388637551]","[0.0, 8.725353504443511, 15.61041454073578, 22.49547557702805, 31.285318644978666]",D,P,-26.009426240065636
760202,762108,very_strong,0.937246170601985,-39.031614219321916,-37.91242142724251,-26.563872682348592,-26.00345126985947,12.467741536973325,11.908970157383042,0.9134665530588149,0.9134665530588149,0.8030819921289769,0.8030819921289769,0.0,0.0,21,11,14,"[0.0, 7.404250012610284, 15.686256714972512, 24.286485435734043, 39.031614219321916]","[0.0, 6.99318071625623, 13.73787729083098, 22.290621551803426, 37.91242142724251]",D,P,-30.196290740684592
760209,762109,very_strong,0.947196549483828,-32.58066445167371,-26.358143869148545,-16.678202286575853,-12.30729287312898,15.902462165097859,14.050850996019566,0.9857188096004289,0.9857188096004289,0.830078997558256,0.830078997558256,0.0,0.0,18,14,17,"[0.0, 7.0226567525782855, 18.73938408306505, 24.629433369124783, 32.58066445167371]","[0.0, 6.820571472785161, 15.707148885996437, 19.33271837113876, 26.358143869148545]",D,P,-24.026748687452187
760210,762110,very_strong,0.9780336396321317,-39.94801623571512,-40.79444970969677,-22.098561155979453,-22.16164242478922,17.84945507973567,18.63280728490755,0.9134665530588149,0.9134665530588149,0.8030819921289769,0.8030819921289769,0.0,0.0,18,14,18,"[0.0, 11.920760467034679, 21.71696789594746, 29.770215546770345, 39.94801623571512]","[0.0, 11.87672537562949, 21.989033181318153, 30.509532660537044, 40.79444970969677]",D,P,-18.428460424275247
760216,762111,very_strong,0.9045588256598796,-38.91742533747052,-39.09452170326304,-19.21082159779357,-20.052006367906248,19.70660373967695,19.042515335356793,0.5,0.4999999999999791,0.37745740498034064,0.3774574049803248,2.09277040141842e-14,1.582067810090848e-14,16,16,19,"[0.0, 9.79620742891278, 22.365965534160058, 25.037499642220595, 38.91742533747052]","[0.0, 10.112307805688658, 23.516351944280814, 25.3130142959752, 39.09452170326304]",D,P,-27.37889949151104
760235,762112,very_strong,0.9570014482340249,-35.71146376088533,-35.17683795998237,-16.76804654127237,-16.47954111156772,18.94341721961296,18.697296848414652,0.9979762695023857,0.9979762695023857,0.8954096348921616,0.8954096348921616,0.0,0.0,16,16,19,"[0.0, 3.7021250063051383, 16.169866543278467, 28.42140263012644, 35.71146376088533]","[0.0, 3.4965903581281133, 15.405560515511159, 27.001556967705618, 35.17683795998237]",D,P,-19.54859656753152
760304,762113,very_strong,0.9663652805505327,-39.29901859750252,-39.267130946734106,-24.4393196442267,-24.23903369991864,14.859698953275817,15.028097246815467,0.999573918285107,0.938567902603519,0.2719929029347229,0.25539262655878064,0.06100601568158803,0.016600276375942247,19,13,17,"[0.0, 13.33294462531127, 19.325010479644956, 24.770095264039995, 39.29901859750252]","[0.0, 13.749262625534286, 18.86990609188572, 23.9583047764836, 39.267130946734106]",D,P,-27.275350910264176
760305,762114,very_strong,0.9223196903976212,-36.58883916280072,-34.33995617090399,-17.912826321368364,-16.997368841980926,18.676012841432353,17.342587328923063,0.6344331189224942,0.6141845909019056,0.08705771786243449,0.0842791891460587,0.02024852802058863,0.0027785287163757943,16,16,19,"[0.0, 13.816554453617222, 23.027135485950097, 26.347667232223245, 36.58883916280072]","[0.0, 15.416945850214468, 22.36649645001384, 25.690477564670886, 34.33995617090399]",D,P,-26.334305257031247
760328,762115,very_strong,0.9161644273791717,-35.44405938270472,-33.82212844049078,-21.398745877548155,-20.180985494920456,14.045313505156567,13.641142945570323,0.7533499935369898,0.7533499935369898,0.5687150672048571,0.5687150672048571,0.0,0.0,20,12,17,"[0.0, 8.116618892455577, 20.584360429428898, 27.22542392197519, 35.44405938270472]","[0.0, 6.885061036292264, 18.79403119367531, 25.441993422989405, 33.82212844049078]",D,P,-24.043365426610826
760330,762116,very_strong,0.9706778069520852,-35.71146376088533,-35.17683795998237,-18.727211769487614,-18.38432314322607,16.984251991397716,16.792514816756302,0.576725757004105,0.576725757004105,0.5070334193365128,0.5070334193365128,0.0,0.0,17,15,20,"[0.0, 12.18816484521528, 20.572188115851464, 27.21325160839775, 35.71146376088533]","[0.0, 13.23143489512108, 21.471205450904943, 28.119167680219036, 35.17683795998237]",D,P,-33.01088962726139
760346,762117,very_strong,0.9797506228650197,-35.55824826455612,-32.64002816447026,-17.747438511461713,-17.13773330369844,17.810809753094407,15.50229486077182,0.9999273718252507,0.9999267528051655,0.6607189713535574,0.6607185623255365,6.19020085190769e-07,4.09028020897928e-07,15,17,22,"[0.0, 8.600228720761532, 21.996544587705504, 27.98861044203919, 35.55824826455612]","[0.0, 8.552744260972446, 20.66656844358011, 25.787211909931543, 32.64002816447026]",D,P,-29.40370651491038
760348,762118,very_strong,0.9674696784779776,-38.91742533747052,-39.09452170326304,-22.645542225918103,-22.19388720654277,16.271883111552416,16.900634496720272,0.701020590526262,0.701020590526262,0.6367473502967257,0.6367473502967257,0.0,0.0,19,13,18,"[0.0, 10.992186137064028, 19.42702704791891, 29.12121790855774, 38.91742533747052]","[0.0, 11.67187135040487, 20.364980073094834, 28.982213897574383, 39.09452170326304]",D,P,-28.32831324536344
760362,762119,very_strong,0.9144721468392634,-38.91742533747052,-39.09452170326304,-25.584480712159248,-25.34525907772875,13.33294462531127,13.749262625534293,0.576725757004105,0.5767257570041041,0.3810813261620041,0.38108132616200346,8.881784197001252e-16,6.106226635438361e-16,22,10,14,"[0.0, 10.06361180709338, 22.531353344066705, 34.66831926122673, 38.91742533747052]","[0.0, 11.467017325180251, 23.375987482563296, 35.56568656338138, 39.09452170326304]",D,P,-22.242740699119988
