stage,seed,arm,dyad_present,dyad_coupled_to_evidence,authored_access_used,true_dyad_safe_probability,dyad_safe_observations,dyad_precision_final,potential_evidence_packets,ingested_evidence_packets,initial_permission,final_permission,maximum_permission,permission_rise_episode,first_contact_episode,contact_achieved,contact_episodes,initial_root_probability,final_root_probability,revision_begin_episode,revision_complete_episode,descent_occurred,permission_before_revision,permission_to_revision_lag,root_updates,vulnerable_registered_rejections,permission_path,root_path
pilot,14901,coupled,true,true,false,0.7645653433659318,9,0.6875,7,7,0.10479888142871804,0.997511906622024,0.997511906622024,2,2,true,11,0.06000000000000001,0.9999997262183945,4,5,true,true,2,11,0,0.10479888142871804;0.10479888142871804;0.9232269310684472;0.9232269310684472;0.9941748774792;0.9970650101592421;0.9970650101592421;0.9974449082435136;0.997511906622024;0.997511906622024;0.9974449082435136;0.997511906622024;0.997511906622024,0.06000000000000001;0.06000000000000001;0.18087388666753335;0.22143200855787892;0.7254694760865406;0.9572892043826289;0.9952210837763182;0.9962857169310027;0.999598918877983;0.9999526947976735;0.999994422365746;0.9999993997011061;0.9999997262183945
pilot,14901,no_dyad,false,false,false,0.7645653433659318,0,0.5,0,0,0.10479888142871804,0.10479888142871804,0.10479888142871804,0,0,false,0,0.06000000000000001,0.06000000000000001,0,0,false,true,0,0,0,0.10479888142871804;0.10479888142871804;0.10479888142871804;0.10479888142871804;0.10479888142871804;0.10479888142871804;0.10479888142871804;0.10479888142871804;0.10479888142871804;0.10479888142871804;0.10479888142871804;0.10479888142871804;0.10479888142871804,0.06000000000000001;0.06000000000000001;0.06000000000000001;0.06000000000000001;0.06000000000000001;0.06000000000000001;0.06000000000000001;0.06000000000000001;0.06000000000000001;0.06000000000000001;0.06000000000000001;0.06000000000000001;0.06000000000000001
pilot,14901,decoupled,true,false,false,0.7645653433659318,9,0.6875,7,0,0.10479888142871804,0.10479888142871804,0.10479888142871804,0,0,false,0,0.06000000000000001,0.06000000000000001,0,0,false,true,0,0,0,0.10479888142871804;0.10479888142871804;0.10479888142871804;0.10479888142871804;0.10479888142871804;0.10479888142871804;0.10479888142871804;0.10479888142871804;0.10479888142871804;0.10479888142871804;0.10479888142871804;0.10479888142871804;0.10479888142871804,0.06000000000000001;0.06000000000000001;0.06000000000000001;0.06000000000000001;0.06000000000000001;0.06000000000000001;0.06000000000000001;0.06000000000000001;0.06000000000000001;0.06000000000000001;0.06000000000000001;0.06000000000000001;0.06000000000000001
pilot,14901,authored_access,false,false,true,0.7645653433659318,0,0.5,0,0,0.10479888142871804,0.10479888142871804,0.10479888142871804,0,1,true,12,0.06000000000000001,0.9999999705340994,2,4,true,false,0,12,0,0.10479888142871804;0.10479888142871804;0.10479888142871804;0.10479888142871804;0.10479888142871804;0.10479888142871804;0.10479888142871804;0.10479888142871804;0.10479888142871804;0.10479888142871804;0.10479888142871804;0.10479888142871804;0.10479888142871804,0.06000000000000001;0.37228231841649917;0.6723117085342495;0.7254694760865406;0.9608663957604875;0.9952210837763182;0.9994834637426825;0.999598918877983;0.9999568179716372;0.9999949085370597;0.9999993997011061;0.999999935392472;0.9999999705340994
pilot,14902,coupled,true,true,false,0.8835664821537355,12,0.875,9,9,0.08383108944663605,0.9975273540389231,0.9975273540389231,2,2,true,11,0.06000000000000001,0.9999998391727446,4,4,true,true,2,11,0,0.08383108944663605;0.08383108944663605;0.9001632494056916;0.9001632494056916;0.9935748339357595;0.9970017467604709;0.9974342357177541;0.9975099206382712;0.9975099206382712;0.997524066970627;0.9975267474837628;0.9975272570655817;0.9975273540389231,0.06000000000000001;0.06000000000000001;0.37228231841649917;0.5427601099911444;0.9168697330393974;0.9894231435712123;0.9909898370121911;0.9971290820324177;0.9996606522263993;0.9998925140555398;0.999988430657334;0.9999986359316815;0.9999998391727446
pilot,14902,no_dyad,false,false,false,0.8835664821537355,0,0.5,0,0,0.08383108944663605,0.08383108944663605,0.08383108944663605,0,0,false,0,0.06000000000000001,0.06000000000000001,0,0,false,true,0,0,0,0.08383108944663605;0.08383108944663605;0.08383108944663605;0.08383108944663605;0.08383108944663605;0.08383108944663605;0.08383108944663605;0.08383108944663605;0.08383108944663605;0.08383108944663605;0.08383108944663605;0.08383108944663605;0.08383108944663605,0.06000000000000001;0.06000000000000001;0.06000000000000001;0.06000000000000001;0.06000000000000001;0.06000000000000001;0.06000000000000001;0.06000000000000001;0.06000000000000001;0.06000000000000001;0.06000000000000001;0.06000000000000001;0.06000000000000001
pilot,14902,decoupled,true,false,false,0.8835664821537355,12,0.875,9,0,0.08383108944663605,0.08383108944663605,0.08383108944663605,0,0,false,0,0.06000000000000001,0.06000000000000001,0,0,false,true,0,0,0,0.08383108944663605;0.08383108944663605;0.08383108944663605;0.08383108944663605;0.08383108944663605;0.08383108944663605;0.08383108944663605;0.08383108944663605;0.08383108944663605;0.08383108944663605;0.08383108944663605;0.08383108944663605;0.08383108944663605,0.06000000000000001;0.06000000000000001;0.06000000000000001;0.06000000000000001;0.06000000000000001;0.06000000000000001;0.06000000000000001;0.06000000000000001;0.06000000000000001;0.06000000000000001;0.06000000000000001;0.06000000000000001;0.06000000000000001
pilot,14902,authored_access,false,false,true,0.8835664821537355,0,0.5,0,0,0.08383108944663605,0.08383108944663605,0.08383108944663605,0,1,true,12,0.06000000000000001,0.9999999535101657,2,3,true,false,0,12,0,0.08383108944663605;0.08383108944663605;0.08383108944663605;0.08383108944663605;0.08383108944663605;0.08383108944663605;0.08383108944663605;0.08383108944663605;0.08383108944663605;0.08383108944663605;0.08383108944663605;0.08383108944663605;0.08383108944663605,0.06000000000000001;0.18087388666753335;0.6723117085342495;0.8041688648496906;0.9744604034486563;0.9969194171272879;0.9973786692662265;0.9991684154832011;0.9999018821351207;0.9999689270016481;0.9999966556589963;0.999999605692679;0.9999999535101657
pilot,14903,coupled,true,true,false,0.8951383008690619,10,0.75,8,8,0.06836333697063783,0.9974227975664459,0.9975077982852997,2,2,true,11,0.06000000000000001,0.9999999830421479,3,3,true,true,1,11,0,0.06836333697063783;0.06836333697063783;0.871485629919609;0.871485629919609;0.9928802285138306;0.996932953294756;0.9974227975664459;0.9975077982852997;0.9975077982852997;0.9974227975664459;0.9975077982852997;0.9974227975664459;0.9974227975664459,0.06000000000000001;0.06000000000000001;0.37228231841649917;0.8341679538112797;0.9770978620294866;0.9894231435712123;0.9988508134850422;0.9998761912127109;0.9999607902414982;0.9999957798808536;0.9999995458056818;0.9999999464493339;0.9999999830421479
pilot,14903,no_dyad,false,false,false,0.8951383008690619,0,0.5,0,0,0.06836333697063783,0.06836333697063783,0.06836333697063783,0,0,false,0,0.06000000000000001,0.06000000000000001,0,0,false,true,0,0,0,0.06836333697063783;0.06836333697063783;0.06836333697063783;0.06836333697063783;0.06836333697063783;0.06836333697063783;0.06836333697063783;0.06836333697063783;0.06836333697063783;0.06836333697063783;0.06836333697063783;0.06836333697063783;0.06836333697063783,0.06000000000000001;0.06000000000000001;0.06000000000000001;0.06000000000000001;0.06000000000000001;0.06000000000000001;0.06000000000000001;0.06000000000000001;0.06000000000000001;0.06000000000000001;0.06000000000000001;0.06000000000000001;0.06000000000000001
pilot,14903,decoupled,true,false,false,0.8951383008690619,10,0.75,8,0,0.06836333697063783,0.06836333697063783,0.06836333697063783,0,0,false,0,0.06000000000000001,0.06000000000000001,0,0,false,true,0,0,0,0.06836333697063783;0.06836333697063783;0.06836333697063783;0.06836333697063783;0.06836333697063783;0.06836333697063783;0.06836333697063783;0.06836333697063783;0.06836333697063783;0.06836333697063783;0.06836333697063783;0.06836333697063783;0.06836333697063783,0.06000000000000001;0.06000000000000001;0.06000000000000001;0.06000000000000001;0.06000000000000001;0.06000000000000001;0.06000000000000001;0.06000000000000001;0.06000000000000001;0.06000000000000001;0.06000000000000001;0.06000000000000001;0.06000000000000001
pilot,14903,authored_access,false,false,true,0.8951383008690619,0,0.5,0,0,0.06836333697063783,0.06836333697063783,0.06836333697063783,0,1,true,12,0.06000000000000001,0.9999999981749019,2,2,true,false,0,12,0,0.06836333697063783;0.06836333697063783;0.06836333697063783;0.06836333697063783;0.06836333697063783;0.06836333697063783;0.06836333697063783;0.06836333697063783;0.06836333697063783;0.06836333697063783;0.06836333697063783;0.06836333697063783;0.06836333697063783,0.06000000000000001;0.37228231841649917;0.8464024725792524;0.9790523069255674;0.9974837190569372;0.9988508134850422;0.9998761912127109;0.9999866735398849;0.9999957798808536;0.9999995458056818;0.999999951117071;0.9999999942365803;0.9999999981749019
pilot,14904,coupled,true,true,false,0.8391334531345467,10,0.75,8,8,0.09530065267164259,0.9974405705231643,0.9974405705231643,2,2,true,11,0.06000000000000001,0.9999999796489811,5,5,true,true,3,11,0,0.09530065267164259;0.09530065267164259;0.9142938117609819;0.9142938117609819;0.9939364468628272;0.9970394049323181;0.9974405705231643;0.9970394049323181;0.9970394049323181;0.9939364468628272;0.9970394049323181;0.9970394049323181;0.9974405705231643,0.06000000000000001;0.06000000000000001;0.12277199270191341;0.14129922192298064;0.5825758512388542;0.9221018752885225;0.9901379587763697;0.9988270367688011;0.9998736269197087;0.9999850986370777;0.9999983962114221;0.999999827391139;0.9999999796489811
pilot,14904,no_dyad,false,false,false,0.8391334531345467,0,0.5,0,0,0.09530065267164259,0.09530065267164259,0.09530065267164259,0,0,false,0,0.06000000000000001,0.06000000000000001,0,0,false,true,0,0,0,0.09530065267164259;0.09530065267164259;0.09530065267164259;0.09530065267164259;0.09530065267164259;0.09530065267164259;0.09530065267164259;0.09530065267164259;0.09530065267164259;0.09530065267164259;0.09530065267164259;0.09530065267164259;0.09530065267164259,0.06000000000000001;0.06000000000000001;0.06000000000000001;0.06000000000000001;0.06000000000000001;0.06000000000000001;0.06000000000000001;0.06000000000000001;0.06000000000000001;0.06000000000000001;0.06000000000000001;0.06000000000000001;0.06000000000000001
pilot,14904,decoupled,true,false,false,0.8391334531345467,10,0.75,8,0,0.09530065267164259,0.09530065267164259,0.09530065267164259,0,0,false,0,0.06000000000000001,0.06000000000000001,0,0,false,true,0,0,0,0.09530065267164259;0.09530065267164259;0.09530065267164259;0.09530065267164259;0.09530065267164259;0.09530065267164259;0.09530065267164259;0.09530065267164259;0.09530065267164259;0.09530065267164259;0.09530065267164259;0.09530065267164259;0.09530065267164259,0.06000000000000001;0.06000000000000001;0.06000000000000001;0.06000000000000001;0.06000000000000001;0.06000000000000001;0.06000000000000001;0.06000000000000001;0.06000000000000001;0.06000000000000001;0.06000000000000001;0.06000000000000001;0.06000000000000001
pilot,14904,authored_access,false,false,true,0.8391334531345467,0,0.5,0,0,0.09530065267164259,0.09530065267164259,0.09530065267164259,0,1,true,12,0.06000000000000001,0.9999999978097105,4,4,true,false,0,12,0,0.09530065267164259;0.09530065267164259;0.09530065267164259;0.09530065267164259;0.09530065267164259;0.09530065267164259;0.09530065267164259;0.09530065267164259;0.09530065267164259;0.09530065267164259;0.09530065267164259;0.09530065267164259;0.09530065267164259,0.06000000000000001;0.37228231841649917;0.5652898839198042;0.6045730754183696;0.9284057318767875;0.9909898370121911;0.9989291684784134;0.9998736269197087;0.9999863974948371;0.9999983962114221;0.999999827391139;0.9999999814228749;0.9999999978097105
pilot,14905,coupled,true,true,false,0.701063047008939,6,0.5,6,6,0.10205269128986542,0.10205269128986542,0.9208482797325089,2,2,true,2,0.06000000000000001,0.8341679538112797,3,3,true,true,1,2,0,0.10205269128986542;0.10205269128986542;0.9208482797325089;0.9208482797325089;0.10205269128986542;0.10205269128986542;0.012012751024446489;0.012012751024446489;0.007487709404341676;0.007487709404341676;0.012012751024446489;0.012012751024446489;0.10205269128986542,0.06000000000000001;0.06000000000000001;0.3512297621379089;0.8341679538112797;0.8341679538112797;0.8341679538112797;0.8341679538112797;0.8341679538112797;0.8341679538112797;0.8341679538112797;0.8341679538112797;0.8341679538112797;0.8341679538112797
pilot,14905,no_dyad,false,false,false,0.701063047008939,0,0.5,0,0,0.10205269128986542,0.10205269128986542,0.10205269128986542,0,0,false,0,0.06000000000000001,0.06000000000000001,0,0,false,true,0,0,0,0.10205269128986542;0.10205269128986542;0.10205269128986542;0.10205269128986542;0.10205269128986542;0.10205269128986542;0.10205269128986542;0.10205269128986542;0.10205269128986542;0.10205269128986542;0.10205269128986542;0.10205269128986542;0.10205269128986542,0.06000000000000001;0.06000000000000001;0.06000000000000001;0.06000000000000001;0.06000000000000001;0.06000000000000001;0.06000000000000001;0.06000000000000001;0.06000000000000001;0.06000000000000001;0.06000000000000001;0.06000000000000001;0.06000000000000001
pilot,14905,decoupled,true,false,false,0.701063047008939,6,0.5,6,0,0.10205269128986542,0.10205269128986542,0.10205269128986542,0,0,false,0,0.06000000000000001,0.06000000000000001,0,0,false,true,0,0,0,0.10205269128986542;0.10205269128986542;0.10205269128986542;0.10205269128986542;0.10205269128986542;0.10205269128986542;0.10205269128986542;0.10205269128986542;0.10205269128986542;0.10205269128986542;0.10205269128986542;0.10205269128986542;0.10205269128986542,0.06000000000000001;0.06000000000000001;0.06000000000000001;0.06000000000000001;0.06000000000000001;0.06000000000000001;0.06000000000000001;0.06000000000000001;0.06000000000000001;0.06000000000000001;0.06000000000000001;0.06000000000000001;0.06000000000000001
pilot,14905,authored_access,false,false,true,0.701063047008939,0,0.5,0,0,0.10205269128986542,0.10205269128986542,0.10205269128986542,0,1,true,12,0.06000000000000001,0.9999999996068509,2,2,true,false,0,12,0,0.10205269128986542;0.10205269128986542;0.10205269128986542;0.10205269128986542;0.10205269128986542;0.10205269128986542;0.10205269128986542;0.10205269128986542;0.10205269128986542;0.10205269128986542;0.10205269128986542;0.10205269128986542;0.10205269128986542,0.06000000000000001;0.37228231841649917;0.8341679538112797;0.9790523069255674;0.997702546465755;0.9997285744247005;0.9999215247196229;0.9999915534639606;0.9999990909301342;0.9999998928183061;0.9999999884645111;0.9999999987584867;0.9999999996068509
pilot,14906,coupled,true,true,false,0.8035328954772166,11,0.8125,9,9,0.09148209070191847,0.9975267768552497,0.9975267768552497,2,2,true,11,0.06000000000000001,0.9999999584236723,3,5,true,true,1,11,0,0.09148209070191847;0.09148209070191847;0.9100654643378722;0.9100654643378722;0.993826455385766;0.9970278053706887;0.9974386136209726;0.9975107346278015;0.9975107346278015;0.9975242213056336;0.9975267768552497;0.9975242213056336;0.9975267768552497,0.06000000000000001;0.06000000000000001;0.3512297621379089;0.6309417978502713;0.7894073118075479;0.9720897418871182;0.9966262505990853;0.9996358019221718;0.9999607902414982;0.9999886654424763;0.9999967235287041;0.9999996136947338;0.9999999584236723
pilot,14906,no_dyad,false,false,false,0.8035328954772166,0,0.5,0,0,0.09148209070191847,0.09148209070191847,0.09148209070191847,0,0,false,0,0.06000000000000001,0.06000000000000001,0,0,false,true,0,0,0,0.09148209070191847;0.09148209070191847;0.09148209070191847;0.09148209070191847;0.09148209070191847;0.09148209070191847;0.09148209070191847;0.09148209070191847;0.09148209070191847;0.09148209070191847;0.09148209070191847;0.09148209070191847;0.09148209070191847,0.06000000000000001;0.06000000000000001;0.06000000000000001;0.06000000000000001;0.06000000000000001;0.06000000000000001;0.06000000000000001;0.06000000000000001;0.06000000000000001;0.06000000000000001;0.06000000000000001;0.06000000000000001;0.06000000000000001
pilot,14906,decoupled,true,false,false,0.8035328954772166,11,0.8125,9,0,0.09148209070191847,0.09148209070191847,0.09148209070191847,0,0,false,0,0.06000000000000001,0.06000000000000001,0,0,false,true,0,0,0,0.09148209070191847;0.09148209070191847;0.09148209070191847;0.09148209070191847;0.09148209070191847;0.09148209070191847;0.09148209070191847;0.09148209070191847;0.09148209070191847;0.09148209070191847;0.09148209070191847;0.09148209070191847;0.09148209070191847,0.06000000000000001;0.06000000000000001;0.06000000000000001;0.06000000000000001;0.06000000000000001;0.06000000000000001;0.06000000000000001;0.06000000000000001;0.06000000000000001;0.06000000000000001;0.06000000000000001;0.06000000000000001;0.06000000000000001
pilot,14906,authored_access,false,false,true,0.8035328954772166,0,0.5,0,0,0.09148209070191847,0.09148209070191847,0.09148209070191847,0,1,true,12,0.06000000000000001,0.9999999792274232,3,4,true,false,0,12,0,0.09148209070191847;0.09148209070191847;0.09148209070191847;0.09148209070191847;0.09148209070191847;0.09148209070191847;0.09148209070191847;0.09148209070191847;0.09148209070191847;0.09148209070191847;0.09148209070191847;0.09148209070191847;0.09148209070191847,0.06000000000000001;0.11328287332364925;0.5200540510582027;0.7738459722206337;0.8823893526746633;0.9858578310645314;0.9983115398028394;0.9998180043372968;0.9999804094366065;0.9999943369385836;0.9999983629900573;0.9999998069921603;0.9999999792274232
pilot,14907,coupled,true,true,false,0.8674937511688007,10,0.75,8,8,0.1075806690440224,0.9974460563062879,0.9974460563062879,2,2,true,11,0.06000000000000001,0.99999985319123,3,3,true,true,1,11,0,0.1075806690440224;0.1075806690440224;0.9254896042398079;0.9254896042398079;0.9942367560864758;0.9970717625130209;0.9974460563062879;0.9970717625130209;0.9970717625130209;0.9974460563062879;0.9970717625130209;0.9974460563062879;0.9974460563062879,0.06000000000000001;0.06000000000000001;0.3512297621379089;0.8341679538112797;0.9407747933935904;0.9932701767743829;0.9966262505990853;0.999601039221118;0.999884640942664;0.9999666507850697;0.9999960679285903;0.9999987548303769;0.99999985319123
pilot,14907,no_dyad,false,false,false,0.8674937511688007,0,0.5,0,0,0.1075806690440224,0.1075806690440224,0.1075806690440224,0,0,false,0,0.06000000000000001,0.06000000000000001,0,0,false,true,0,0,0,0.1075806690440224;0.1075806690440224;0.1075806690440224;0.1075806690440224;0.1075806690440224;0.1075806690440224;0.1075806690440224;0.1075806690440224;0.1075806690440224;0.1075806690440224;0.1075806690440224;0.1075806690440224;0.1075806690440224,0.06000000000000001;0.06000000000000001;0.06000000000000001;0.06000000000000001;0.06000000000000001;0.06000000000000001;0.06000000000000001;0.06000000000000001;0.06000000000000001;0.06000000000000001;0.06000000000000001;0.06000000000000001;0.06000000000000001
pilot,14907,decoupled,true,false,false,0.8674937511688007,10,0.75,8,0,0.1075806690440224,0.1075806690440224,0.1075806690440224,0,0,false,0,0.06000000000000001,0.06000000000000001,0,0,false,true,0,0,0,0.1075806690440224;0.1075806690440224;0.1075806690440224;0.1075806690440224;0.1075806690440224;0.1075806690440224;0.1075806690440224;0.1075806690440224;0.1075806690440224;0.1075806690440224;0.1075806690440224;0.1075806690440224;0.1075806690440224,0.06000000000000001;0.06000000000000001;0.06000000000000001;0.06000000000000001;0.06000000000000001;0.06000000000000001;0.06000000000000001;0.06000000000000001;0.06000000000000001;0.06000000000000001;0.06000000000000001;0.06000000000000001;0.06000000000000001
pilot,14907,authored_access,false,false,true,0.8674937511688007,0,0.5,0,0,0.1075806690440224,0.1075806690440224,0.1075806690440224,0,1,true,12,0.06000000000000001,0.9999999575624461,2,3,true,false,0,12,0,0.1075806690440224;0.1075806690440224;0.1075806690440224;0.1075806690440224;0.1075806690440224;0.1075806690440224;0.1075806690440224;0.1075806690440224;0.1075806690440224;0.1075806690440224;0.1075806690440224;0.1075806690440224;0.1075806690440224,0.06000000000000001;0.18087388666753335;0.65191313397849;0.9456566110758498;0.98212742826676;0.9980452788929197;0.99902241612688;0.999884640942664;0.9999666507850697;0.9999903596187663;0.9999988633653075;0.9999996400624148;0.9999999575624461
pilot,14908,coupled,true,true,false,0.903390555305462,10,0.75,8,8,0.12154626969038493,0.9975246646455421,0.9975246646455421,2,2,true,11,0.06000000000000001,0.9999999653557777,3,3,true,true,1,11,0,0.12154626969038493;0.12154626969038493;0.9350275826485319;0.9350275826485319;0.99450554247499;0.9971016353961194;0.9974511565168529;0.9971016353961192;0.9971016353961192;0.9974511565168529;0.9975130718911566;0.9975246646455421;0.9975246646455421,0.06000000000000001;0.06000000000000001;0.37228231841649917;0.8341679538112797;0.9456566110758498;0.9932701767743829;0.9992713230463457;0.9999140319098943;0.9999898633787655;0.9999988048563513;0.9999996215343954;0.9999997061621766;0.9999999653557777
pilot,14908,no_dyad,false,false,false,0.903390555305462,0,0.5,0,0,0.12154626969038493,0.12154626969038493,0.12154626969038493,0,0,false,0,0.06000000000000001,0.06000000000000001,0,0,false,true,0,0,0,0.12154626969038493;0.12154626969038493;0.12154626969038493;0.12154626969038493;0.12154626969038493;0.12154626969038493;0.12154626969038493;0.12154626969038493;0.12154626969038493;0.12154626969038493;0.12154626969038493;0.12154626969038493;0.12154626969038493,0.06000000000000001;0.06000000000000001;0.06000000000000001;0.06000000000000001;0.06000000000000001;0.06000000000000001;0.06000000000000001;0.06000000000000001;0.06000000000000001;0.06000000000000001;0.06000000000000001;0.06000000000000001;0.06000000000000001
pilot,14908,decoupled,true,false,false,0.903390555305462,10,0.75,8,0,0.12154626969038493,0.12154626969038493,0.12154626969038493,0,0,false,0,0.06000000000000001,0.06000000000000001,0,0,false,true,0,0,0,0.12154626969038493;0.12154626969038493;0.12154626969038493;0.12154626969038493;0.12154626969038493;0.12154626969038493;0.12154626969038493;0.12154626969038493;0.12154626969038493;0.12154626969038493;0.12154626969038493;0.12154626969038493;0.12154626969038493,0.06000000000000001;0.06000000000000001;0.06000000000000001;0.06000000000000001;0.06000000000000001;0.06000000000000001;0.06000000000000001;0.06000000000000001;0.06000000000000001;0.06000000000000001;0.06000000000000001;0.06000000000000001;0.06000000000000001
pilot,14908,authored_access,false,false,true,0.903390555305462,0,0.5,0,0,0.12154626969038493,0.12154626969038493,0.12154626969038493,0,1,true,12,0.06000000000000001,0.9999999890292383,2,3,true,false,0,12,0,0.12154626969038493;0.12154626969038493;0.12154626969038493;0.12154626969038493;0.12154626969038493;0.12154626969038493;0.12154626969038493;0.12154626969038493;0.12154626969038493;0.12154626969038493;0.12154626969038493;0.12154626969038493;0.12154626969038493,0.06000000000000001;0.16775280251304317;0.6519131339784898;0.9407747933935904;0.98212742826676;0.9978590259438845;0.9997691354297367;0.9999727749462721;0.9999967900210756;0.9999996215343954;0.9999998801515332;0.9999999069505652;0.9999999890292383
pilot,14909,coupled,true,true,false,0.7688463684983284,8,0.625,8,8,0.0986999595909244,0.9940270789756651,0.997049062281215,2,2,true,11,0.06000000000000001,0.9999971119751228,4,4,true,true,2,11,0,0.0986999595909244;0.0986999595909244;0.9177282687746313;0.9177282687746313;0.9940270789756651;0.997049062281215;0.9940270789756651;0.9940270789756651;0.997049062281215;0.9940270789756651;0.9940270789756651;0.997049062281215;0.9940270789756651,0.06000000000000001;0.06000000000000001;0.16775280251304317;0.30649845762039385;0.8041688648496905;0.9720897418871182;0.9917687421564919;0.9962290430956625;0.9995927783779521;0.9976887272318787;0.9997507339005881;0.9999731666323286;0.9999971119751228
pilot,14909,no_dyad,false,false,false,0.7688463684983284,0,0.5,0,0,0.0986999595909244,0.0986999595909244,0.0986999595909244,0,0,false,0,0.06000000000000001,0.06000000000000001,0,0,false,true,0,0,0,0.0986999595909244;0.0986999595909244;0.0986999595909244;0.0986999595909244;0.0986999595909244;0.0986999595909244;0.0986999595909244;0.0986999595909244;0.0986999595909244;0.0986999595909244;0.0986999595909244;0.0986999595909244;0.0986999595909244,0.06000000000000001;0.06000000000000001;0.06000000000000001;0.06000000000000001;0.06000000000000001;0.06000000000000001;0.06000000000000001;0.06000000000000001;0.06000000000000001;0.06000000000000001;0.06000000000000001;0.06000000000000001;0.06000000000000001
pilot,14909,decoupled,true,false,false,0.7688463684983284,8,0.625,8,0,0.0986999595909244,0.0986999595909244,0.0986999595909244,0,0,false,0,0.06000000000000001,0.06000000000000001,0,0,false,true,0,0,0,0.0986999595909244;0.0986999595909244;0.0986999595909244;0.0986999595909244;0.0986999595909244;0.0986999595909244;0.0986999595909244;0.0986999595909244;0.0986999595909244;0.0986999595909244;0.0986999595909244;0.0986999595909244;0.0986999595909244,0.06000000000000001;0.06000000000000001;0.06000000000000001;0.06000000000000001;0.06000000000000001;0.06000000000000001;0.06000000000000001;0.06000000000000001;0.06000000000000001;0.06000000000000001;0.06000000000000001;0.06000000000000001;0.06000000000000001
pilot,14909,authored_access,false,false,true,0.7688463684983284,0,0.5,0,0,0.0986999595909244,0.0986999595909244,0.0986999595909244,0,1,true,12,0.06000000000000001,0.999999689173958,2,3,true,false,0,12,0,0.0986999595909244;0.0986999595909244;0.0986999595909244;0.0986999595909244;0.0986999595909244;0.0986999595909244;0.0986999595909244;0.0986999595909244;0.0986999595909244;0.0986999595909244;0.0986999595909244;0.0986999595909244;0.0986999595909244,0.06000000000000001;0.37228231841649917;0.6519131339784898;0.8041688648496905;0.9744604034486563;0.9969194171272879;0.999107551055935;0.9995927783779521;0.9999561566200446;0.9997507339005881;0.9999731666323286;0.9999971119751228;0.999999689173958
pilot,14910,coupled,true,true,false,0.7229183089679536,9,0.6875,8,8,0.12721537545940576,0.9945984461463332,0.9945984461463332,2,2,true,9,0.06000000000000001,0.9999486882904574,4,4,true,true,2,9,0,0.12721537545940576;0.12721537545940576;0.9382076557474122;0.9382076557474122;0.9945984461463332;0.9382076557474122;0.9945984461463332;0.9945984461463332;0.9382076557474122;0.12721537545940576;0.12721537545940576;0.9382076557474122;0.9945984461463332,0.06000000000000001;0.06000000000000001;0.3512297621379089;0.5427601099911444;0.8041688648496906;0.9720897418871184;0.9969194171272879;0.9996675366477344;0.9997172163707968;0.9997172163707968;0.9997172163707968;0.9995649624064609;0.9999486882904574
pilot,14910,no_dyad,false,false,false,0.7229183089679536,0,0.5,0,0,0.12721537545940576,0.12721537545940576,0.12721537545940576,0,0,false,0,0.06000000000000001,0.06000000000000001,0,0,false,true,0,0,0,0.12721537545940576;0.12721537545940576;0.12721537545940576;0.12721537545940576;0.12721537545940576;0.12721537545940576;0.12721537545940576;0.12721537545940576;0.12721537545940576;0.12721537545940576;0.12721537545940576;0.12721537545940576;0.12721537545940576,0.06000000000000001;0.06000000000000001;0.06000000000000001;0.06000000000000001;0.06000000000000001;0.06000000000000001;0.06000000000000001;0.06000000000000001;0.06000000000000001;0.06000000000000001;0.06000000000000001;0.06000000000000001;0.06000000000000001
pilot,14910,decoupled,true,false,false,0.7229183089679536,9,0.6875,8,0,0.12721537545940576,0.12721537545940576,0.12721537545940576,0,0,false,0,0.06000000000000001,0.06000000000000001,0,0,false,true,0,0,0,0.12721537545940576;0.12721537545940576;0.12721537545940576;0.12721537545940576;0.12721537545940576;0.12721537545940576;0.12721537545940576;0.12721537545940576;0.12721537545940576;0.12721537545940576;0.12721537545940576;0.12721537545940576;0.12721537545940576,0.06000000000000001;0.06000000000000001;0.06000000000000001;0.06000000000000001;0.06000000000000001;0.06000000000000001;0.06000000000000001;0.06000000000000001;0.06000000000000001;0.06000000000000001;0.06000000000000001;0.06000000000000001;0.06000000000000001
pilot,14910,authored_access,false,false,true,0.7229183089679536,0,0.5,0,0,0.12721537545940576,0.12721537545940576,0.12721537545940576,0,1,true,12,0.06000000000000001,0.999998741554564,2,2,true,false,0,12,0,0.12721537545940576;0.12721537545940576;0.12721537545940576;0.12721537545940576;0.12721537545940576;0.12721537545940576;0.12721537545940576;0.12721537545940576;0.12721537545940576;0.12721537545940576;0.12721537545940576;0.12721537545940576;0.12721537545940576,0.06000000000000001;0.3512297621379089;0.8211648221122465;0.9096489851846495;0.9720897418871184;0.9966262505990853;0.9996358019221718;0.9999607902414982;0.9999666507850697;0.9999847899699004;0.9999930630231157;0.9999893264891622;0.999998741554564
confirm,14951,coupled,true,true,false,0.8592199456430819,10,0.75,7,7,0.1417654435872568,0.9975269011213365,0.9975269011213365,3,3,true,10,0.06000000000000001,0.9999999592674206,4,5,true,true,1,10,0,0.1417654435872568;0.1417654435872568;0.1417654435872568;0.9450420213772043;0.9948048580875676;0.9948048580875676;0.9971360084045257;0.9971360084045257;0.9974570682293649;0.9975141761478611;0.9975141761478611;0.9975248742013928;0.9975269011213365,0.06000000000000001;0.06000000000000001;0.06000000000000001;0.16775280251304317;0.6309417978502713;0.9354843475247497;0.9926322934894489;0.9991256465454349;0.9997470961901769;0.9999701753556715;0.9999967900210756;0.9999996215343954;0.9999999592674206
confirm,14951,no_dyad,false,false,false,0.8592199456430819,0,0.5,0,0,0.1417654435872568,0.1417654435872568,0.1417654435872568,0,0,false,0,0.06000000000000001,0.06000000000000001,0,0,false,true,0,0,0,0.1417654435872568;0.1417654435872568;0.1417654435872568;0.1417654435872568;0.1417654435872568;0.1417654435872568;0.1417654435872568;0.1417654435872568;0.1417654435872568;0.1417654435872568;0.1417654435872568;0.1417654435872568;0.1417654435872568,0.06000000000000001;0.06000000000000001;0.06000000000000001;0.06000000000000001;0.06000000000000001;0.06000000000000001;0.06000000000000001;0.06000000000000001;0.06000000000000001;0.06000000000000001;0.06000000000000001;0.06000000000000001;0.06000000000000001
confirm,14951,decoupled,true,false,false,0.8592199456430819,10,0.75,7,0,0.1417654435872568,0.1417654435872568,0.1417654435872568,0,0,false,0,0.06000000000000001,0.06000000000000001,0,0,false,true,0,0,0,0.1417654435872568;0.1417654435872568;0.1417654435872568;0.1417654435872568;0.1417654435872568;0.1417654435872568;0.1417654435872568;0.1417654435872568;0.1417654435872568;0.1417654435872568;0.1417654435872568;0.1417654435872568;0.1417654435872568,0.06000000000000001;0.06000000000000001;0.06000000000000001;0.06000000000000001;0.06000000000000001;0.06000000000000001;0.06000000000000001;0.06000000000000001;0.06000000000000001;0.06000000000000001;0.06000000000000001;0.06000000000000001;0.06000000000000001
confirm,14951,authored_access,false,false,true,0.8592199456430819,0,0.5,0,0,0.1417654435872568,0.1417654435872568,0.1417654435872568,0,1,true,12,0.06000000000000001,0.9999999932547827,4,4,true,false,0,12,0,0.1417654435872568;0.1417654435872568;0.1417654435872568;0.1417654435872568;0.1417654435872568;0.1417654435872568;0.1417654435872568;0.1417654435872568;0.1417654435872568;0.1417654435872568;0.1417654435872568;0.1417654435872568;0.1417654435872568,0.06000000000000001;0.37228231841649917;0.2782134685863747;0.548981539818581;0.9116905767143199;0.9887085201190747;0.9987723785713393;0.9998551034614235;0.9999581108982545;0.9999950609877771;0.9999994684337928;0.9999999373269871;0.9999999932547827
confirm,14952,coupled,true,true,false,0.9006577140783302,9,0.6875,8,8,0.09841809712984943,0.9974420718510495,0.9975113782769117,2,2,true,11,0.06000000000000001,0.9999999736483478,3,4,true,true,1,11,0,0.09841809712984943;0.09841809712984943;0.9174543215541378;0.9174543215541378;0.9940198045901576;0.9174543215541378;0.9174543215541378;0.9940198045901576;0.9970482837797451;0.9970482837797451;0.9974420718510495;0.9975113782769117;0.9974420718510495,0.06000000000000001;0.06000000000000001;0.18087388666753335;0.6723117085342495;0.9501573493494073;0.9943859544935266;0.9993927430586027;0.9999283645175718;0.9999443818688432;0.9999934421616837;0.9999981043374659;0.9999997764962785;0.9999999736483478
confirm,14952,no_dyad,false,false,false,0.9006577140783302,0,0.5,0,0,0.09841809712984943,0.09841809712984943,0.09841809712984943,0,0,false,0,0.06000000000000001,0.06000000000000001,0,0,false,true,0,0,0,0.09841809712984943;0.09841809712984943;0.09841809712984943;0.09841809712984943;0.09841809712984943;0.09841809712984943;0.09841809712984943;0.09841809712984943;0.09841809712984943;0.09841809712984943;0.09841809712984943;0.09841809712984943;0.09841809712984943,0.06000000000000001;0.06000000000000001;0.06000000000000001;0.06000000000000001;0.06000000000000001;0.06000000000000001;0.06000000000000001;0.06000000000000001;0.06000000000000001;0.06000000000000001;0.06000000000000001;0.06000000000000001;0.06000000000000001
confirm,14952,decoupled,true,false,false,0.9006577140783302,9,0.6875,8,0,0.09841809712984943,0.09841809712984943,0.09841809712984943,0,0,false,0,0.06000000000000001,0.06000000000000001,0,0,false,true,0,0,0,0.09841809712984943;0.09841809712984943;0.09841809712984943;0.09841809712984943;0.09841809712984943;0.09841809712984943;0.09841809712984943;0.09841809712984943;0.09841809712984943;0.09841809712984943;0.09841809712984943;0.09841809712984943;0.09841809712984943,0.06000000000000001;0.06000000000000001;0.06000000000000001;0.06000000000000001;0.06000000000000001;0.06000000000000001;0.06000000000000001;0.06000000000000001;0.06000000000000001;0.06000000000000001;0.06000000000000001;0.06000000000000001;0.06000000000000001
confirm,14952,authored_access,false,false,true,0.9006577140783302,0,0.5,0,0,0.09841809712984943,0.09841809712984943,0.09841809712984943,0,1,true,12,0.06000000000000001,0.9999999868340532,3,3,true,false,0,12,0,0.09841809712984943;0.09841809712984943;0.09841809712984943;0.09841809712984943;0.09841809712984943;0.09841809712984943;0.09841809712984943;0.09841809712984943;0.09841809712984943;0.09841809712984943;0.09841809712984943;0.09841809712984943;0.09841809712984943,0.06000000000000001;0.11328287332364925;0.3064984576203939;0.8041688648496906;0.9744604034486563;0.9971871804519958;0.9996965069791093;0.9999642078328451;0.9999722110129713;0.9999967235287041;0.9999990528785416;0.999999888331921;0.9999999868340532
confirm,14953,coupled,true,true,false,0.7689244982990895,10,0.75,8,8,0.10919956759259315,0.9975245070003503,0.9975268312290233,3,3,true,10,0.06000000000000001,0.9999992795849043,4,5,true,true,1,10,0,0.10919956759259315;0.10919956759259315;0.10919956759259315;0.9267435699921425;0.9942713369881852;0.9942713369881852;0.9970755559441243;0.9974467020485162;0.9974467020485162;0.9975122409623947;0.9975245070003503;0.9975268312290233;0.9975245070003503,0.06000000000000001;0.06000000000000001;0.06000000000000001;0.37228231841649917;0.6723117085342495;0.9501573493494073;0.9943859544935266;0.9993927430586027;0.9997229535811847;0.9999701753556715;0.9999913785010645;0.9999990720993709;0.9999992795849043
confirm,14953,no_dyad,false,false,false,0.7689244982990895,0,0.5,0,0,0.10919956759259315,0.10919956759259315,0.10919956759259315,0,0,false,0,0.06000000000000001,0.06000000000000001,0,0,false,true,0,0,0,0.10919956759259315;0.10919956759259315;0.10919956759259315;0.10919956759259315;0.10919956759259315;0.10919956759259315;0.10919956759259315;0.10919956759259315;0.10919956759259315;0.10919956759259315;0.10919956759259315;0.10919956759259315;0.10919956759259315,0.06000000000000001;0.06000000000000001;0.06000000000000001;0.06000000000000001;0.06000000000000001;0.06000000000000001;0.06000000000000001;0.06000000000000001;0.06000000000000001;0.06000000000000001;0.06000000000000001;0.06000000000000001;0.06000000000000001
confirm,14953,decoupled,true,false,false,0.7689244982990895,10,0.75,8,0,0.10919956759259315,0.10919956759259315,0.10919956759259315,0,0,false,0,0.06000000000000001,0.06000000000000001,0,0,false,true,0,0,0,0.10919956759259315;0.10919956759259315;0.10919956759259315;0.10919956759259315;0.10919956759259315;0.10919956759259315;0.10919956759259315;0.10919956759259315;0.10919956759259315;0.10919956759259315;0.10919956759259315;0.10919956759259315;0.10919956759259315,0.06000000000000001;0.06000000000000001;0.06000000000000001;0.06000000000000001;0.06000000000000001;0.06000000000000001;0.06000000000000001;0.06000000000000001;0.06000000000000001;0.06000000000000001;0.06000000000000001;0.06000000000000001;0.06000000000000001
confirm,14953,authored_access,false,false,true,0.7689244982990895,0,0.5,0,0,0.10919956759259315,0.10919956759259315,0.10919956759259315,0,1,true,12,0.06000000000000001,0.9999998568298801,3,4,true,false,0,12,0,0.10919956759259315;0.10919956759259315;0.10919956759259315;0.10919956759259315;0.10919956759259315;0.10919956759259315;0.10919956759259315;0.10919956759259315;0.10919956759259315;0.10919956759259315;0.10919956759259315;0.10919956759259315;0.10919956759259315,0.06000000000000001;0.0364867159647293;0.24310322416313707;0.7490132539083003;0.9116905767143199;0.9896825859348419;0.9988792641140918;0.9998792594389806;0.9999449295921317;0.9999940727262537;0.9999982866144006;0.9999998155956653;0.9999998568298801
confirm,14954,coupled,true,true,false,0.8524485273440807,10,0.75,8,8,0.09458299816683273,0.997440213045084,0.997440213045084,2,2,true,11,0.06000000000000001,0.9999917569742439,4,5,true,true,2,11,0,0.09458299816683273;0.09458299816683273;0.9135305761073442;0.9135305761073442;0.9939164675670766;0.9970372882119793;0.997440213045084;0.9970372882119793;0.9970372882119793;0.997440213045084;0.9970372882119793;0.997440213045084;0.997440213045084,0.06000000000000001;0.06000000000000001;0.11328287332364925;0.21882262943038175;0.7224318387411781;0.9602908219382056;0.9951482445028558;0.9985926640111031;0.999833865330876;0.9999804094366065;0.9999585234246733;0.9999951096292491;0.9999917569742439
confirm,14954,no_dyad,false,false,false,0.8524485273440807,0,0.5,0,0,0.09458299816683273,0.09458299816683273,0.09458299816683273,0,0,false,0,0.06000000000000001,0.06000000000000001,0,0,false,true,0,0,0,0.09458299816683273;0.09458299816683273;0.09458299816683273;0.09458299816683273;0.09458299816683273;0.09458299816683273;0.09458299816683273;0.09458299816683273;0.09458299816683273;0.09458299816683273;0.09458299816683273;0.09458299816683273;0.09458299816683273,0.06000000000000001;0.06000000000000001;0.06000000000000001;0.06000000000000001;0.06000000000000001;0.06000000000000001;0.06000000000000001;0.06000000000000001;0.06000000000000001;0.06000000000000001;0.06000000000000001;0.06000000000000001;0.06000000000000001
confirm,14954,decoupled,true,false,false,0.8524485273440807,10,0.75,8,0,0.09458299816683273,0.09458299816683273,0.09458299816683273,0,0,false,0,0.06000000000000001,0.06000000000000001,0,0,false,true,0,0,0,0.09458299816683273;0.09458299816683273;0.09458299816683273;0.09458299816683273;0.09458299816683273;0.09458299816683273;0.09458299816683273;0.09458299816683273;0.09458299816683273;0.09458299816683273;0.09458299816683273;0.09458299816683273;0.09458299816683273,0.06000000000000001;0.06000000000000001;0.06000000000000001;0.06000000000000001;0.06000000000000001;0.06000000000000001;0.06000000000000001;0.06000000000000001;0.06000000000000001;0.06000000000000001;0.06000000000000001;0.06000000000000001;0.06000000000000001
confirm,14954,authored_access,false,false,true,0.8524485273440807,0,0.5,0,0,0.09458299816683273,0.09458299816683273,0.09458299816683273,0,1,true,12,0.06000000000000001,0.9999991128333646,3,4,true,false,0,12,0,0.09458299816683273;0.09458299816683273;0.09458299816683273;0.09458299816683273;0.09458299816683273;0.09458299816683273;0.09458299816683273;0.09458299816683273;0.09458299816683273;0.09458299816683273;0.09458299816683273;0.09458299816683273;0.09458299816683273,0.06000000000000001;0.37228231841649917;0.5427601099911444;0.7224318387411781;0.9602908219382056;0.9955692733952451;0.9994755565668635;0.9998483442422977;0.9999821170150667;0.9999978915181486;0.9999955358958983;0.9999994736689036;0.9999991128333646
confirm,14955,coupled,true,true,false,0.8345682294872336,10,0.75,8,8,0.12298436363497997,0.99752468133473,0.99752468133473,2,2,true,11,0.06000000000000001,0.9999999732447431,3,3,true,true,1,11,0,0.12298436363497997;0.12298436363497997;0.9358666115543928;0.9358666115543928;0.9945298781122787;0.9971043851660331;0.9974516277298401;0.9971043851660331;0.9971043851660331;0.9974516277298401;0.997513159847003;0.997513159847003;0.99752468133473,0.06000000000000001;0.06000000000000001;0.37228231841649917;0.8464024725792524;0.9168697330393974;0.9903361645498882;0.9969194171272879;0.9996675366477344;0.9999642078328451;0.9999961477255919;0.9999995458056818;0.9999997730730723;0.9999999732447431
confirm,14955,no_dyad,false,false,false,0.8345682294872336,0,0.5,0,0,0.12298436363497997,0.12298436363497997,0.12298436363497997,0,0,false,0,0.06000000000000001,0.06000000000000001,0,0,false,true,0,0,0,0.12298436363497997;0.12298436363497997;0.12298436363497997;0.12298436363497997;0.12298436363497997;0.12298436363497997;0.12298436363497997;0.12298436363497997;0.12298436363497997;0.12298436363497997;0.12298436363497997;0.12298436363497997;0.12298436363497997,0.06000000000000001;0.06000000000000001;0.06000000000000001;0.06000000000000001;0.06000000000000001;0.06000000000000001;0.06000000000000001;0.06000000000000001;0.06000000000000001;0.06000000000000001;0.06000000000000001;0.06000000000000001;0.06000000000000001
confirm,14955,decoupled,true,false,false,0.8345682294872336,10,0.75,8,0,0.12298436363497997,0.12298436363497997,0.12298436363497997,0,0,false,0,0.06000000000000001,0.06000000000000001,0,0,false,true,0,0,0,0.12298436363497997;0.12298436363497997;0.12298436363497997;0.12298436363497997;0.12298436363497997;0.12298436363497997;0.12298436363497997;0.12298436363497997;0.12298436363497997;0.12298436363497997;0.12298436363497997;0.12298436363497997;0.12298436363497997,0.06000000000000001;0.06000000000000001;0.06000000000000001;0.06000000000000001;0.06000000000000001;0.06000000000000001;0.06000000000000001;0.06000000000000001;0.06000000000000001;0.06000000000000001;0.06000000000000001;0.06000000000000001;0.06000000000000001
confirm,14955,authored_access,false,false,true,0.8345682294872336,0,0.5,0,0,0.12298436363497997,0.12298436363497997,0.12298436363497997,0,1,true,12,0.06000000000000001,0.9999999588331353,3,4,true,false,0,12,0,0.12298436363497997;0.12298436363497997;0.12298436363497997;0.12298436363497997;0.12298436363497997;0.12298436363497997;0.12298436363497997;0.12298436363497997;0.12298436363497997;0.12298436363497997;0.12298436363497997;0.12298436363497997;0.12298436363497997,0.06000000000000001;0.03983198596215494;0.2782134685863747;0.7817265808775865;0.8775739264315705;0.9852077788584361;0.9952679260706041;0.9994885482323178;0.9999449295921317;0.9999940727262537;0.9999993011559666;0.9999996508398663;0.9999999588331353
confirm,14956,coupled,true,true,false,0.857831182530127,10,0.75,9,9,0.11610411682602266,0.9975127233022897,0.9975245985063997,2,2,true,11,0.06000000000000001,0.9999983290805361,3,4,true,true,1,11,0,0.11610411682602266;0.11610411682602266;0.9316312151611182;0.9316312151611182;0.9944082409806659;0.9970907171144722;0.9974492884222378;0.9975127233022897;0.9975127233022897;0.9975245985063997;0.9975127233022897;0.9974492884222378;0.9975127233022897,0.06000000000000001;0.06000000000000001;0.3512297621379089;0.6309417978502713;0.8437180392431008;0.9786276631583578;0.9974317298284887;0.9992562402117936;0.9999122512940559;0.999830424544713;0.9999817465876292;0.9999978478424362;0.9999983290805361
confirm,14956,no_dyad,false,false,false,0.857831182530127,0,0.5,0,0,0.11610411682602266,0.11610411682602266,0.11610411682602266,0,0,false,0,0.06000000000000001,0.06000000000000001,0,0,false,true,0,0,0,0.11610411682602266;0.11610411682602266;0.11610411682602266;0.11610411682602266;0.11610411682602266;0.11610411682602266;0.11610411682602266;0.11610411682602266;0.11610411682602266;0.11610411682602266;0.11610411682602266;0.11610411682602266;0.11610411682602266,0.06000000000000001;0.06000000000000001;0.06000000000000001;0.06000000000000001;0.06000000000000001;0.06000000000000001;0.06000000000000001;0.06000000000000001;0.06000000000000001;0.06000000000000001;0.06000000000000001;0.06000000000000001;0.06000000000000001
confirm,14956,decoupled,true,false,false,0.857831182530127,10,0.75,9,0,0.11610411682602266,0.11610411682602266,0.11610411682602266,0,0,false,0,0.06000000000000001,0.06000000000000001,0,0,false,true,0,0,0,0.11610411682602266;0.11610411682602266;0.11610411682602266;0.11610411682602266;0.11610411682602266;0.11610411682602266;0.11610411682602266;0.11610411682602266;0.11610411682602266;0.11610411682602266;0.11610411682602266;0.11610411682602266;0.11610411682602266,0.06000000000000001;0.06000000000000001;0.06000000000000001;0.06000000000000001;0.06000000000000001;0.06000000000000001;0.06000000000000001;0.06000000000000001;0.06000000000000001;0.06000000000000001;0.06000000000000001;0.06000000000000001;0.06000000000000001
confirm,14956,authored_access,false,false,true,0.857831182530127,0,0.5,0,0,0.11610411682602266,0.11610411682602266,0.11610411682602266,0,1,true,12,0.06000000000000001,0.9999998029941313,2,2,true,false,0,12,0,0.11610411682602266;0.11610411682602266;0.11610411682602266;0.11610411682602266;0.11610411682602266;0.11610411682602266;0.11610411682602266;0.11610411682602266;0.11610411682602266;0.11610411682602266;0.11610411682602266;0.11610411682602266;0.11610411682602266,0.06000000000000001;0.3512297621379089;0.8211648221122465;0.9354843475247497;0.9786276631583578;0.9974317298284887;0.9996965069791093;0.9999122512940559;0.9999896534075368;0.9999800036391643;0.9999978478424362;0.9999997462547658;0.9999998029941313
confirm,14957,coupled,true,true,false,0.7965059478578647,7,0.5625,5,5,0.09461989060239907,0.011749302398671708,0.09461989060239907,0,0,false,0,0.06000000000000001,0.06000000000000001,0,0,false,true,0,0,0,0.09461989060239907;0.09461989060239907;0.09461989060239907;0.011749302398671708;0.011749302398671708;0.007454529335567922;0.007454529335567922;0.011749302398671708;0.011749302398671708;0.007454529335567922;0.007454529335567922;0.011749302398671708;0.011749302398671708,0.06000000000000001;0.06000000000000001;0.06000000000000001;0.06000000000000001;0.06000000000000001;0.06000000000000001;0.06000000000000001;0.06000000000000001;0.06000000000000001;0.06000000000000001;0.06000000000000001;0.06000000000000001;0.06000000000000001
confirm,14957,no_dyad,false,false,false,0.7965059478578647,0,0.5,0,0,0.09461989060239907,0.09461989060239907,0.09461989060239907,0,0,false,0,0.06000000000000001,0.06000000000000001,0,0,false,true,0,0,0,0.09461989060239907;0.09461989060239907;0.09461989060239907;0.09461989060239907;0.09461989060239907;0.09461989060239907;0.09461989060239907;0.09461989060239907;0.09461989060239907;0.09461989060239907;0.09461989060239907;0.09461989060239907;0.09461989060239907,0.06000000000000001;0.06000000000000001;0.06000000000000001;0.06000000000000001;0.06000000000000001;0.06000000000000001;0.06000000000000001;0.06000000000000001;0.06000000000000001;0.06000000000000001;0.06000000000000001;0.06000000000000001;0.06000000000000001
confirm,14957,decoupled,true,false,false,0.7965059478578647,7,0.5625,5,0,0.09461989060239907,0.09461989060239907,0.09461989060239907,0,0,false,0,0.06000000000000001,0.06000000000000001,0,0,false,true,0,0,0,0.09461989060239907;0.09461989060239907;0.09461989060239907;0.09461989060239907;0.09461989060239907;0.09461989060239907;0.09461989060239907;0.09461989060239907;0.09461989060239907;0.09461989060239907;0.09461989060239907;0.09461989060239907;0.09461989060239907,0.06000000000000001;0.06000000000000001;0.06000000000000001;0.06000000000000001;0.06000000000000001;0.06000000000000001;0.06000000000000001;0.06000000000000001;0.06000000000000001;0.06000000000000001;0.06000000000000001;0.06000000000000001;0.06000000000000001
confirm,14957,authored_access,false,false,true,0.7965059478578647,0,0.5,0,0,0.09461989060239907,0.09461989060239907,0.09461989060239907,0,1,true,12,0.06000000000000001,0.9999999549021907,2,2,true,false,0,12,0,0.09461989060239907;0.09461989060239907;0.09461989060239907;0.09461989060239907;0.09461989060239907;0.09461989060239907;0.09461989060239907;0.09461989060239907;0.09461989060239907;0.09461989060239907;0.09461989060239907;0.09461989060239907;0.09461989060239907,0.06000000000000001;0.37228231841649917;0.8464024725792524;0.9790523069255674;0.997702546465755;0.9997285744247005;0.9998761912127109;0.9999854010403598;0.9999953769116378;0.9999995024355595;0.9999997730730723;0.9999999732447431;0.9999999549021907
confirm,14958,coupled,true,true,false,0.8129990334008579,11,0.8125,9,9,0.06792807738370225,0.9975266683370213,0.9975266683370213,2,2,true,11,0.06000000000000001,0.9999986076759483,4,4,true,true,2,11,0,0.06792807738370225;0.06792807738370225;0.8704405882445289;0.8704405882445289;0.9928556124349026;0.9969305932192868;0.9974224081754234;0.9975077261442071;0.9975077261442071;0.9974224081754234;0.9975077261442071;0.9975236510552812;0.9975266683370213,0.06000000000000001;0.06000000000000001;0.16775280251304317;0.410828674177842;0.8662911693916405;0.9572892043826289;0.986068194426212;0.9959324897914578;0.9995187035235498;0.999943229841465;0.999993889771409;0.9999870634055745;0.9999986076759483
confirm,14958,no_dyad,false,false,false,0.8129990334008579,0,0.5,0,0,0.06792807738370225,0.06792807738370225,0.06792807738370225,0,0,false,0,0.06000000000000001,0.06000000000000001,0,0,false,true,0,0,0,0.06792807738370225;0.06792807738370225;0.06792807738370225;0.06792807738370225;0.06792807738370225;0.06792807738370225;0.06792807738370225;0.06792807738370225;0.06792807738370225;0.06792807738370225;0.06792807738370225;0.06792807738370225;0.06792807738370225,0.06000000000000001;0.06000000000000001;0.06000000000000001;0.06000000000000001;0.06000000000000001;0.06000000000000001;0.06000000000000001;0.06000000000000001;0.06000000000000001;0.06000000000000001;0.06000000000000001;0.06000000000000001;0.06000000000000001
confirm,14958,decoupled,true,false,false,0.8129990334008579,11,0.8125,9,0,0.06792807738370225,0.06792807738370225,0.06792807738370225,0,0,false,0,0.06000000000000001,0.06000000000000001,0,0,false,true,0,0,0,0.06792807738370225;0.06792807738370225;0.06792807738370225;0.06792807738370225;0.06792807738370225;0.06792807738370225;0.06792807738370225;0.06792807738370225;0.06792807738370225;0.06792807738370225;0.06792807738370225;0.06792807738370225;0.06792807738370225,0.06000000000000001;0.06000000000000001;0.06000000000000001;0.06000000000000001;0.06000000000000001;0.06000000000000001;0.06000000000000001;0.06000000000000001;0.06000000000000001;0.06000000000000001;0.06000000000000001;0.06000000000000001;0.06000000000000001
confirm,14958,authored_access,false,false,true,0.8129990334008579,0,0.5,0,0,0.06792807738370225,0.06792807738370225,0.06792807738370225,0,1,true,12,0.06000000000000001,0.9999998501501839,2,3,true,false,0,12,0,0.06792807738370225;0.06792807738370225;0.06792807738370225;0.06792807738370225;0.06792807738370225;0.06792807738370225;0.06792807738370225;0.06792807738370225;0.06792807738370225;0.06792807738370225;0.06792807738370225;0.06792807738370225;0.06792807738370225,0.06000000000000001;0.37228231841649917;0.6519131339784898;0.8662911693916405;0.9836598330366169;0.9952210837763182;0.9984817058619946;0.9995606372382498;0.999948177948768;0.999993889771409;0.9999993423797543;0.9999986076759483;0.9999998501501839
confirm,14959,coupled,true,true,false,0.8199009982171029,9,0.6875,7,7,0.12697774085405023,0.9380809646659399,0.9380809646659399,12,12,true,1,0.06000000000000001,0.12277199270191341,0,0,false,true,0,1,0,0.12697774085405023;0.12697774085405023;0.012852827879753524;0.012852827879753524;0.12697774085405023;0.12697774085405023;0.012852827879753524;0.12697774085405023;0.12697774085405023;0.012852827879753524;0.12697774085405023;0.12697774085405023;0.9380809646659399,0.06000000000000001;0.06000000000000001;0.06000000000000001;0.06000000000000001;0.06000000000000001;0.06000000000000001;0.06000000000000001;0.06000000000000001;0.06000000000000001;0.06000000000000001;0.06000000000000001;0.06000000000000001;0.12277199270191341
confirm,14959,no_dyad,false,false,false,0.8199009982171029,0,0.5,0,0,0.12697774085405023,0.12697774085405023,0.12697774085405023,0,0,false,0,0.06000000000000001,0.06000000000000001,0,0,false,true,0,0,0,0.12697774085405023;0.12697774085405023;0.12697774085405023;0.12697774085405023;0.12697774085405023;0.12697774085405023;0.12697774085405023;0.12697774085405023;0.12697774085405023;0.12697774085405023;0.12697774085405023;0.12697774085405023;0.12697774085405023,0.06000000000000001;0.06000000000000001;0.06000000000000001;0.06000000000000001;0.06000000000000001;0.06000000000000001;0.06000000000000001;0.06000000000000001;0.06000000000000001;0.06000000000000001;0.06000000000000001;0.06000000000000001;0.06000000000000001
confirm,14959,decoupled,true,false,false,0.8199009982171029,9,0.6875,7,0,0.12697774085405023,0.12697774085405023,0.12697774085405023,0,0,false,0,0.06000000000000001,0.06000000000000001,0,0,false,true,0,0,0,0.12697774085405023;0.12697774085405023;0.12697774085405023;0.12697774085405023;0.12697774085405023;0.12697774085405023;0.12697774085405023;0.12697774085405023;0.12697774085405023;0.12697774085405023;0.12697774085405023;0.12697774085405023;0.12697774085405023,0.06000000000000001;0.06000000000000001;0.06000000000000001;0.06000000000000001;0.06000000000000001;0.06000000000000001;0.06000000000000001;0.06000000000000001;0.06000000000000001;0.06000000000000001;0.06000000000000001;0.06000000000000001;0.06000000000000001
confirm,14959,authored_access,false,false,true,0.8199009982171029,0,0.5,0,0,0.12697774085405023,0.12697774085405023,0.12697774085405023,0,1,true,12,0.06000000000000001,0.9999999640965396,3,4,true,false,0,12,0,0.12697774085405023;0.12697774085405023;0.12697774085405023;0.12697774085405023;0.12697774085405023;0.12697774085405023;0.12697774085405023;0.12697774085405023;0.12697774085405023;0.12697774085405023;0.12697774085405023;0.12697774085405023;0.12697774085405023,0.06000000000000001;0.02926565985059449;0.20363300650880184;0.6844193513514777;0.9527209077905506;0.9946874209183683;0.9994255072393622;0.9999322315263123;0.9999927059402249;0.9999991400066004;0.9999992685509572;0.9999999212773494;0.9999999640965396
confirm,14960,coupled,true,true,false,0.8922635042608402,11,0.8125,8,8,0.09680654434543354,0.9975272661031432,0.9975272661031432,2,2,true,11,0.06000000000000001,0.9999992419644805,5,5,true,true,3,11,0,0.09680654434543354;0.09680654434543354;0.9158511060047287;0.9158511060047287;0.9939773919210476;0.9970437565724902;0.9970437565724902;0.9974413059716808;0.9975112356807366;0.9975243163236173;0.9975243163236173;0.9975267949387255;0.9975272661031432,0.06000000000000001;0.06000000000000001;0.37228231841649917;0.5652898839198042;0.40221522397292253;0.8508970110145103;0.9797581025176728;0.9977813790942429;0.9988902893985138;0.9998804484065207;0.9999454719217753;0.9999935706941352;0.9999992419644805
confirm,14960,no_dyad,false,false,false,0.8922635042608402,0,0.5,0,0,0.09680654434543354,0.09680654434543354,0.09680654434543354,0,0,false,0,0.06000000000000001,0.06000000000000001,0,0,false,true,0,0,0,0.09680654434543354;0.09680654434543354;0.09680654434543354;0.09680654434543354;0.09680654434543354;0.09680654434543354;0.09680654434543354;0.09680654434543354;0.09680654434543354;0.09680654434543354;0.09680654434543354;0.09680654434543354;0.09680654434543354,0.06000000000000001;0.06000000000000001;0.06000000000000001;0.06000000000000001;0.06000000000000001;0.06000000000000001;0.06000000000000001;0.06000000000000001;0.06000000000000001;0.06000000000000001;0.06000000000000001;0.06000000000000001;0.06000000000000001
confirm,14960,decoupled,true,false,false,0.8922635042608402,11,0.8125,8,0,0.09680654434543354,0.09680654434543354,0.09680654434543354,0,0,false,0,0.06000000000000001,0.06000000000000001,0,0,false,true,0,0,0,0.09680654434543354;0.09680654434543354;0.09680654434543354;0.09680654434543354;0.09680654434543354;0.09680654434543354;0.09680654434543354;0.09680654434543354;0.09680654434543354;0.09680654434543354;0.09680654434543354;0.09680654434543354;0.09680654434543354,0.06000000000000001;0.06000000000000001;0.06000000000000001;0.06000000000000001;0.06000000000000001;0.06000000000000001;0.06000000000000001;0.06000000000000001;0.06000000000000001;0.06000000000000001;0.06000000000000001;0.06000000000000001;0.06000000000000001
confirm,14960,authored_access,false,false,true,0.8922635042608402,0,0.5,0,0,0.09680654434543354,0.09680654434543354,0.09680654434543354,0,1,true,12,0.06000000000000001,0.9999999184159616,2,2,true,false,0,12,0,0.09680654434543354;0.09680654434543354;0.09680654434543354;0.09680654434543354;0.09680654434543354;0.09680654434543354;0.09680654434543354;0.09680654434543354;0.09680654434543354;0.09680654434543354;0.09680654434543354;0.09680654434543354;0.09680654434543354,0.06000000000000001;0.37228231841649917;0.8464024725792524;0.9235618988331857;0.8621013485240451;0.9814898259427313;0.9977813790942429;0.9997607460392317;0.9998804484065207;0.9999871318221923;0.9999941311004843;0.9999993080385058;0.9999999184159616
confirm,14961,coupled,true,true,false,0.8433485906763153,8,0.625,6,6,0.0721454976564124,0.07214549765641246,0.8799126512506044,2,2,true,2,0.06000000000000001,0.4108286741778422,0,0,false,true,0,2,0,0.0721454976564124;0.0721454976564124;0.8799126512506044;0.8799126512506044;0.07214549765641246;0.07214549765641246;0.01089869729404174;0.01089869729404174;0.07214549765641246;0.01089869729404174;0.01089869729404174;0.07214549765641246;0.07214549765641246,0.06000000000000001;0.06000000000000001;0.3512297621379089;0.4108286741778422;0.4108286741778422;0.4108286741778422;0.4108286741778422;0.4108286741778422;0.4108286741778422;0.4108286741778422;0.4108286741778422;0.4108286741778422;0.4108286741778422
confirm,14961,no_dyad,false,false,false,0.8433485906763153,0,0.5,0,0,0.0721454976564124,0.0721454976564124,0.0721454976564124,0,0,false,0,0.06000000000000001,0.06000000000000001,0,0,false,true,0,0,0,0.0721454976564124;0.0721454976564124;0.0721454976564124;0.0721454976564124;0.0721454976564124;0.0721454976564124;0.0721454976564124;0.0721454976564124;0.0721454976564124;0.0721454976564124;0.0721454976564124;0.0721454976564124;0.0721454976564124,0.06000000000000001;0.06000000000000001;0.06000000000000001;0.06000000000000001;0.06000000000000001;0.06000000000000001;0.06000000000000001;0.06000000000000001;0.06000000000000001;0.06000000000000001;0.06000000000000001;0.06000000000000001;0.06000000000000001
confirm,14961,decoupled,true,false,false,0.8433485906763153,8,0.625,6,0,0.0721454976564124,0.0721454976564124,0.0721454976564124,0,0,false,0,0.06000000000000001,0.06000000000000001,0,0,false,true,0,0,0,0.0721454976564124;0.0721454976564124;0.0721454976564124;0.0721454976564124;0.0721454976564124;0.0721454976564124;0.0721454976564124;0.0721454976564124;0.0721454976564124;0.0721454976564124;0.0721454976564124;0.0721454976564124;0.0721454976564124,0.06000000000000001;0.06000000000000001;0.06000000000000001;0.06000000000000001;0.06000000000000001;0.06000000000000001;0.06000000000000001;0.06000000000000001;0.06000000000000001;0.06000000000000001;0.06000000000000001;0.06000000000000001;0.06000000000000001
confirm,14961,authored_access,false,false,true,0.8433485906763153,0,0.5,0,0,0.0721454976564124,0.0721454976564124,0.0721454976564124,0,1,true,12,0.06000000000000001,0.9999999984792043,2,2,true,false,0,12,0,0.0721454976564124;0.0721454976564124;0.0721454976564124;0.0721454976564124;0.0721454976564124;0.0721454976564124;0.0721454976564124;0.0721454976564124;0.0721454976564124;0.0721454976564124;0.0721454976564124;0.0721454976564124;0.0721454976564124,0.06000000000000001;0.37228231841649917;0.8341679538112797;0.8662911693916405;0.9836598330366169;0.9982153578399534;0.9998076205438163;0.9999792915017602;0.9999905552584514;0.9999989834960105;0.9999998801515332;0.9999999871012425;0.9999999984792043
confirm,14962,coupled,true,true,false,0.7624958925147068,7,0.5625,6,6,0.10661282019724799,0.9974456625137113,0.9974456625137113,3,3,true,10,0.06000000000000001,0.9999997317745066,5,5,true,true,2,10,0,0.10661282019724799;0.10661282019724799;0.10661282019724799;0.9247182899647249;0.9247182899647249;0.9942155887459919;0.9970694475720776;0.9970694475720776;0.9942155887459919;0.9942155887459919;0.9970694475720776;0.9970694475720776;0.9974456625137113,0.06000000000000001;0.06000000000000001;0.06000000000000001;0.075967752713077;0.4108286741778422;0.8662911693916405;0.9534008810104996;0.9942703295663071;0.999380171929673;0.9999332537497788;0.9999921299870218;0.9999975077951436;0.9999997317745066
confirm,14962,no_dyad,false,false,false,0.7624958925147068,0,0.5,0,0,0.10661282019724799,0.10661282019724799,0.10661282019724799,0,0,false,0,0.06000000000000001,0.06000000000000001,0,0,false,true,0,0,0,0.10661282019724799;0.10661282019724799;0.10661282019724799;0.10661282019724799;0.10661282019724799;0.10661282019724799;0.10661282019724799;0.10661282019724799;0.10661282019724799;0.10661282019724799;0.10661282019724799;0.10661282019724799;0.10661282019724799,0.06000000000000001;0.06000000000000001;0.06000000000000001;0.06000000000000001;0.06000000000000001;0.06000000000000001;0.06000000000000001;0.06000000000000001;0.06000000000000001;0.06000000000000001;0.06000000000000001;0.06000000000000001;0.06000000000000001
confirm,14962,decoupled,true,false,false,0.7624958925147068,7,0.5625,6,0,0.10661282019724799,0.10661282019724799,0.10661282019724799,0,0,false,0,0.06000000000000001,0.06000000000000001,0,0,false,true,0,0,0,0.10661282019724799;0.10661282019724799;0.10661282019724799;0.10661282019724799;0.10661282019724799;0.10661282019724799;0.10661282019724799;0.10661282019724799;0.10661282019724799;0.10661282019724799;0.10661282019724799;0.10661282019724799;0.10661282019724799,0.06000000000000001;0.06000000000000001;0.06000000000000001;0.06000000000000001;0.06000000000000001;0.06000000000000001;0.06000000000000001;0.06000000000000001;0.06000000000000001;0.06000000000000001;0.06000000000000001;0.06000000000000001;0.06000000000000001
confirm,14962,authored_access,false,false,true,0.7624958925147068,0,0.5,0,0,0.10661282019724799,0.10661282019724799,0.10661282019724799,0,1,true,12,0.06000000000000001,0.9999999916552408,2,4,true,false,0,12,0,0.10661282019724799;0.10661282019724799;0.10661282019724799;0.10661282019724799;0.10661282019724799;0.10661282019724799;0.10661282019724799;0.10661282019724799;0.10661282019724799;0.10661282019724799;0.10661282019724799;0.10661282019724799;0.10661282019724799,0.06000000000000001;0.37228231841649917;0.6723117085342495;0.7254694760865406;0.9572892043826289;0.9952210837763182;0.9984817058619946;0.9998207492612319;0.9999807049557892;0.9999979233246641;0.9999997551543423;0.9999999224648854;0.9999999916552408
confirm,14963,coupled,true,true,false,0.8140245718017857,8,0.625,7,7,0.06318974375581682,0.996902879215067,0.996902879215067,6,6,true,5,0.06000000000000001,0.9969194171272879,9,9,true,true,3,5,0,0.06318974375581682;0.06318974375581682;0.010528679064677395;0.010528679064677395;0.06318974375581682;0.06318974375581682;0.8578889894623528;0.06318974375581682;0.06318974375581682;0.8578889894623528;0.9925626187996326;0.9925626187996326;0.996902879215067,0.06000000000000001;0.06000000000000001;0.06000000000000001;0.06000000000000001;0.06000000000000001;0.06000000000000001;0.37228231841649917;0.37228231841649917;0.37228231841649917;0.8464024725792524;0.9790523069255674;0.9894231435712123;0.9969194171272879
confirm,14963,no_dyad,false,false,false,0.8140245718017857,0,0.5,0,0,0.06318974375581682,0.06318974375581682,0.06318974375581682,0,0,false,0,0.06000000000000001,0.06000000000000001,0,0,false,true,0,0,0,0.06318974375581682;0.06318974375581682;0.06318974375581682;0.06318974375581682;0.06318974375581682;0.06318974375581682;0.06318974375581682;0.06318974375581682;0.06318974375581682;0.06318974375581682;0.06318974375581682;0.06318974375581682;0.06318974375581682,0.06000000000000001;0.06000000000000001;0.06000000000000001;0.06000000000000001;0.06000000000000001;0.06000000000000001;0.06000000000000001;0.06000000000000001;0.06000000000000001;0.06000000000000001;0.06000000000000001;0.06000000000000001;0.06000000000000001
confirm,14963,decoupled,true,false,false,0.8140245718017857,8,0.625,7,0,0.06318974375581682,0.06318974375581682,0.06318974375581682,0,0,false,0,0.06000000000000001,0.06000000000000001,0,0,false,true,0,0,0,0.06318974375581682;0.06318974375581682;0.06318974375581682;0.06318974375581682;0.06318974375581682;0.06318974375581682;0.06318974375581682;0.06318974375581682;0.06318974375581682;0.06318974375581682;0.06318974375581682;0.06318974375581682;0.06318974375581682,0.06000000000000001;0.06000000000000001;0.06000000000000001;0.06000000000000001;0.06000000000000001;0.06000000000000001;0.06000000000000001;0.06000000000000001;0.06000000000000001;0.06000000000000001;0.06000000000000001;0.06000000000000001;0.06000000000000001
confirm,14963,authored_access,false,false,true,0.8140245718017857,0,0.5,0,0,0.06318974375581682,0.06318974375581682,0.06318974375581682,0,1,true,12,0.06000000000000001,0.9999999482909061,2,2,true,false,0,12,0,0.06318974375581682;0.06318974375581682;0.06318974375581682;0.06318974375581682;0.06318974375581682;0.06318974375581682;0.06318974375581682;0.06318974375581682;0.06318974375581682;0.06318974375581682;0.06318974375581682;0.06318974375581682;0.06318974375581682,0.06000000000000001;0.37228231841649917;0.8464024725792524;0.9168697330393974;0.9903361645498882;0.9989508770939862;0.9998869817704349;0.9999435300636698;0.9999717854058664;0.9999969633125745;0.9999996419660085;0.9999998211172034;0.9999999482909061
confirm,14964,coupled,true,true,false,0.8061950776640994,10,0.75,9,9,0.0979942906032055,0.99751134115863,0.9975243363277152,2,2,true,11,0.06000000000000001,0.9999898022661382,3,3,true,true,1,11,0,0.0979942906032055;0.0979942906032055;0.9170388495142701;0.9170388495142701;0.9940087874498563;0.9970471058599572;0.9974418725046892;0.99751134115863;0.99751134115863;0.9975243363277152;0.99751134115863;0.9974418725046892;0.99751134115863,0.06000000000000001;0.06000000000000001;0.37228231841649917;0.8341679538112797;0.9770978620294866;0.9932701767743829;0.9992713230463457;0.9997892544701119;0.9996448253536747;0.9976887272318787;0.9997269384584999;0.9999677976057217;0.9999898022661382
confirm,14964,no_dyad,false,false,false,0.8061950776640994,0,0.5,0,0,0.0979942906032055,0.0979942906032055,0.0979942906032055,0,0,false,0,0.06000000000000001,0.06000000000000001,0,0,false,true,0,0,0,0.0979942906032055;0.0979942906032055;0.0979942906032055;0.0979942906032055;0.0979942906032055;0.0979942906032055;0.0979942906032055;0.0979942906032055;0.0979942906032055;0.0979942906032055;0.0979942906032055;0.0979942906032055;0.0979942906032055,0.06000000000000001;0.06000000000000001;0.06000000000000001;0.06000000000000001;0.06000000000000001;0.06000000000000001;0.06000000000000001;0.06000000000000001;0.06000000000000001;0.06000000000000001;0.06000000000000001;0.06000000000000001;0.06000000000000001
confirm,14964,decoupled,true,false,false,0.8061950776640994,10,0.75,9,0,0.0979942906032055,0.0979942906032055,0.0979942906032055,0,0,false,0,0.06000000000000001,0.06000000000000001,0,0,false,true,0,0,0,0.0979942906032055;0.0979942906032055;0.0979942906032055;0.0979942906032055;0.0979942906032055;0.0979942906032055;0.0979942906032055;0.0979942906032055;0.0979942906032055;0.0979942906032055;0.0979942906032055;0.0979942906032055;0.0979942906032055,0.06000000000000001;0.06000000000000001;0.06000000000000001;0.06000000000000001;0.06000000000000001;0.06000000000000001;0.06000000000000001;0.06000000000000001;0.06000000000000001;0.06000000000000001;0.06000000000000001;0.06000000000000001;0.06000000000000001
confirm,14964,authored_access,false,false,true,0.8061950776640994,0,0.5,0,0,0.0979942906032055,0.0979942906032055,0.0979942906032055,0,1,true,12,0.06000000000000001,0.9999989024533846,2,2,true,false,0,12,0,0.0979942906032055;0.0979942906032055;0.0979942906032055;0.0979942906032055;0.0979942906032055;0.0979942906032055;0.0979942906032055;0.0979942906032055;0.0979942906032055;0.0979942906032055;0.0979942906032055;0.0979942906032055;0.0979942906032055,0.06000000000000001;0.37228231841649917;0.8464024725792524;0.9790523069255674;0.9974837190569372;0.9992713230463457;0.9999215247196229;0.9999773141318631;0.9999617620169294;0.9997507339005881;0.9999706044408629;0.9999965341002844;0.9999989024533846
confirm,14965,coupled,true,true,false,0.8363338951976267,9,0.6875,7,7,0.08398580475407788,0.9970023160113252,0.9970023160113252,9,9,true,4,0.06000000000000001,0.9040670338375032,12,12,true,true,3,4,0,0.08398580475407788;0.08398580475407788;0.011358407952028804;0.011358407952028804;0.00740441606015184;0.00740441606015184;0.011358407952028804;0.011358407952028804;0.08398580475407788;0.9003854274014141;0.9003854274014141;0.993580397704707;0.9970023160113252,0.06000000000000001;0.06000000000000001;0.06000000000000001;0.06000000000000001;0.06000000000000001;0.06000000000000001;0.06000000000000001;0.06000000000000001;0.06000000000000001;0.0364867159647293;0.1158284650594876;0.5263147996861114;0.9040670338375032
confirm,14965,no_dyad,false,false,false,0.8363338951976267,0,0.5,0,0,0.08398580475407788,0.08398580475407788,0.08398580475407788,0,0,false,0,0.06000000000000001,0.06000000000000001,0,0,false,true,0,0,0,0.08398580475407788;0.08398580475407788;0.08398580475407788;0.08398580475407788;0.08398580475407788;0.08398580475407788;0.08398580475407788;0.08398580475407788;0.08398580475407788;0.08398580475407788;0.08398580475407788;0.08398580475407788;0.08398580475407788,0.06000000000000001;0.06000000000000001;0.06000000000000001;0.06000000000000001;0.06000000000000001;0.06000000000000001;0.06000000000000001;0.06000000000000001;0.06000000000000001;0.06000000000000001;0.06000000000000001;0.06000000000000001;0.06000000000000001
confirm,14965,decoupled,true,false,false,0.8363338951976267,9,0.6875,7,0,0.08398580475407788,0.08398580475407788,0.08398580475407788,0,0,false,0,0.06000000000000001,0.06000000000000001,0,0,false,true,0,0,0,0.08398580475407788;0.08398580475407788;0.08398580475407788;0.08398580475407788;0.08398580475407788;0.08398580475407788;0.08398580475407788;0.08398580475407788;0.08398580475407788;0.08398580475407788;0.08398580475407788;0.08398580475407788;0.08398580475407788,0.06000000000000001;0.06000000000000001;0.06000000000000001;0.06000000000000001;0.06000000000000001;0.06000000000000001;0.06000000000000001;0.06000000000000001;0.06000000000000001;0.06000000000000001;0.06000000000000001;0.06000000000000001;0.06000000000000001
confirm,14965,authored_access,false,false,true,0.8363338951976267,0,0.5,0,0,0.08398580475407788,0.08398580475407788,0.08398580475407788,0,1,true,12,0.06000000000000001,0.9999995095941931,2,2,true,false,0,12,0,0.08398580475407788;0.08398580475407788;0.08398580475407788;0.08398580475407788;0.08398580475407788;0.08398580475407788;0.08398580475407788;0.08398580475407788;0.08398580475407788;0.08398580475407788;0.08398580475407788;0.08398580475407788;0.08398580475407788,0.06000000000000001;0.37228231841649917;0.8464024725792524;0.9808432315593848;0.9979023836515912;0.9990422361759932;0.9998968319738872;0.9999888954630048;0.9999276008050598;0.9998779722765659;0.9999647227693651;0.9999958405969617;0.9999995095941931
confirm,14966,coupled,true,true,false,0.7058940951915214,10,0.75,8,8,0.07521508730257391,0.9975238609985619,0.9975238609985619,2,2,true,11,0.06000000000000001,0.9999997500825278,3,4,true,true,1,11,0,0.07521508730257391;0.07521508730257391;0.8859876146697436;0.8859876146697436;0.9932262870362993;0.8859876146697439;0.9932262870362993;0.9932262870362993;0.9969666796687349;0.9974283838108892;0.9975088340291883;0.9975088340291883;0.9975238609985619,0.06000000000000001;0.06000000000000001;0.37228231841649917;0.6519131339784898;0.9407747933935904;0.9926322934894489;0.9991256465454349;0.9997229535811847;0.9999701753556715;0.9999905552584514;0.9999970091210589;0.9999976779029296;0.9999997500825278
confirm,14966,no_dyad,false,false,false,0.7058940951915214,0,0.5,0,0,0.07521508730257391,0.07521508730257391,0.07521508730257391,0,0,false,0,0.06000000000000001,0.06000000000000001,0,0,false,true,0,0,0,0.07521508730257391;0.07521508730257391;0.07521508730257391;0.07521508730257391;0.07521508730257391;0.07521508730257391;0.07521508730257391;0.07521508730257391;0.07521508730257391;0.07521508730257391;0.07521508730257391;0.07521508730257391;0.07521508730257391,0.06000000000000001;0.06000000000000001;0.06000000000000001;0.06000000000000001;0.06000000000000001;0.06000000000000001;0.06000000000000001;0.06000000000000001;0.06000000000000001;0.06000000000000001;0.06000000000000001;0.06000000000000001;0.06000000000000001
confirm,14966,decoupled,true,false,false,0.7058940951915214,10,0.75,8,0,0.07521508730257391,0.07521508730257391,0.07521508730257391,0,0,false,0,0.06000000000000001,0.06000000000000001,0,0,false,true,0,0,0,0.07521508730257391;0.07521508730257391;0.07521508730257391;0.07521508730257391;0.07521508730257391;0.07521508730257391;0.07521508730257391;0.07521508730257391;0.07521508730257391;0.07521508730257391;0.07521508730257391;0.07521508730257391;0.07521508730257391,0.06000000000000001;0.06000000000000001;0.06000000000000001;0.06000000000000001;0.06000000000000001;0.06000000000000001;0.06000000000000001;0.06000000000000001;0.06000000000000001;0.06000000000000001;0.06000000000000001;0.06000000000000001;0.06000000000000001
confirm,14966,authored_access,false,false,true,0.7058940951915214,0,0.5,0,0,0.07521508730257391,0.07521508730257391,0.07521508730257391,0,1,true,12,0.06000000000000001,0.9999999705340994,2,2,true,false,0,12,0,0.07521508730257391;0.07521508730257391;0.07521508730257391;0.07521508730257391;0.07521508730257391;0.07521508730257391;0.07521508730257391;0.07521508730257391;0.07521508730257391;0.07521508730257391;0.07521508730257391;0.07521508730257391;0.07521508730257391,0.06000000000000001;0.3512297621379089;0.8341679538112797;0.9407747933935904;0.9926322934894489;0.9991256465454349;0.9998968319738872;0.9999673275506671;0.9999964835074259;0.9999988864321033;0.9999996473669719;0.9999997262183945;0.9999999705340994
confirm,14967,coupled,true,true,false,0.8924194110317822,12,0.875,9,9,0.12268971470112006,0.9975273582569548,0.9975273582569548,2,2,true,11,0.06000000000000001,0.9999999224648854,3,3,true,true,1,11,0,0.12268971470112006;0.12268971470112006;0.9356965711547238;0.9356965711547238;0.9945249362300469;0.9971038261410295;0.9974515319088365;0.997513141960333;0.997513141960333;0.9975246779407907;0.9975268637646239;0.9975272792108992;0.9975273582569548,0.06000000000000001;0.06000000000000001;0.3512297621379089;0.8341679538112797;0.855370145823155;0.9534008810104998;0.9942703295663071;0.999380171929673;0.9999268807444569;0.9999921299870218;0.9999933063213119;0.9999992795849043;0.9999999224648854
confirm,14967,no_dyad,false,false,false,0.8924194110317822,0,0.5,0,0,0.12268971470112006,0.12268971470112006,0.12268971470112006,0,0,false,0,0.06000000000000001,0.06000000000000001,0,0,false,true,0,0,0,0.12268971470112006;0.12268971470112006;0.12268971470112006;0.12268971470112006;0.12268971470112006;0.12268971470112006;0.12268971470112006;0.12268971470112006;0.12268971470112006;0.12268971470112006;0.12268971470112006;0.12268971470112006;0.12268971470112006,0.06000000000000001;0.06000000000000001;0.06000000000000001;0.06000000000000001;0.06000000000000001;0.06000000000000001;0.06000000000000001;0.06000000000000001;0.06000000000000001;0.06000000000000001;0.06000000000000001;0.06000000000000001;0.06000000000000001
confirm,14967,decoupled,true,false,false,0.8924194110317822,12,0.875,9,0,0.12268971470112006,0.12268971470112006,0.12268971470112006,0,0,false,0,0.06000000000000001,0.06000000000000001,0,0,false,true,0,0,0,0.12268971470112006;0.12268971470112006;0.12268971470112006;0.12268971470112006;0.12268971470112006;0.12268971470112006;0.12268971470112006;0.12268971470112006;0.12268971470112006;0.12268971470112006;0.12268971470112006;0.12268971470112006;0.12268971470112006,0.06000000000000001;0.06000000000000001;0.06000000000000001;0.06000000000000001;0.06000000000000001;0.06000000000000001;0.06000000000000001;0.06000000000000001;0.06000000000000001;0.06000000000000001;0.06000000000000001;0.06000000000000001;0.06000000000000001
confirm,14967,authored_access,false,false,true,0.8924194110317822,0,0.5,0,0,0.12268971470112006,0.12268971470112006,0.12268971470112006,0,1,true,12,0.06000000000000001,0.9999999612615103,3,3,true,false,0,12,0,0.12268971470112006;0.12268971470112006;0.12268971470112006;0.12268971470112006;0.12268971470112006;0.12268971470112006;0.12268971470112006;0.12268971470112006;0.12268971470112006;0.12268971470112006;0.12268971470112006;0.12268971470112006;0.12268971470112006,0.06000000000000001;0.11328287332364925;0.5200540510582027;0.9096489851846495;0.9221018752885225;0.9761620816230044;0.9971290820324177;0.9996902222694782;0.9999634664488736;0.9999960679285903;0.9999966556589963;0.9999996400624148;0.9999999612615103
confirm,14968,coupled,true,true,false,0.8145159732707189,11,0.8125,8,8,0.11567886680858003,0.9975245931277568,0.9975245931277568,2,2,true,11,0.06000000000000001,0.9999999653557777,3,3,true,true,1,11,0,0.11567886680858003;0.11567886680858003;0.931349992268638;0.931349992268638;0.9944002674898614;0.9970898277321169;0.9944002674898614;0.9944002674898614;0.9970898277321169;0.9974491364551094;0.997512694952513;0.9975245931277568;0.9975245931277568,0.06000000000000001;0.06000000000000001;0.37228231841649917;0.8464024725792524;0.9808432315593848;0.9903361645498882;0.9988508134850422;0.999107551055935;0.9999038731439606;0.9999896534075368;0.9999988864321033;0.9999998801515332;0.9999999653557777
confirm,14968,no_dyad,false,false,false,0.8145159732707189,0,0.5,0,0,0.11567886680858003,0.11567886680858003,0.11567886680858003,0,0,false,0,0.06000000000000001,0.06000000000000001,0,0,false,true,0,0,0,0.11567886680858003;0.11567886680858003;0.11567886680858003;0.11567886680858003;0.11567886680858003;0.11567886680858003;0.11567886680858003;0.11567886680858003;0.11567886680858003;0.11567886680858003;0.11567886680858003;0.11567886680858003;0.11567886680858003,0.06000000000000001;0.06000000000000001;0.06000000000000001;0.06000000000000001;0.06000000000000001;0.06000000000000001;0.06000000000000001;0.06000000000000001;0.06000000000000001;0.06000000000000001;0.06000000000000001;0.06000000000000001;0.06000000000000001
confirm,14968,decoupled,true,false,false,0.8145159732707189,11,0.8125,8,0,0.11567886680858003,0.11567886680858003,0.11567886680858003,0,0,false,0,0.06000000000000001,0.06000000000000001,0,0,false,true,0,0,0,0.11567886680858003;0.11567886680858003;0.11567886680858003;0.11567886680858003;0.11567886680858003;0.11567886680858003;0.11567886680858003;0.11567886680858003;0.11567886680858003;0.11567886680858003;0.11567886680858003;0.11567886680858003;0.11567886680858003,0.06000000000000001;0.06000000000000001;0.06000000000000001;0.06000000000000001;0.06000000000000001;0.06000000000000001;0.06000000000000001;0.06000000000000001;0.06000000000000001;0.06000000000000001;0.06000000000000001;0.06000000000000001;0.06000000000000001
confirm,14968,authored_access,false,false,true,0.8145159732707189,0,0.5,0,0,0.11567886680858003,0.11567886680858003,0.11567886680858003,0,1,true,12,0.06000000000000001,0.9999999899855033,2,3,true,false,0,12,0,0.11567886680858003;0.11567886680858003;0.11567886680858003;0.11567886680858003;0.11567886680858003;0.11567886680858003;0.11567886680858003;0.11567886680858003;0.11567886680858003;0.11567886680858003;0.11567886680858003;0.11567886680858003;0.11567886680858003,0.06000000000000001;0.18087388666753335;0.6723117085342495;0.9501573493494073;0.9943859544935266;0.9971871804519958;0.9996675366477344;0.9997418588074437;0.9999722110129713;0.9999970091210589;0.9999996781041757;0.9999999653557777;0.9999999899855033
confirm,14969,coupled,true,true,false,0.808202367852364,11,0.8125,9,9,0.1268067823525256,0.9975268725732598,0.997527280888504,2,2,true,11,0.06000000000000001,0.9999978363998736,5,6,true,true,3,11,0,0.1268067823525256;0.1268067823525256;0.9379894803292409;0.9379894803292409;0.9945920131434746;0.997111441263654;0.9974528382500283;0.9975133858504339;0.9975133858504339;0.9975247242195734;0.9975268725732598;0.997527280888504;0.9975268725732598,0.06000000000000001;0.06000000000000001;0.16775280251304317;0.2061090452411087;0.45050179283158154;0.6425510770018388;0.8614697367572498;0.9813932422661383;0.9979636252619531;0.9997804350710829;0.9999365211477826;0.999981649539702;0.9999978363998736
confirm,14969,no_dyad,false,false,false,0.808202367852364,0,0.5,0,0,0.1268067823525256,0.1268067823525256,0.1268067823525256,0,0,false,0,0.06000000000000001,0.06000000000000001,0,0,false,true,0,0,0,0.1268067823525256;0.1268067823525256;0.1268067823525256;0.1268067823525256;0.1268067823525256;0.1268067823525256;0.1268067823525256;0.1268067823525256;0.1268067823525256;0.1268067823525256;0.1268067823525256;0.1268067823525256;0.1268067823525256,0.06000000000000001;0.06000000000000001;0.06000000000000001;0.06000000000000001;0.06000000000000001;0.06000000000000001;0.06000000000000001;0.06000000000000001;0.06000000000000001;0.06000000000000001;0.06000000000000001;0.06000000000000001;0.06000000000000001
confirm,14969,decoupled,true,false,false,0.808202367852364,11,0.8125,9,0,0.1268067823525256,0.1268067823525256,0.1268067823525256,0,0,false,0,0.06000000000000001,0.06000000000000001,0,0,false,true,0,0,0,0.1268067823525256;0.1268067823525256;0.1268067823525256;0.1268067823525256;0.1268067823525256;0.1268067823525256;0.1268067823525256;0.1268067823525256;0.1268067823525256;0.1268067823525256;0.1268067823525256;0.1268067823525256;0.1268067823525256,0.06000000000000001;0.06000000000000001;0.06000000000000001;0.06000000000000001;0.06000000000000001;0.06000000000000001;0.06000000000000001;0.06000000000000001;0.06000000000000001;0.06000000000000001;0.06000000000000001;0.06000000000000001;0.06000000000000001
confirm,14969,authored_access,false,false,true,0.808202367852364,0,0.5,0,0,0.1268067823525256,0.1268067823525256,0.1268067823525256,0,1,true,12,0.06000000000000001,0.9999989190099267,4,6,true,false,0,12,0,0.1268067823525256;0.1268067823525256;0.1268067823525256;0.1268067823525256;0.1268067823525256;0.1268067823525256;0.1268067823525256;0.1268067823525256;0.1268067823525256;0.1268067823525256;0.1268067823525256;0.1268067823525256;0.1268067823525256,0.06000000000000001;0.11328287332364925;0.28746237397264796;0.34194390968486355;0.6213433174850275;0.7825095385266803;0.925631820912468;0.9906162308130396;0.9989815383303099;0.9998902877996012;0.9999682833654637;0.9999908315654766;0.9999989190099267
confirm,14970,coupled,true,true,false,0.7602882136107985,9,0.6875,7,7,0.10427364692647655,0.9975118651670061,0.9975118651670061,2,2,true,11,0.06000000000000001,0.9999996954818481,3,3,true,true,1,11,0,0.10427364692647655;0.10427364692647655;0.9227835430527338;0.9227835430527338;0.9941628275414324;0.9970637004898295;0.9970637004898295;0.9974446857702877;0.9975118651670061;0.9975118651670061;0.9974446857702877;0.9975118651670061;0.9975118651670061,0.06000000000000001;0.06000000000000001;0.37228231841649917;0.8464024725792524;0.9790523069255674;0.9932701767743829;0.99920179862122;0.9999058237550318;0.9998180043372968;0.9999804094366065;0.9999976901837277;0.9999989465484584;0.9999996954818481
confirm,14970,no_dyad,false,false,false,0.7602882136107985,0,0.5,0,0,0.10427364692647655,0.10427364692647655,0.10427364692647655,0,0,false,0,0.06000000000000001,0.06000000000000001,0,0,false,true,0,0,0,0.10427364692647655;0.10427364692647655;0.10427364692647655;0.10427364692647655;0.10427364692647655;0.10427364692647655;0.10427364692647655;0.10427364692647655;0.10427364692647655;0.10427364692647655;0.10427364692647655;0.10427364692647655;0.10427364692647655,0.06000000000000001;0.06000000000000001;0.06000000000000001;0.06000000000000001;0.06000000000000001;0.06000000000000001;0.06000000000000001;0.06000000000000001;0.06000000000000001;0.06000000000000001;0.06000000000000001;0.06000000000000001;0.06000000000000001
confirm,14970,decoupled,true,false,false,0.7602882136107985,9,0.6875,7,0,0.10427364692647655,0.10427364692647655,0.10427364692647655,0,0,false,0,0.06000000000000001,0.06000000000000001,0,0,false,true,0,0,0,0.10427364692647655;0.10427364692647655;0.10427364692647655;0.10427364692647655;0.10427364692647655;0.10427364692647655;0.10427364692647655;0.10427364692647655;0.10427364692647655;0.10427364692647655;0.10427364692647655;0.10427364692647655;0.10427364692647655,0.06000000000000001;0.06000000000000001;0.06000000000000001;0.06000000000000001;0.06000000000000001;0.06000000000000001;0.06000000000000001;0.06000000000000001;0.06000000000000001;0.06000000000000001;0.06000000000000001;0.06000000000000001;0.06000000000000001
confirm,14970,authored_access,false,false,true,0.7602882136107985,0,0.5,0,0,0.10427364692647655,0.10427364692647655,0.10427364692647655,0,1,true,12,0.06000000000000001,0.9999999672260602,2,2,true,false,0,12,0,0.10427364692647655;0.10427364692647655;0.10427364692647655;0.10427364692647655;0.10427364692647655;0.10427364692647655;0.10427364692647655;0.10427364692647655;0.10427364692647655;0.10427364692647655;0.10427364692647655;0.10427364692647655;0.10427364692647655,0.06000000000000001;0.37228231841649917;0.8464024725792524;0.9808432315593848;0.997702546465755;0.9992713230463457;0.9999140319098943;0.9999898633787655;0.9999804094366065;0.9999978915181486;0.9999997514042608;0.9999998866216009;0.9999999672260602
