_observation.scope_ids	action.delivered_exposure	action.selected	action.success	learning.edge.access-bundle.strength	learning.edge.bundle-context.strength	learning.edge.cue-root.strength	learning.edge.episode-bundle.strength	learning.edge.global-protector-one.strength	learning.edge.joint-one.strength	learning.edge.joint-three.strength	learning.edge.joint-two.strength	learning.edge.local-broadcast.strength	learning.edge.local-monitor.strength	learning.edge.partner-regulation.strength	learning.edge.partner-trust-one.strength	learning.edge.protector-one-two.strength	learning.edge.protector-three-one.strength	learning.edge.protector-two-three.strength	learning.edge.structure-episode.strength	learning.parameter.episode-state.value	learning.parameter.exposure-state.value	learning.parameter.partner-state.value	observation.delivered_log_likelihood	observation.is_imaginal	observation.log_likelihood.full-coupling	observation.log_likelihood.reduced-coupling	observation.marginal_equivalence_error	observation.scope_size	observation.source	policy.access_probability	policy.joint.expected_free_energy.protector-one=approach;protector-three=approach;protector-two=approach	policy.joint.posterior.protector-one=approach;protector-three=approach;protector-two=approach	policy.protector.protector-one.permission_probability	policy.protector.protector-three.permission_probability	policy.protector.protector-two.permission_probability	provenance.edge_id	provenance.model_candidate	provenance.observation_event_id	provenance.rng_namespace	provenance.update_function	run.arm	run.episode	run.event_executed	run.event_id	run.event_index	run.event_kind	run.genome_id	run.row_index	run.row_kind	run.seed	run.stop_reason	run.stopped	run.time	state.access.access-main.probability	state.bundle.bundle-main.activation_probability	state.bundle.bundle-main.expected_outcome	state.bundle.bundle-main.mandate_probability	state.bundle.bundle-main.root_probability	state.context.context-main.posterior.episode-state.mixed	state.context.context-main.posterior.episode-state.repair	state.context.context-main.posterior.episode-state.safe	state.context.context-main.posterior.episode-state.threat	state.context.context-main.posterior.exposure-state.high	state.context.context-main.posterior.exposure-state.low	state.context.context-main.posterior.partner-state.adverse	state.context.context-main.posterior.partner-state.ambiguous	state.context.context-main.posterior.partner-state.helpful	state.context.context-main.transition_entropy	state.cue.cue-main.meaning_probability	state.cue.cue-main.root_association	state.episode.episode-main.joint_probability	state.global_precision.global-main.context	state.global_precision.global-main.depth	state.global_precision.global-main.interoception	state.global_precision.global-main.part	state.global_precision.global-main.policy	state.global_precision.global-main.relationship	state.local_precision.local-one.calibration_error	state.local_precision.local-one.mean	state.partner.partner-main.regulation_probability	state.partner.partner-main.trust_probability	state.protector.protector-one.forecast_coprotection	state.protector.protector-one.forecast_outcome	state.protector.protector-one.forecast_partner_type	state.protector.protector-one.permission_probability	state.protector.protector-one.suppression_probability	state.protector.protector-three.forecast_coprotection	state.protector.protector-three.forecast_outcome	state.protector.protector-three.forecast_partner_type	state.protector.protector-three.permission_probability	state.protector.protector-three.suppression_probability	state.protector.protector-two.forecast_coprotection	state.protector.protector-two.forecast_outcome	state.protector.protector-two.forecast_partner_type	state.protector.protector-two.permission_probability	state.protector.protector-two.suppression_probability	state.structure.structure-main.complexity.full-coupling	state.structure.structure-main.complexity.reduced-coupling	state.structure.structure-main.first_stable_reduced_win	state.structure.structure-main.log_evidence.full-coupling	state.structure.structure-main.log_evidence.reduced-coupling	state.structure.structure-main.reversals_to_full	state.structure.structure-main.selected.full-coupling	state.structure.structure-main.selected.reduced-coupling	world.potential_hazard	world.realized_hazard	world.truth.episode-state	world.truth.exposure-state	world.truth.partner-state
																																								typed-intervention-enable	closed-loop	1	true	enable-contingency#0	0	intervene	c44b479670ab23b6e334606a99194c7bb4aef56fbd5f5a80d76002404fcd15bb	0	event	71008			0																																																								
																																								typed-intervention-disable	closed-loop	1	true	closed-disable-withdraw#0	1	intervene	c44b479670ab23b6e334606a99194c7bb4aef56fbd5f5a80d76002404fcd15bb	1	event	71008			0																																																								
																																								typed-intervention-disable	closed-loop	1	true	closed-disable-permit#0	2	intervene	c44b479670ab23b6e334606a99194c7bb4aef56fbd5f5a80d76002404fcd15bb	2	event	71008			0																																																								
																																								typed-intervention-disable	closed-loop	1	true	closed-disable-suppress#0	3	intervene	c44b479670ab23b6e334606a99194c7bb4aef56fbd5f5a80d76002404fcd15bb	3	event	71008			0																																																								
																																								typed-intervention-disable	closed-loop	1	true	closed-disable-wait#0	4	intervene	c44b479670ab23b6e334606a99194c7bb4aef56fbd5f5a80d76002404fcd15bb	4	event	71008			0																																																								
																																								typed-intervention-disable	closed-loop	1	true	closed-disable-observe#0	5	intervene	c44b479670ab23b6e334606a99194c7bb4aef56fbd5f5a80d76002404fcd15bb	5	event	71008			0																																																								
	0.0	approach	false	1.0	1.0	0.501953276292501	1.0	1.0	1.0	1.0	1.0	1.0	1.0	1.0	1.0	1.0	1.0	1.0	1.0	0.4086724619845128	0.5	0.37503640424385276								0.5	0.15735775312370037	1.0	0.0	0.0	0.0						closed-loop	1					c44b479670ab23b6e334606a99194c7bb4aef56fbd5f5a80d76002404fcd15bb	6	tick	71008		false	0	0.5	0.41432761547781577	0.4587155963302753	0.5	0.5116540514241983	0.24888034857535263	0.24418332390941863	0.25086958225275896	0.2560667452624697	0.5	0.5	0.334297223237864	0.3492851538424562	0.31641762291967984	0.8896025079755792	0.5522018431204238	0.501953276292501	0.36327849244907573	0.11039749202442084	0.6054623900054421	0.5	0.792032854667161	1.0	0.6248816033356285	0.07125469172540888	0.8140449826094949	0.6238781086611955	0.5496441233558854	0.5	0.5248220616779427	0.5496441233558854	0.0	1.0	0.5124110308389713	0.5	0.5496441233558854	0.0	1.0	0.5124110308389713	0.5	0.5496441233558854	0.0	1.0	0.3	0.28	-1.0	-15.201980474755041	-15.015714982790561	0.0	false	true	true	true	threat	high	adverse
["episode-state", "episode-main", "bundle-main", "context-main"]																							-1.3239802911304535	false	-1.9716271273522477	-1.9723370899323573	0.0	4	world								full-coupling	closed-episode-stream#0	emission:episode-emission;distribution:closed-loop/reliable-signal;scalar_ordinal=0	common-observation-update-v1	closed-loop	1	true	closed-episode-stream#0	6	observe	c44b479670ab23b6e334606a99194c7bb4aef56fbd5f5a80d76002404fcd15bb	7	event	71008			1																																																								
	0.0	approach	false	1.0	1.0	0.501953276292501	1.0	1.0	1.0	1.0	1.0	1.0	1.0	1.0	1.0	1.0	1.0	1.0	1.0	0.4116033546390341	0.5	0.37503640424385276								0.4587155963302753	0.4616819346420479	1.0	0.0	0.0	0.0						closed-loop	1					c44b479670ab23b6e334606a99194c7bb4aef56fbd5f5a80d76002404fcd15bb	8	tick	71008		false	1	0.4587155963302753	0.6076436575993904	0.42372881355932207	0.5	0.5329700677916134	0.16759652419610768	0.12908263886179114	0.10543980056917315	0.597881036372928	0.5	0.5	0.33729464070715715	0.3454181655474453	0.3172871937453976	0.6426727377072057	0.5522018431204238	0.501953276292501	0.597881036372928	0.3573272622927943	0.6556886893898328	0.5	0.7964352802556278	1.0	0.624680904400742	0.04438718292473265	0.8029481868783117	0.6238781086611955	0.5496441233558854	0.45871559633027537	0.5041798598430804	0.5496441233558854	0.0	1.0	0.4814477280866779	0.45871559633027537	0.5496441233558854	0.0	1.0	0.4814477280866779	0.45871559633027537	0.5496441233558854	0.0	1.0	0.3	0.28	1.0	-17.17360760210729	-16.98805207272292	0.0	false	true	true	true	threat	high	adverse
["episode-state", "episode-main", "bundle-main", "context-main"]																							-1.3104972321673238	false	-2.1899832634564844	-2.1924910966123754	0.0	4	world								full-coupling	closed-episode-stream#1	emission:episode-emission;distribution:closed-loop/reliable-signal;scalar_ordinal=0	common-observation-update-v1	closed-loop	1	true	closed-episode-stream#1	7	observe	c44b479670ab23b6e334606a99194c7bb4aef56fbd5f5a80d76002404fcd15bb	9	event	71008			2																																																								
	0.25	approach	true	1.0	1.0	0.501953276292501	1.0	1.0	1.0	1.0	1.0	1.0	1.0	1.0	1.0	1.0	1.0	1.0	1.0	0.41454415589879073	0.5	0.37503640424385276								0.42372881355932207	0.5990367095719857	1.0	0.0	0.0	0.0						closed-loop	1					c44b479670ab23b6e334606a99194c7bb4aef56fbd5f5a80d76002404fcd15bb	10	tick	71008		false	2	0.42372881355932207	0.6523753707401975	0.4645669291338582	0.5	0.5634060934181229	0.15001997644232232	0.10195350558963717	0.07252977467909731	0.6754967432889432	0.5	0.5	0.33722095410992425	0.34548449041243806	0.3172945554776378	0.5291894892650288	0.5522018431204238	0.501953276292501	0.6754967432889432	0.47081051073497115	0.6786137435135937	0.5	0.7977378615801647	1.0	0.6245203452528327	0.1191470140800227	0.8327349403983174	0.6238781086611955	0.5496441233558854	0.4237288135593221	0.48668646845760377	0.5496441233558854	0.0	1.0	0.45520764100846295	0.4237288135593221	0.5496441233558854	0.0	1.0	0.45520764100846295	0.4237288135593221	0.5496441233558854	0.0	1.0	0.3	0.28	1.0	-19.363590865563772	-19.180543169335294	0.0	false	true	false	false	threat	low	adverse
["episode-state", "episode-main", "bundle-main", "context-main"]																							-1.3139292327336005	false	-2.1021158332453065	-2.1035391400832273	0.0	4	world								full-coupling	closed-episode-stream#2	emission:episode-emission;distribution:closed-loop/reliable-signal;scalar_ordinal=0	common-observation-update-v1	closed-loop	1	true	closed-episode-stream#2	8	observe	c44b479670ab23b6e334606a99194c7bb4aef56fbd5f5a80d76002404fcd15bb	11	event	71008			3																																																								
	0.0	approach	false	1.0	1.0	0.501953276292501	1.0	1.0	1.0	1.0	1.0	1.0	1.0	1.0	1.0	1.0	1.0	1.0	1.0	0.4173397183182764	0.5	0.37503640424385276								0.4645669291338582	0.5198096653964787	1.0	0.0	0.0	0.0						closed-loop	1					c44b479670ab23b6e334606a99194c7bb4aef56fbd5f5a80d76002404fcd15bb	12	tick	71008		false	3	0.4645669291338582	0.6272527130368758	0.4338235294117647	0.5	0.5795797863890868	0.15631564964711722	0.11031350373126755	0.08347227820334088	0.6498985684182742	0.5	0.5	0.33722232676182584	0.3454831304296508	0.3172945428085235	0.5681014648235685	0.5522018431204238	0.501953276292501	0.6498985684182743	0.4318985351764315	0.6722055420909465	0.5	0.8047372773437953	1.0	0.6243918979345053	0.046347796111139594	0.8443218894261024	0.6238781086611955	0.5496441233558854	0.4645669291338583	0.5071055262448718	0.5496441233558854	0.0	1.0	0.4858362276893651	0.4645669291338583	0.5496441233558854	0.0	1.0	0.4858362276893651	0.4645669291338583	0.5496441233558854	0.0	1.0	0.3	0.28	1.0	-21.46570669880908	-21.284082309418523	0.0	false	true	true	true	threat	high	adverse
["episode-state", "episode-main", "bundle-main", "context-main"]																							-1.3124599307474143	false	-2.0836402935183287	-2.0852917473214743	0.0	4	world								full-coupling	closed-episode-stream#3	emission:episode-emission;distribution:closed-loop/reliable-signal;scalar_ordinal=0	common-observation-update-v1	closed-loop	1	true	closed-episode-stream#3	9	observe	c44b479670ab23b6e334606a99194c7bb4aef56fbd5f5a80d76002404fcd15bb	13	event	71008			4																																																								
	0.0	approach	false	1.0	1.0	0.501953276292501	1.0	1.0	1.0	1.0	1.0	1.0	1.0	1.0	1.0	1.0	1.0	1.0	1.0	0.4200307811098594	0.5	0.37503640424385276								0.4338235294117647	0.6042643670550429	1.0	0.0	0.0	0.0						closed-loop	1					c44b479670ab23b6e334606a99194c7bb4aef56fbd5f5a80d76002404fcd15bb	14	tick	71008		false	4	0.4338235294117647	0.6318845687299444	0.40689655172413797	0.5	0.5898705916206144	0.15755117550845446	0.11205473384063963	0.085617829782325	0.6447762608685809	0.5	0.5	0.3372222992912398	0.34548315693529746	0.31729454377346267	0.5756370696117981	0.5522018431204238	0.501953276292501	0.6447762608685809	0.42436293038820194	0.6722612540456604	0.5	0.8126541997602568	1.0	0.6242891400798434	0.027678683109807145	0.8512415602035542	0.6238781086611955	0.5496441233558854	0.4338235294117648	0.4917338263838251	0.5496441233558854	0.0	1.0	0.4627786778977949	0.4338235294117648	0.5496441233558854	0.0	1.0	0.4627786778977949	0.4338235294117648	0.5496441233558854	0.0	1.0	0.3	0.28	1.0	-23.549346992327408	-23.369374056739996	0.0	false	true	true	true	threat	high	adverse
["episode-state", "episode-main", "bundle-main", "context-main"]																							-1.3149485942514403	false	-2.0081246979256053	-2.0095894600956643	0.0	4	world								full-coupling	closed-episode-stream#4	emission:episode-emission;distribution:closed-loop/reliable-signal;scalar_ordinal=0	common-observation-update-v1	closed-loop	1	true	closed-episode-stream#4	10	observe	c44b479670ab23b6e334606a99194c7bb4aef56fbd5f5a80d76002404fcd15bb	15	event	71008			5																																																								
	0.0	approach	false	1.0	1.0	0.501953276292501	1.0	1.0	1.0	1.0	1.0	1.0	1.0	1.0	1.0	1.0	1.0	1.0	1.0	0.4226022740469943	0.5	0.37503640424385276								0.40689655172413797	0.649555416405004	1.0	0.0	0.0	0.0						closed-loop	1					c44b479670ab23b6e334606a99194c7bb4aef56fbd5f5a80d76002404fcd15bb	16	tick	71008		false	5	0.40689655172413797	0.6081049431595749	0.38311688311688313	0.5	0.5919176091035742	0.16367930105915146	0.12068069059915948	0.09662637758276657	0.6190136307589225	0.5	0.5	0.3372222998301404	0.34548315641154176	0.3172945437583178	0.6123817776881368	0.5522018431204238	0.501953276292501	0.6190136307589225	0.38761822231186316	0.6664393655913787	0.5	0.8203716718489164	1.0	0.6242069337961138	0.028436928098410696	0.8441323281789517	0.6238781086611955	0.5496441233558854	0.40689655172413797	0.4782703375400117	0.5496441233558854	0.0	1.0	0.44258344463207483	0.40689655172413797	0.5496441233558854	0.0	1.0	0.44258344463207483	0.40689655172413797	0.5496441233558854	0.0	1.0	0.3	0.28	1.0	-25.557471690253013	-25.37896351683566	0.0	false	true	false	false	threat	low	adverse
["episode-state", "episode-main", "bundle-main", "context-main"]																							-1.3243756904513877	false	-1.8136710149692636	-1.792843022309845	0.0	4	world								reduced-coupling	closed-episode-stream#5	emission:episode-emission;distribution:closed-loop/reliable-signal;scalar_ordinal=0	common-observation-update-v1	closed-loop	1	true	closed-episode-stream#5	11	observe	c44b479670ab23b6e334606a99194c7bb4aef56fbd5f5a80d76002404fcd15bb	17	event	71008			6																																																								
	0.0	approach	false	1.0	1.0	0.501953276292501	1.0	1.0	1.0	1.0	1.0	1.0	1.0	1.0	1.0	1.0	1.0	1.0	1.0	0.4238914401259247	0.5	0.37503640424385276								0.38311688311688313	0.6548937002712827	1.0	0.0	0.0	0.0						closed-loop	1					c44b479670ab23b6e334606a99194c7bb4aef56fbd5f5a80d76002404fcd15bb	18	tick	71008		false	6	0.38311688311688313	0.5530513828299056	0.3619631901840491	0.5	0.583636899785426	0.16990016634424412	0.1314772436732588	0.5704495213685419	0.12817306861395508	0.5	0.5	0.33722229981951085	0.3454831564218521	0.31729454375863714	0.8626887007129679	0.5522018431204238	0.501953276292501	0.570449521368542	0.13731129928703212	0.6173152542342171	0.5	0.8251238031149235	1.0	0.6241411687691302	0.08690451795072185	0.8224061986912713	0.6238781086611955	0.5496441233558854	0.3831168831168832	0.4663805032363843	0.5496441233558854	0.0	1.0	0.4247486931766338	0.3831168831168832	0.5496441233558854	0.0	1.0	0.4247486931766338	0.3831168831168832	0.5496441233558854	0.0	1.0	0.3	0.28	1.0	-27.371142705222276	-27.171806539145507	0.0	false	true	false	false	threat	high	adverse
["episode-state", "episode-main", "bundle-main", "context-main"]																							-1.3384242300399438	false	-1.9070560293230605	-1.9063754694340014	0.0	4	world								reduced-coupling	closed-episode-stream#6	emission:episode-emission;distribution:closed-loop/reliable-signal;scalar_ordinal=0	common-observation-update-v1	closed-loop	1	true	closed-episode-stream#6	12	observe	c44b479670ab23b6e334606a99194c7bb4aef56fbd5f5a80d76002404fcd15bb	19	event	71008			7																																																								
	1.0	approach	true	1.0	1.0	0.501953276292501	1.0	1.0	1.0	1.0	1.0	1.0	1.0	1.0	1.0	1.0	1.0	1.0	1.0	0.42626422291150967	0.5	0.37503640424385276								0.3619631901840491	0.686888398824182	1.0	0.0	0.0	0.0						closed-loop	1					c44b479670ab23b6e334606a99194c7bb4aef56fbd5f5a80d76002404fcd15bb	20	tick	71008		false	7	0.3619631901840491	0.5317608194183647	0.39534883720930236	0.5	0.5669149560973689	0.1870089571899232	0.15641371358129022	0.14077121820020785	0.5158061110285787	0.5	0.5	0.3372222998197202	0.3454831564216489	0.3172945437586309	0.7409722598546664	0.5522018431204238	0.501953276292501	0.5158061110285788	0.2590277401453336	0.641539315824614	0.5	0.8245802822301931	1.0	0.6240885567475433	0.18951215658444265	0.7750281595451607	0.6238781086611955	0.5496441233558854	0.36196319018404916	0.45580365676996726	0.5496441233558854	0.0	1.0	0.40888342347700823	0.36196319018404916	0.5496441233558854	0.0	1.0	0.40888342347700823	0.36196319018404916	0.5496441233558854	0.0	1.0	0.3	0.28	1.0	-29.278198734545338	-29.078182008579507	0.0	false	true	false	false	threat	high	adverse
["episode-state", "episode-main", "bundle-main", "context-main"]																							-1.342753864963825	false	-1.6009160022377291	-1.5851730518049685	0.0	4	world								reduced-coupling	closed-episode-stream#7	emission:episode-emission;distribution:closed-loop/reliable-signal;scalar_ordinal=0	common-observation-update-v1	closed-loop	2	true	closed-episode-stream#7	13	observe	c44b479670ab23b6e334606a99194c7bb4aef56fbd5f5a80d76002404fcd15bb	21	event	71008			8																																																								
	0.0	approach	false	1.0	1.0	0.501953276292501	1.0	1.0	1.0	1.0	1.0	1.0	1.0	1.0	1.0	1.0	1.0	1.0	1.0	0.42701533934366454	0.5	0.37503640424385276								0.39534883720930236	0.598715100270034	1.0	0.0	0.0	0.0						closed-loop	2					c44b479670ab23b6e334606a99194c7bb4aef56fbd5f5a80d76002404fcd15bb	22	tick	71008		false	8	0.39534883720930236	0.4882058935055505	0.3756906077348066	0.5	0.5472482354778412	0.19232582495598874	0.1633125646540974	0.47596664826296975	0.16839496212694416	0.5	0.5	0.3372222998197161	0.34548315642165295	0.31729454375863103	0.925811142313172	0.5522018431204238	0.501953276292501	0.47596664826296975	0.07418885768682804	0.6025810365020577	0.5	0.8146698576931867	1.0	0.6240464671302737	0.20726804785232733	0.7232111475820789	0.6238781086611955	0.5496441233558854	0.39534883720930236	0.4724964802825939	0.5496441233558854	0.0	1.0	0.43392265874594815	0.39534883720930236	0.5496441233558854	0.0	1.0	0.43392265874594815	0.39534883720930236	0.5496441233558854	0.0	1.0	0.3	0.28	1.0	-30.879114736783066	-30.663355060384475	0.0	false	true	false	false	safe	low	adverse
["episode-state", "episode-main", "bundle-main", "context-main"]																							-1.3328657693470625	false	-1.9111884011484905	-1.9095634435604225	0.0	4	world								reduced-coupling	closed-episode-stream#8	emission:episode-emission;distribution:closed-loop/reliable-signal;scalar_ordinal=0	common-observation-update-v1	closed-loop	2	true	closed-episode-stream#8	14	observe	c44b479670ab23b6e334606a99194c7bb4aef56fbd5f5a80d76002404fcd15bb	23	event	71008			9																																																								
	0.0	approach	false	1.0	1.0	0.501953276292501	1.0	1.0	1.0	1.0	1.0	1.0	1.0	1.0	1.0	1.0	1.0	1.0	1.0	0.42931904116650516	0.5	0.37503640424385276								0.3756906077348066	0.6980482430421618	1.0	0.0	0.0	0.0						closed-loop	2					c44b479670ab23b6e334606a99194c7bb4aef56fbd5f5a80d76002404fcd15bb	24	tick	71008		false	9	0.3756906077348066	0.5387895133227015	0.35789473684210527	0.5	0.5430863864910251	0.1849173925597843	0.15303178740593348	0.13809830907618292	0.5239525109580992	0.5	0.5	0.3372222998197162	0.34548315642165284	0.3172945437586311	0.7323541656878931	0.5522018431204238	0.501953276292501	0.5239525109580992	0.26764583431210687	0.637607349083906	0.5	0.7963781156709652	1.0	0.624012795436458	0.09005503774864954	0.7006973881449166	0.6238781086611955	0.5496441233558854	0.3756906077348066	0.46266736554534604	0.5496441233558854	0.0	1.0	0.41917898664007636	0.3756906077348066	0.5496441233558854	0.0	1.0	0.41917898664007636	0.3756906077348066	0.5496441233558854	0.0	1.0	0.3	0.28	1.0	-32.79030313793156	-32.5729185039449	0.0	false	true	false	false	threat	low	adverse
["episode-state", "episode-main", "bundle-main", "context-main"]																							-1.460154662288591	false	-0.6122425746095408	-0.6208825355986468	0.0	4	world								full-coupling	closed-episode-stream#9	emission:episode-emission;distribution:closed-loop/reliable-signal;scalar_ordinal=0	common-observation-update-v1	closed-loop	2	true	closed-episode-stream#9	15	observe	c44b479670ab23b6e334606a99194c7bb4aef56fbd5f5a80d76002404fcd15bb	25	event	71008			10																																																								
	0.0	approach	false	1.0	1.0	0.501953276292501	1.0	1.0	1.0	1.0	1.0	1.0	1.0	1.0	1.0	1.0	1.0	1.0	1.0	0.4278437964341542	0.5	0.37503640424385276								0.35789473684210527	0.7472192229108434	1.0	0.0	0.0	0.0						closed-loop	2					c44b479670ab23b6e334606a99194c7bb4aef56fbd5f5a80d76002404fcd15bb	26	tick	71008		false	10	0.35789473684210527	0.5441491213865604	0.3417085427135678	0.5	0.5537296793811375	0.15127545834675551	0.5917273176215581	0.12013886029820608	0.13685836373348031	0.5	0.5	0.3372222998197162	0.3454831564216529	0.3172945437586311	0.8407020448671204	0.5522018431204238	0.501953276292501	0.5917273176215581	0.1592979551328796	0.6121051566760082	0.5	0.7772419701657556	1.0	0.6239858580814055	0.07219083008374583	0.7187450956658531	0.6238781086611955	0.5496441233558854	0.3578947368421053	0.4537694300989954	0.5496441233558854	0.0	1.0	0.40583208347055033	0.3578947368421053	0.5496441233558854	0.0	1.0	0.40583208347055033	0.3578947368421053	0.5496441233558854	0.0	1.0	0.3	0.28	1.0	-33.4025457125411	-33.193801039543544	0.0	false	true	false	false	repair	low	adverse
["episode-state", "episode-main", "bundle-main", "context-main"]																							-1.322192041088698	false	-1.9207781871936405	-1.9190579732392279	0.0	4	world								reduced-coupling	closed-episode-stream#10	emission:episode-emission;distribution:closed-loop/reliable-signal;scalar_ordinal=0	common-observation-update-v1	closed-loop	2	true	closed-episode-stream#10	16	observe	c44b479670ab23b6e334606a99194c7bb4aef56fbd5f5a80d76002404fcd15bb	27	event	71008			11																																																								
	0.0	approach	false	1.0	1.0	0.501953276292501	1.0	1.0	1.0	1.0	1.0	1.0	1.0	1.0	1.0	1.0	1.0	1.0	1.0	0.4290122961324849	0.5	0.37503640424385276								0.3417085427135678	0.7888047024667081	1.0	0.0	0.0	0.0						closed-loop	2					c44b479670ab23b6e334606a99194c7bb4aef56fbd5f5a80d76002404fcd15bb	28	tick	71008		false	11	0.3417085427135678	0.5461306134776215	0.32692307692307687	0.5	0.5580534342499965	0.16825799294058147	0.13299871047704212	0.5761153561421367	0.12262794044023966	0.5	0.5	0.3372222998197162	0.3454831564216529	0.3172945437586311	0.8603617167021528	0.5522018431204238	0.501953276292501	0.5761153561421367	0.13963828329784722	0.6058290373521972	0.5	0.7655425952657752	1.0	0.6239643081973636	0.048642814633584774	0.7309057993242493	0.6238781086611955	0.5496441233558854	0.3417085427135678	0.44567633303472665	0.5496441233558854	0.0	1.0	0.3936924378741472	0.3417085427135678	0.5496441233558854	0.0	1.0	0.3936924378741472	0.3417085427135678	0.5496441233558854	0.0	1.0	0.3	0.28	1.0	-35.32332389973474	-35.11285901278277	0.0	false	true	false	false	safe	low	adverse
["episode-state", "episode-main", "bundle-main", "context-main"]																							-1.3096313199335603	false	-2.172129753956771	-2.1709272849053716	0.0	4	world								reduced-coupling	closed-episode-stream#11	emission:episode-emission;distribution:closed-loop/reliable-signal;scalar_ordinal=0	common-observation-update-v1	closed-loop	2	true	closed-episode-stream#11	17	observe	c44b479670ab23b6e334606a99194c7bb4aef56fbd5f5a80d76002404fcd15bb	29	event	71008			12																																																								
	0.25	approach	true	1.0	1.0	0.501953276292501	1.0	1.0	1.0	1.0	1.0	1.0	1.0	1.0	1.0	1.0	1.0	1.0	1.0	0.4313118894733089	0.5	0.37503640424385276								0.32692307692307687	0.857254735491322	1.0	0.0	0.0	0.0						closed-loop	2					c44b479670ab23b6e334606a99194c7bb4aef56fbd5f5a80d76002404fcd15bb	30	tick	71008		false	12	0.32692307692307687	0.5785910337889264	0.3548387096774193	0.5	0.566359261810924	0.16536771209627155	0.1274331909633124	0.10467929954676865	0.6025197973936475	0.5	0.5	0.3372222998197162	0.3454831564216529	0.3172945437586311	0.6386123388398153	0.5522018431204238	0.501953276292501	0.6025197973936475	0.3613876611601847	0.648789993105557	0.5	0.7586152360774701	1.0	0.62394706829013	0.07583491733421688	0.7498645286578035	0.6238781086611955	0.5496441233558854	0.32692307692307687	0.43828360013948114	0.5496441233558854	0.0	1.0	0.38260333853127904	0.32692307692307687	0.5496441233558854	0.0	1.0	0.38260333853127904	0.32692307692307687	0.5496441233558854	0.0	1.0	0.3	0.28	1.0	-37.49545365369151	-37.283786297688145	0.0	false	true	false	false	threat	low	adverse
["episode-state", "episode-main", "bundle-main", "context-main"]																							-1.4791122307910622	false	-0.497146266720524	-0.504307613172042	0.0	4	world								full-coupling	closed-episode-stream#12	emission:episode-emission;distribution:closed-loop/reliable-signal;scalar_ordinal=0	common-observation-update-v1	closed-loop	2	true	closed-episode-stream#12	18	observe	c44b479670ab23b6e334606a99194c7bb4aef56fbd5f5a80d76002404fcd15bb	31	event	71008			13																																																								
	0.0	approach	false	1.0	1.0	0.501953276292501	1.0	1.0	1.0	1.0	1.0	1.0	1.0	1.0	1.0	1.0	1.0	1.0	1.0	0.42989948238325737	0.5	0.37503640424385276								0.3548387096774193	0.8177633502242128	1.0	0.0	0.0	0.0						closed-loop	2					c44b479670ab23b6e334606a99194c7bb4aef56fbd5f5a80d76002404fcd15bb	32	tick	71008		false	13	0.3548387096774193	0.576419644457907	0.34070796460176983	0.5	0.5841391342022229	0.13191125035923865	0.6623649864629597	0.09484621999533221	0.11087754318246928	0.5	0.5	0.3372222998197162	0.3454831564216529	0.3172945437586311	0.764552443569829	0.5522018431204238	0.501953276292501	0.6623649864629598	0.235447556430171	0.6232491854776102	0.5	0.7568650945935368	1.0	0.6239332763643431	0.164384158470799	0.7909605682755034	0.6238781086611955	0.5496441233558854	0.3548387096774194	0.4522414165166524	0.5496441233558854	0.0	1.0	0.4035400630970359	0.3548387096774194	0.5496441233558854	0.0	1.0	0.4035400630970359	0.3548387096774194	0.5496441233558854	0.0	1.0	0.3	0.28	1.0	-37.99259992041204	-37.78809391086019	0.0	false	true	true	true	threat	high	adverse
["episode-state", "episode-main", "bundle-main", "context-main"]																							-1.46983615685917	false	-0.4826045802333059	-0.48279990471748424	0.0	4	world								full-coupling	closed-episode-stream#13	emission:episode-emission;distribution:closed-loop/reliable-signal;scalar_ordinal=0	common-observation-update-v1	closed-loop	2	true	closed-episode-stream#13	19	observe	c44b479670ab23b6e334606a99194c7bb4aef56fbd5f5a80d76002404fcd15bb	33	event	71008			14																																																								
	0.0	approach	false	1.0	1.0	0.501953276292501	1.0	1.0	1.0	1.0	1.0	1.0	1.0	1.0	1.0	1.0	1.0	1.0	1.0	0.4310598391987381	0.5	0.37503640424385276								0.34070796460176983	0.8527707425355866	1.0	0.0	0.0	0.0						closed-loop	2					c44b479670ab23b6e334606a99194c7bb4aef56fbd5f5a80d76002404fcd15bb	34	tick	71008		false	14	0.34070796460176983	0.5774958185591845	0.3276595744680851	0.5	0.5954471915386927	0.13427885958805402	0.6567104487789891	0.09752780145469535	0.1114828901782615	0.5	0.5	0.3372222998197162	0.3454831564216529	0.3172945437586311	0.7719396337532484	0.5522018431204238	0.501953276292501	0.6567104487789891	0.22806036624675163	0.6231333596800791	0.5	0.7636841893299301	1.0	0.6239222428237137	0.11976566789109855	0.8209019852482782	0.6238781086611955	0.5496441233558854	0.3407079646017699	0.44517604397882765	0.5496441233558854	0.0	1.0	0.3929420042902988	0.3407079646017699	0.5496441233558854	0.0	1.0	0.3929420042902988	0.3407079646017699	0.5496441233558854	0.0	1.0	0.3	0.28	1.0	-38.47520450064535	-38.27089381557767	0.0	false	true	false	false	threat	high	adverse
["episode-state", "episode-main", "bundle-main", "context-main"]																							-1.3088607962695653	false	-1.9346150718984214	-1.934672006873786	0.0	4	world								full-coupling	closed-episode-stream#14	emission:episode-emission;distribution:closed-loop/reliable-signal;scalar_ordinal=0	common-observation-update-v1	closed-loop	2	true	closed-episode-stream#14	20	observe	c44b479670ab23b6e334606a99194c7bb4aef56fbd5f5a80d76002404fcd15bb	35	event	71008			15																																																								
	0.0	approach	false	1.0	1.0	0.501953276292501	1.0	1.0	1.0	1.0	1.0	1.0	1.0	1.0	1.0	1.0	1.0	1.0	1.0	0.4326548698394086	0.5	0.37503640424385276								0.3276595744680851	0.8857887929957133	1.0	0.0	0.0	0.0						closed-loop	2					c44b479670ab23b6e334606a99194c7bb4aef56fbd5f5a80d76002404fcd15bb	36	tick	71008		false	15	0.3276595744680851	0.5793371493330186	0.3155737704918032	0.5	0.5920881278826837	0.16519288889169195	0.13225776465780853	0.10219032886889085	0.6003590175816086	0.5	0.5	0.3372222998197162	0.3454831564216529	0.3172945437586311	0.6418725646549284	0.5522018431204238	0.501953276292501	0.6003590175816086	0.35812743534507163	0.6514337199699762	0.5	0.7751277485135997	1.0	0.6239134159912101	0.0218739650458164	0.8263704765097324	0.6238781086611955	0.5496441233558854	0.32765957446808514	0.4386518489119853	0.5496441233558854	0.0	1.0	0.3831557116900352	0.32765957446808514	0.5496441233558854	0.0	1.0	0.3831557116900352	0.32765957446808514	0.5496441233558854	0.0	1.0	0.3	0.28	1.0	-40.40981957254377	-40.20556582245146	0.0	false	true	true	true	safe	high	adverse
["episode-state", "episode-main", "bundle-main", "context-main"]																							-1.3143888127050942	false	-1.795830359321761	-1.796945923827167	0.0	4	world								full-coupling	closed-episode-stream#15	emission:episode-emission;distribution:closed-loop/reliable-signal;scalar_ordinal=0	common-observation-update-v1	closed-loop	3	true	closed-episode-stream#15	21	observe	c44b479670ab23b6e334606a99194c7bb4aef56fbd5f5a80d76002404fcd15bb	37	event	71008			16																																																								
	0.0	approach	false	1.0	1.0	0.501953276292501	1.0	1.0	1.0	1.0	1.0	1.0	1.0	1.0	1.0	1.0	1.0	1.0	1.0	0.4340475857848023	0.5	0.37503640424385276								0.3155737704918032	0.8724938992019076	1.0	0.0	0.0	0.0						closed-loop	3					c44b479670ab23b6e334606a99194c7bb4aef56fbd5f5a80d76002404fcd15bb	38	tick	71008		false	16	0.3155737704918032	0.5372893750792767	0.30434782608695643	0.5	0.5778650729618778	0.17886359582255942	0.1505638479672961	0.12957865161593796	0.5409939045942066	0.5	0.5	0.3372222998197162	0.3454831564216529	0.3172945437586311	0.7158859567562099	0.5522018431204238	0.501953276292501	0.5409939045942066	0.2841140432437901	0.6386793383763647	0.5	0.7853762941128263	1.0	0.6239063545252073	0.12115773686930176	0.796081042292407	0.6238781086611955	0.5496441233558854	0.3155737704918032	0.43260894692384433	0.5496441233558854	0.0	1.0	0.37409135870782373	0.3155737704918032	0.5496441233558854	0.0	1.0	0.37409135870782373	0.3155737704918032	0.5496441233558854	0.0	1.0	0.3	0.28	1.0	-42.20564993186553	-42.00251174627863	0.0	false	true	false	false	threat	high	helpful
["episode-state", "episode-main", "bundle-main", "context-main"]																							-1.3131998892532335	false	-1.8050362406741414	-1.7757922251219225	0.0	4	world								reduced-coupling	closed-episode-stream#16	emission:episode-emission;distribution:closed-loop/reliable-signal;scalar_ordinal=0	common-observation-update-v1	closed-loop	3	true	closed-episode-stream#16	22	observe	c44b479670ab23b6e334606a99194c7bb4aef56fbd5f5a80d76002404fcd15bb	39	event	71008			17																																																								
	0.25	approach	true	1.0	1.0	0.501953276292501	1.0	1.0	1.0	1.0	1.0	1.0	1.0	1.0	1.0	1.0	1.0	1.0	1.0	0.43532460760851566	0.5	0.37503640424385276								0.30434782608695643	0.9256715225077239	1.0	0.0	0.0	0.0						closed-loop	3					c44b479670ab23b6e334606a99194c7bb4aef56fbd5f5a80d76002404fcd15bb	40	tick	71008		false	17	0.30434782608695643	0.5638583793432653	0.32824427480916024	0.5	0.5835139098792935	0.1558302485203594	0.11968442316368665	0.6189909998481217	0.10549432846783208	0.5	0.5	0.3372222998197162	0.3454831564216529	0.3172945437586311	0.8207456188809205	0.5522018431204238	0.501953276292501	0.6189909998481218	0.17925438111907954	0.6181344660440453	0.5	0.7875172437487424	1.0	0.6239007053524049	0.10027198503039325	0.8211490385500053	0.6238781086611955	0.5496441233558854	0.30434782608695643	0.4269959747214209	0.5496441233558854	0.0	1.0	0.3656719004041887	0.30434782608695643	0.5496441233558854	0.0	1.0	0.3656719004041887	0.30434782608695643	0.5496441233558854	0.0	1.0	0.3	0.28	1.0	-44.01068617253967	-43.778303971400554	0.0	false	true	false	false	safe	low	helpful
["episode-state", "episode-main", "bundle-main", "context-main"]																							-1.309289090383944	false	-0.3823597960982979	-0.3848281148981601	0.0	4	world								full-coupling	closed-episode-stream#17	emission:episode-emission;distribution:closed-loop/reliable-signal;scalar_ordinal=0	common-observation-update-v1	closed-loop	3	true	closed-episode-stream#17	23	observe	c44b479670ab23b6e334606a99194c7bb4aef56fbd5f5a80d76002404fcd15bb	41	event	71008			18																																																								
	0.0	approach	false	1.0	1.0	0.501953276292501	1.0	1.0	1.0	1.0	1.0	1.0	1.0	1.0	1.0	1.0	1.0	1.0	1.0	0.43659013199472596	0.5	0.37503640424385276								0.32824427480916024	0.9012377093415496	1.0	0.0	0.0	0.0						closed-loop	3					c44b479670ab23b6e334606a99194c7bb4aef56fbd5f5a80d76002404fcd15bb	42	tick	71008		false	18	0.32824427480916024	0.5713551001519696	0.31734317343173424	0.5	0.5903676956738149	0.152636674045067	0.11551239132788511	0.6335000333490046	0.09835090127804334	0.5	0.5	0.3372222998197162	0.3454831564216529	0.3172945437586311	0.8059824475093231	0.5522018431204238	0.501953276292501	0.6335000333490046	0.19401755249067687	0.622431468242767	0.5	0.7942436027089951	1.0	0.6238961860141631	0.11715078016121705	0.8504367335903096	0.6238781086611955	0.5496441233558854	0.32824427480916024	0.4389441990825228	0.5496441233558854	0.0	1.0	0.3835942369458415	0.32824427480916024	0.5496441233558854	0.0	1.0	0.3835942369458415	0.32824427480916024	0.5496441233558854	0.0	1.0	0.3	0.28	1.0	-44.39304596863797	-44.16313208629872	0.0	false	true	true	true	safe	high	helpful
["episode-state", "episode-main", "bundle-main", "context-main"]																							-1.2876737299950962	false	-2.244063014141192	-2.243288559527732	0.0	4	world								reduced-coupling	closed-episode-stream#18	emission:episode-emission;distribution:closed-loop/reliable-signal;scalar_ordinal=0	common-observation-update-v1	closed-loop	3	true	closed-episode-stream#18	24	observe	c44b479670ab23b6e334606a99194c7bb4aef56fbd5f5a80d76002404fcd15bb	43	event	71008			19																																																								
	0.0	approach	false	1.0	1.0	0.501953276292501	1.0	1.0	1.0	1.0	1.0	1.0	1.0	1.0	1.0	1.0	1.0	1.0	1.0	0.4381234128857155	0.5	0.37503640424385276								0.31734317343173424	0.9458236548804928	1.0	0.0	0.0	0.0						closed-loop	3					c44b479670ab23b6e334606a99194c7bb4aef56fbd5f5a80d76002404fcd15bb	44	tick	71008		false	19	0.31734317343173424	0.590412312549305	0.307142857142857	0.5	0.5932056322884188	0.1583318024239944	0.12200286358572919	0.09595048051177044	0.623714853478506	0.5	0.5	0.3372222998197162	0.3454831564216529	0.3172945437586311	0.6133358632553406	0.5522018431204238	0.501953276292501	0.623714853478506	0.3866641367446594	0.6632077872346974	0.5	0.805482228885258	1.0	0.6238925705435696	0.05692565451924092	0.8646681472201199	0.6238781086611955	0.5496441233558854	0.31734317343173424	0.4334936483938098	0.5496441233558854	0.0	1.0	0.37541841091277206	0.31734317343173424	0.5496441233558854	0.0	1.0	0.37541841091277206	0.31734317343173424	0.5496441233558854	0.0	1.0	0.3	0.28	1.0	-46.63710898277916	-46.40642064582645	0.0	false	true	false	false	safe	high	helpful
["episode-state", "episode-main", "bundle-main", "context-main"]																							-1.453997227258406	false	-0.7133517332949172	-0.7185906523657382	0.0	4	world								full-coupling	closed-episode-stream#19	emission:episode-emission;distribution:closed-loop/reliable-signal;scalar_ordinal=0	common-observation-update-v1	closed-loop	3	true	closed-episode-stream#19	25	observe	c44b479670ab23b6e334606a99194c7bb4aef56fbd5f5a80d76002404fcd15bb	45	event	71008			20																																																								
	0.0	approach	false	1.0	1.0	0.501953276292501	1.0	1.0	1.0	1.0	1.0	1.0	1.0	1.0	1.0	1.0	1.0	1.0	1.0	0.43908039776572855	0.5	0.37503640424385276								0.307142857142857	0.8711262574630558	1.0	0.0	0.0	0.0						closed-loop	3					c44b479670ab23b6e334606a99194c7bb4aef56fbd5f5a80d76002404fcd15bb	46	tick	71008		false	20	0.307142857142857	0.49191592865766387	0.2975778546712802	0.5	0.573867387885341	0.16964923229934248	0.5170963965863119	0.14894639868615586	0.1643079724281897	0.5	0.5	0.3372222998197162	0.3454831564216529	0.3172945437586311	0.9019766371869197	0.5522018431204238	0.501953276292501	0.5170963965863119	0.09802336281308033	0.6078464907064811	0.5	0.8173194125522305	1.0	0.6238896781670948	0.15341667777927015	0.8263139777753025	0.6238781086611955	0.5496441233558854	0.307142857142857	0.42839349024937123	0.5496441233558854	0.0	1.0	0.36776817369611414	0.307142857142857	0.5496441233558854	0.0	1.0	0.36776817369611414	0.307142857142857	0.5496441233558854	0.0	1.0	0.3	0.28	1.0	-47.350460716074075	-47.12501129819219	0.0	false	true	false	false	safe	high	helpful
	0.0	approach	false	1.0	1.0	0.501953276292501	1.0	1.0	1.0	1.0	1.0	1.0	1.0	1.0	1.0	1.0	1.0	1.0	1.0	0.43908039776572855	0.5	0.37503640424385276								0.2975778546712802	0.8933701847589139	1.0	0.0	0.0	0.0						closed-loop	3					c44b479670ab23b6e334606a99194c7bb4aef56fbd5f5a80d76002404fcd15bb	47	tick	71008		false	21	0.2975778546712802	0.49191592865766387	0.28859060402684555	0.5	0.573867387885341	0.24332803048930685	0.24509706034143547	0.24844804632291986	0.2631268628463378	0.5	0.5	0.3372222998197162	0.3454831564216529	0.3172945437586311	0.9019766371869197	0.5522018431204238	0.501953276292501	0.5170963965863119	0.09802336281308033	0.6078464907064811	0.5	0.8173194125522305	1.0	0.6238896781670948	0.15341667777927015	0.8263139777753025	0.6238781086611955	0.5496441233558854	0.2975778546712802	0.4236109890135828	0.5496441233558854	0.0	1.0	0.3605944218424315	0.2975778546712802	0.5496441233558854	0.0	1.0	0.3605944218424315	0.2975778546712802	0.5496441233558854	0.0	1.0	0.3	0.28	1.0	-47.350460716074075	-47.12501129819219	0.0	false	true	true	true	mixed	high	helpful
["episode-state", "cue-main", "bundle-main"]																							-0.6335418549221024	false	0.0	0.0	0.0	3	world								full-coupling	closed-corrective-probe#0	emission:cue-emission;distribution:closed-loop/reliable-signal;scalar_ordinal=0	common-observation-update-v1	closed-loop	3	true	closed-corrective-probe#0	26	probe	c44b479670ab23b6e334606a99194c7bb4aef56fbd5f5a80d76002404fcd15bb	48	event	71008			22																																																								
	0.0	approach	false	1.0	1.0	0.501953276292501	1.0	1.0	1.0	1.0	1.0	1.0	1.0	1.0	1.0	1.0	1.0	1.0	1.0	0.43908039776572855	0.5	0.37503640424385276								0.28859060402684555	0.8168566771754864	1.0	0.0	0.0	0.0						closed-loop	3					c44b479670ab23b6e334606a99194c7bb4aef56fbd5f5a80d76002404fcd15bb	49	tick	71008		false	22	0.28859060402684555	0.3945617259747607	0.2801302931596091	0.5	0.5576812283936884	0.22781457099918825	0.3024806636095287	0.29792123313062613	0.17178353226065707	0.5	0.5	0.3372222998197162	0.3454831564216529	0.3172945437586311	0.9019766371869197	0.5257358041298144	0.501953276292501	0.5170963965863119	0.09802336281308033	0.6082058105351681	0.5	0.8191183255968449	1.0	0.6238873642659151	0.24391507692617242	0.7653352085437595	0.6238781086611955	0.5496441233558854	0.28859060402684555	0.4191173636913655	0.5496441233558854	0.0	1.0	0.3538539838591055	0.28859060402684555	0.5496441233558854	0.0	1.0	0.3538539838591055	0.28859060402684555	0.5496441233558854	0.0	1.0	0.3	0.28	1.0	-47.350460716074075	-47.12501129819219	0.0	false	true	true	true	safe	high	helpful
	0.0	approach	false	1.0	1.0	0.501953276292501	1.0	1.0	1.0	1.0	1.0	1.0	1.0	1.0	1.0	1.0	1.0	1.0	1.0	0.43908039776572855	0.5	0.37503640424385276								0.2801302931596091	0.8364267235708918	1.0	0.0	0.0	0.0						closed-loop	3					c44b479670ab23b6e334606a99194c7bb4aef56fbd5f5a80d76002404fcd15bb	50	tick	71008		false	23	0.2801302931596091	0.3945617259747607	0.27215189873417717	0.5	0.5576812283936884	0.24301331619638897	0.24385352463057733	0.2486930195739225	0.26444013959911133	0.5	0.5	0.3372222998197162	0.3454831564216529	0.3172945437586311	0.9019766371869197	0.5257358041298144	0.501953276292501	0.5170963965863119	0.09802336281308033	0.6082058105351681	0.5	0.8191183255968449	1.0	0.6238873642659151	0.24391507692617242	0.7653352085437595	0.6238781086611955	0.5496441233558854	0.28013029315960913	0.4148872082577473	0.5496441233558854	0.0	1.0	0.3475087507086782	0.28013029315960913	0.5496441233558854	0.0	1.0	0.3475087507086782	0.28013029315960913	0.5496441233558854	0.0	1.0	0.3	0.28	1.0	-47.350460716074075	-47.12501129819219	0.0	false	true	false	false	safe	low	helpful
																																								typed-stop-check-v1	closed-loop	3	true	closed-stop#0	27	stop_check	c44b479670ab23b6e334606a99194c7bb4aef56fbd5f5a80d76002404fcd15bb	51	event	71008	stopping_rule:development-horizon	true	23																																																								
																																								typed-intervention-disable	exact-replay	1	true	replay-disable-withdraw#0	0	intervene	c44b479670ab23b6e334606a99194c7bb4aef56fbd5f5a80d76002404fcd15bb	0	event	71008			0																																																								
																																								typed-intervention-disable	exact-replay	1	true	replay-disable-permit#0	1	intervene	c44b479670ab23b6e334606a99194c7bb4aef56fbd5f5a80d76002404fcd15bb	1	event	71008			0																																																								
																																								typed-intervention-disable	exact-replay	1	true	replay-disable-suppress#0	2	intervene	c44b479670ab23b6e334606a99194c7bb4aef56fbd5f5a80d76002404fcd15bb	2	event	71008			0																																																								
																																								typed-intervention-disable	exact-replay	1	true	replay-disable-wait#0	3	intervene	c44b479670ab23b6e334606a99194c7bb4aef56fbd5f5a80d76002404fcd15bb	3	event	71008			0																																																								
																																								typed-intervention-disable	exact-replay	1	true	replay-disable-observe#0	4	intervene	c44b479670ab23b6e334606a99194c7bb4aef56fbd5f5a80d76002404fcd15bb	4	event	71008			0																																																								
	0.0	approach	false	1.0	1.0	0.5037925766304819	1.0	1.0	1.0	1.0	1.0	1.0	1.0	1.0	1.0	1.0	1.0	1.0	1.0	0.41310287907920656	0.5	0.38940505351486426								0.5	0.18864087844693822	1.0	0.0	0.0	0.0						exact-replay	1					c44b479670ab23b6e334606a99194c7bb4aef56fbd5f5a80d76002404fcd15bb	5	tick	71008		false	0	0.5	0.4457044305815442	0.4587155963302753	0.5	0.5046672607378282	0.24685368290648516	0.24297488876516693	0.24906542647839938	0.2611060018499486	0.5	0.5	0.3298247089055073	0.3569260162631169	0.31324927483137593	0.8339687732469592	0.548416792164728	0.5037925766304819	0.42496308408154526	0.16603122675304083	0.6070318176552947	0.5	0.8124281820256493	1.0	0.5566996794977837	0.16586635498520308	0.8224092557329248	0.5410798447530938	0.5278948549905714	0.5	0.5139474274952858	0.5278948549905714	0.0	1.0	0.5069737137476429	0.5	0.5278948549905714	0.0	1.0	0.5069737137476429	0.5	0.5278948549905714	0.0	1.0	0.3	0.28	-1.0	-15.406562341085918	-15.29592395146824	0.0	false	true	true	true	threat	high	adverse
["episode-state", "episode-main", "bundle-main", "context-main"]																							-1.3175384264036383	false	-2.1079634091222577	-2.10880845791503	0.0	4	world								full-coupling	replay-episode-stream#0	emission:episode-emission;distribution:exact-replay/reliable-signal;scalar_ordinal=0	common-observation-update-v1	exact-replay	1	true	replay-episode-stream#0	5	observe	c44b479670ab23b6e334606a99194c7bb4aef56fbd5f5a80d76002404fcd15bb	6	event	71008			1																																																								
	0.0	approach	false	1.0	1.0	0.5037925766304819	1.0	1.0	1.0	1.0	1.0	1.0	1.0	1.0	1.0	1.0	1.0	1.0	1.0	0.41598644997983625	0.5	0.38940505351486426								0.4587155963302753	0.4983827330897458	1.0	0.0	0.0	0.0						exact-replay	1					c44b479670ab23b6e334606a99194c7bb4aef56fbd5f5a80d76002404fcd15bb	7	tick	71008		false	1	0.4587155963302753	0.6445379131136582	0.42372881355932207	0.5	0.5385402242408794	0.154129270580412	0.11155999331959228	0.08231934701084528	0.6519913890891504	0.5	0.5	0.32946649417443546	0.3554597125897543	0.31507379323581036	0.5679645816579372	0.548416792164728	0.5037925766304819	0.6519913890891504	0.4320354183420628	0.6600071055316026	0.5	0.8144243967671044	1.0	0.5535757125488457	0.046326109896979606	0.8339907832071698	0.5410798447530938	0.5278948549905714	0.45871559633027537	0.4933052256604234	0.5278948549905714	0.0	1.0	0.47601041099534935	0.45871559633027537	0.5278948549905714	0.0	1.0	0.47601041099534935	0.45871559633027537	0.5278948549905714	0.0	1.0	0.3	0.28	1.0	-17.514525750208175	-17.40473240938327	0.0	false	true	true	true	threat	high	adverse
["episode-state", "episode-main", "bundle-main", "context-main"]																							-1.3090380209102817	false	-2.100131040427452	-2.101752084972193	0.0	4	world								full-coupling	replay-episode-stream#1	emission:episode-emission;distribution:exact-replay/reliable-signal;scalar_ordinal=0	common-observation-update-v1	exact-replay	1	true	replay-episode-stream#1	6	observe	c44b479670ab23b6e334606a99194c7bb4aef56fbd5f5a80d76002404fcd15bb	8	event	71008			2																																																								
	0.25	approach	true	1.0	1.0	0.5037925766304819	1.0	1.0	1.0	1.0	1.0	1.0	1.0	1.0	1.0	1.0	1.0	1.0	1.0	0.41876362765754704	0.5	0.38940505351486426								0.42372881355932207	0.5841584189437223	1.0	0.0	0.0	0.0						exact-replay	1					c44b479670ab23b6e334606a99194c7bb4aef56fbd5f5a80d76002404fcd15bb	9	tick	71008		false	2	0.42372881355932207	0.6377750857260289	0.4645669291338582	0.5	0.5628264805365373	0.15294706962215113	0.1099302411266471	0.08212692513465475	0.654995764116547	0.5	0.5	0.3294676804066212	0.35543977485912887	0.3150925447342499	0.5646181834297129	0.548416792164728	0.5037925766304819	0.654995764116547	0.4353818165702871	0.66095920592302	0.5	0.8183376740551175	1.0	0.5510765389896954	0.03591172834386391	0.8429687152931358	0.5410798447530938	0.5278948549905714	0.4237288135593221	0.4758118342749468	0.5278948549905714	0.0	1.0	0.44977032391713445	0.4237288135593221	0.5278948549905714	0.0	1.0	0.44977032391713445	0.4237288135593221	0.5278948549905714	0.0	1.0	0.3	0.28	1.0	-19.614656790635628	-19.506484494355465	0.0	false	true	false	false	threat	low	adverse
["episode-state", "episode-main", "bundle-main", "context-main"]																							-1.3120482440497758	false	-2.024647326926313	-2.0260743732162028	0.0	4	world								full-coupling	replay-episode-stream#2	emission:episode-emission;distribution:exact-replay/reliable-signal;scalar_ordinal=0	common-observation-update-v1	exact-replay	1	true	replay-episode-stream#2	7	observe	c44b479670ab23b6e334606a99194c7bb4aef56fbd5f5a80d76002404fcd15bb	10	event	71008			3																																																								
	0.0	approach	false	1.0	1.0	0.5037925766304819	1.0	1.0	1.0	1.0	1.0	1.0	1.0	1.0	1.0	1.0	1.0	1.0	1.0	0.4214147590050702	0.5	0.38940505351486426								0.4645669291338582	0.5056983029364316	1.0	0.0	0.0	0.0						exact-replay	1					c44b479670ab23b6e334606a99194c7bb4aef56fbd5f5a80d76002404fcd15bb	11	tick	71008		false	3	0.4645669291338582	0.6133206673981275	0.4338235294117647	0.5	0.5747442366114028	0.15901594725084284	0.1183896025047396	0.09291969530027618	0.6296747549441414	0.5	0.5	0.32946767411686123	0.3554395496287522	0.3150927762543866	0.6013185489153273	0.548416792164728	0.5037925766304819	0.6296747549441414	0.3986814510846727	0.6542045067059539	0.5	0.8232638823027212	1.0	0.5490772001423752	0.02027944338142773	0.837898854447779	0.5410798447530938	0.5278948549905714	0.4645669291338583	0.4962308920622148	0.5278948549905714	0.0	1.0	0.4803989105980365	0.4645669291338583	0.5278948549905714	0.0	1.0	0.4803989105980365	0.4645669291338583	0.5278948549905714	0.0	1.0	0.3	0.28	1.0	-21.63930411756194	-21.53255886757167	0.0	false	true	false	false	threat	low	adverse
["episode-state", "episode-main", "bundle-main", "context-main"]																							-1.3102980609699126	false	-2.0183383502726047	-2.019977395944573	0.0	4	world								full-coupling	replay-episode-stream#3	emission:episode-emission;distribution:exact-replay/reliable-signal;scalar_ordinal=0	common-observation-update-v1	exact-replay	1	true	replay-episode-stream#3	8	observe	c44b479670ab23b6e334606a99194c7bb4aef56fbd5f5a80d76002404fcd15bb	12	event	71008			4																																																								
	0.0	approach	false	1.0	1.0	0.5037925766304819	1.0	1.0	1.0	1.0	1.0	1.0	1.0	1.0	1.0	1.0	1.0	1.0	1.0	0.4239780100560593	0.5	0.38940505351486426								0.4338235294117647	0.5927141915259913	1.0	0.0	0.0	0.0						exact-replay	1					c44b479670ab23b6e334606a99194c7bb4aef56fbd5f5a80d76002404fcd15bb	13	tick	71008		false	4	0.4338235294117647	0.6205880040723046	0.40689655172413797	0.5	0.5828027878751865	0.15942219822709397	0.11885623715338896	0.09342100061530956	0.6283005640042074	0.5	0.5	0.32946767411868927	0.35543954693528346	0.3150927789460272	0.6030973122451244	0.548416792164728	0.5037925766304819	0.6283005640042074	0.3969026877548756	0.6541142587102254	0.5	0.8261908767317327	1.0	0.547477729064519	0.01760602374163922	0.8334973485123692	0.5410798447530938	0.5278948549905714	0.4338235294117648	0.48085919220116813	0.5278948549905714	0.0	1.0	0.4573413608064665	0.4338235294117648	0.5278948549905714	0.0	1.0	0.4573413608064665	0.4338235294117648	0.5278948549905714	0.0	1.0	0.3	0.28	1.0	-23.657642467834545	-23.55253626351624	0.0	false	true	true	true	threat	low	adverse
["episode-state", "episode-main", "bundle-main", "context-main"]																							-1.3054546025563576	false	-2.0350520840780693	-2.0367717927959723	0.0	4	world								full-coupling	replay-episode-stream#4	emission:episode-emission;distribution:exact-replay/reliable-signal;scalar_ordinal=0	common-observation-update-v1	exact-replay	1	true	replay-episode-stream#4	9	observe	c44b479670ab23b6e334606a99194c7bb4aef56fbd5f5a80d76002404fcd15bb	14	event	71008			5																																																								
	0.0	approach	false	1.0	1.0	0.5037925766304819	1.0	1.0	1.0	1.0	1.0	1.0	1.0	1.0	1.0	1.0	1.0	1.0	1.0	0.42646722056575737	0.5	0.38940505351486426								0.40689655172413797	0.6612128813475037	1.0	0.0	0.0	0.0						exact-replay	1					c44b479670ab23b6e334606a99194c7bb4aef56fbd5f5a80d76002404fcd15bb	15	tick	71008		false	5	0.40689655172413797	0.6200810903139307	0.38311688311688313	0.5	0.5900951359209062	0.15747361649638328	0.11603885037305667	0.0898995956477981	0.636587937482762	0.5	0.5	0.329467674118426	0.3554395469036565	0.3150927789779176	0.5912984414095669	0.548416792164728	0.5037925766304819	0.636587937482762	0.4087015585904331	0.6565103763761054	0.5	0.82765217108786	1.0	0.546198152202234	0.002819637590274704	0.834202257909938	0.5410798447530938	0.5278948549905714	0.40689655172413797	0.4673957033573547	0.5278948549905714	0.0	1.0	0.43714612754074633	0.40689655172413797	0.5278948549905714	0.0	1.0	0.43714612754074633	0.40689655172413797	0.5278948549905714	0.0	1.0	0.3	0.28	1.0	-25.692694551912616	-25.589308056312213	0.0	false	true	false	false	threat	low	adverse
["episode-state", "episode-main", "bundle-main", "context-main"]																							-1.3302741060964483	false	-1.7940673558038445	-1.7767277452283923	0.0	4	world								reduced-coupling	replay-episode-stream#5	emission:episode-emission;distribution:exact-replay/reliable-signal;scalar_ordinal=0	common-observation-update-v1	exact-replay	1	true	replay-episode-stream#5	10	observe	c44b479670ab23b6e334606a99194c7bb4aef56fbd5f5a80d76002404fcd15bb	16	event	71008			6																																																								
	0.0	approach	false	1.0	1.0	0.5037925766304819	1.0	1.0	1.0	1.0	1.0	1.0	1.0	1.0	1.0	1.0	1.0	1.0	1.0	0.4276494997483549	0.5	0.38940505351486426								0.38311688311688313	0.6385353582325355	1.0	0.0	0.0	0.0						exact-replay	1					c44b479670ab23b6e334606a99194c7bb4aef56fbd5f5a80d76002404fcd15bb	17	tick	71008		false	6	0.38311688311688313	0.5370691886023671	0.3619631901840491	0.5	0.5773071152164921	0.17232216619130014	0.13755735267624192	0.5471522725894516	0.14296820854300624	0.5	0.5	0.3294676741184239	0.35543954690328294	0.31509277897829313	0.879973925054558	0.548416792164728	0.5037925766304819	0.5471522725894516	0.12002607494544204	0.5988325508220248	0.5	0.8289621884522757	1.0	0.545174490712406	0.11861434700688545	0.8045486711582166	0.5410798447530938	0.5278948549905714	0.3831168831168832	0.4555058690537273	0.5278948549905714	0.0	1.0	0.4193113760853052	0.3831168831168832	0.5278948549905714	0.0	1.0	0.4193113760853052	0.3831168831168832	0.5278948549905714	0.0	1.0	0.3	0.28	1.0	-27.48676190771646	-27.366035801540605	0.0	false	true	false	false	threat	high	adverse
["episode-state", "episode-main", "bundle-main", "context-main"]																							-1.320421364208214	false	-2.2353804731477886	-2.233657602704621	0.0	4	world								reduced-coupling	replay-episode-stream#6	emission:episode-emission;distribution:exact-replay/reliable-signal;scalar_ordinal=0	common-observation-update-v1	exact-replay	1	true	replay-episode-stream#6	11	observe	c44b479670ab23b6e334606a99194c7bb4aef56fbd5f5a80d76002404fcd15bb	18	event	71008			7																																																								
	1.0	approach	true	1.0	1.0	0.5037925766304819	1.0	1.0	1.0	1.0	1.0	1.0	1.0	1.0	1.0	1.0	1.0	1.0	1.0	0.43003500766799485	0.5	0.38940505351486426								0.3619631901840491	0.7498809138650774	1.0	0.0	0.0	0.0						exact-replay	1					c44b479670ab23b6e334606a99194c7bb4aef56fbd5f5a80d76002404fcd15bb	19	tick	71008		false	7	0.3619631901840491	0.5951806019754151	0.39534883720930236	0.5	0.581832758856639	0.16356471092683245	0.12331312173610876	0.09863210362989694	0.6144900637071619	0.5	0.5	0.32946767411842387	0.35543954690327856	0.31509277897829757	0.6206234295696197	0.548416792164728	0.5037925766304819	0.6144900637071619	0.3793765704303803	0.6495623233888775	0.5	0.824079484993464	1.0	0.5443555615205435	0.011731403372699067	0.8074815220013914	0.5410798447530938	0.5278948549905714	0.36196319018404916	0.44492902258731026	0.5278948549905714	0.0	1.0	0.4034461063856797	0.36196319018404916	0.5278948549905714	0.0	1.0	0.4034461063856797	0.36196319018404916	0.5278948549905714	0.0	1.0	0.3	0.28	1.0	-29.72214238086425	-29.599693404245226	0.0	false	true	false	false	threat	high	adverse
["episode-state", "episode-main", "bundle-main", "context-main"]																							-1.3083367333260087	false	-1.9809628959875227	-1.9491884611536587	0.0	4	world								reduced-coupling	replay-episode-stream#7	emission:episode-emission;distribution:exact-replay/reliable-signal;scalar_ordinal=0	common-observation-update-v1	exact-replay	2	true	replay-episode-stream#7	12	observe	c44b479670ab23b6e334606a99194c7bb4aef56fbd5f5a80d76002404fcd15bb	20	event	71008			8																																																								
	0.0	approach	false	1.0	1.0	0.5037925766304819	1.0	1.0	1.0	1.0	1.0	1.0	1.0	1.0	1.0	1.0	1.0	1.0	1.0	0.4316521436831539	0.5	0.38940505351486426								0.39534883720930236	0.7077223403839764	1.0	0.0	0.0	0.0						exact-replay	2					c44b479670ab23b6e334606a99194c7bb4aef56fbd5f5a80d76002404fcd15bb	21	tick	71008		false	8	0.39534883720930236	0.5975597218693477	0.3756906077348066	0.5	0.5929434934399266	0.1469124637016595	0.1016729478042655	0.6542211477333933	0.09719344076068161	0.5	0.5	0.32946767411842387	0.3554395469032785	0.3150927789782976	0.7775654151424691	0.548416792164728	0.5037925766304819	0.6542211477333933	0.22243458485753087	0.6173789790839268	0.5	0.8207598923950495	1.0	0.5437004181670536	0.12171723779373678	0.8379108314498256	0.5410798447530938	0.5278948549905714	0.39534883720930236	0.4616218460999369	0.5278948549905714	0.0	1.0	0.4284853416546196	0.39534883720930236	0.5278948549905714	0.0	1.0	0.4284853416546196	0.39534883720930236	0.5278948549905714	0.0	1.0	0.3	0.28	1.0	-31.703105276851772	-31.548881865398883	0.0	false	true	false	false	safe	low	adverse
["episode-state", "episode-main", "bundle-main", "context-main"]																							-1.3100479562102492	false	-2.3278796388280467	-2.3273661603036775	0.0	4	world								reduced-coupling	replay-episode-stream#8	emission:episode-emission;distribution:exact-replay/reliable-signal;scalar_ordinal=0	common-observation-update-v1	exact-replay	2	true	replay-episode-stream#8	13	observe	c44b479670ab23b6e334606a99194c7bb4aef56fbd5f5a80d76002404fcd15bb	22	event	71008			9																																																								
	0.0	approach	false	1.0	1.0	0.5037925766304819	1.0	1.0	1.0	1.0	1.0	1.0	1.0	1.0	1.0	1.0	1.0	1.0	1.0	0.43397057375982323	0.5	0.38940505351486426								0.3756906077348066	0.77217537140699	1.0	0.0	0.0	0.0						exact-replay	2					c44b479670ab23b6e334606a99194c7bb4aef56fbd5f5a80d76002404fcd15bb	23	tick	71008		false	9	0.3756906077348066	0.6133107357272097	0.35789473684210527	0.5	0.5976404984493339	0.15725375657498655	0.11409482899857369	0.08979067437518834	0.6388607400512514	0.5	0.5	0.32946767411842387	0.3554395469032785	0.3150927789782976	0.5876618657227287	0.548416792164728	0.5037925766304819	0.6388607400512514	0.4123381342772713	0.6559409035935075	0.5	0.8241900802060048	1.0	0.5431763034842617	0.04262413837318324	0.8485668660431215	0.5410798447530938	0.5278948549905714	0.3756906077348066	0.45179273136268905	0.5278948549905714	0.0	1.0	0.4137416695487478	0.3756906077348066	0.5278948549905714	0.0	1.0	0.4137416695487478	0.3756906077348066	0.5278948549905714	0.0	1.0	0.3	0.28	1.0	-34.03098491567982	-33.87624802570256	0.0	false	true	false	false	threat	low	adverse
["episode-state", "episode-main", "bundle-main", "context-main"]																							-1.4735375973232934	false	-0.5060228187264951	-0.512110993306008	0.0	4	world								full-coupling	replay-episode-stream#9	emission:episode-emission;distribution:exact-replay/reliable-signal;scalar_ordinal=0	common-observation-update-v1	exact-replay	2	true	replay-episode-stream#9	14	observe	c44b479670ab23b6e334606a99194c7bb4aef56fbd5f5a80d76002404fcd15bb	24	event	71008			10																																																								
	0.0	approach	false	1.0	1.0	0.5037925766304819	1.0	1.0	1.0	1.0	1.0	1.0	1.0	1.0	1.0	1.0	1.0	1.0	1.0	0.43248030813130456	0.5	0.38940505351486426								0.35789473684210527	0.7776026615707059	1.0	0.0	0.0	0.0						exact-replay	2					c44b479670ab23b6e334606a99194c7bb4aef56fbd5f5a80d76002404fcd15bb	25	tick	71008		false	10	0.35789473684210527	0.5749696593274185	0.3417085427135678	0.5	0.6008680224043443	0.1353516064989309	0.6385766560448097	0.1013573424191233	0.12471439503713602	0.5	0.5	0.32946767411842387	0.3554395469032785	0.3150927789782976	0.7907154643435512	0.548416792164728	0.5037925766304819	0.6385766560448097	0.20928453565644878	0.616221396953581	0.5	0.8290654373734282	1.0	0.5427570117380282	0.0334171176371868	0.8569211454524183	0.5410798447530938	0.5278948549905714	0.3578947368421053	0.4428947959163384	0.5278948549905714	0.0	1.0	0.4003947663792219	0.3578947368421053	0.5278948549905714	0.0	1.0	0.4003947663792219	0.3578947368421053	0.5278948549905714	0.0	1.0	0.3	0.28	1.0	-34.53700773440631	-34.38835901900857	0.0	false	true	false	false	repair	low	adverse
["episode-state", "episode-main", "bundle-main", "context-main"]																							-1.3332492584209092	false	-1.791814214751035	-1.7911525769946968	0.0	4	world								reduced-coupling	replay-episode-stream#10	emission:episode-emission;distribution:exact-replay/reliable-signal;scalar_ordinal=0	common-observation-update-v1	exact-replay	2	true	replay-episode-stream#10	15	observe	c44b479670ab23b6e334606a99194c7bb4aef56fbd5f5a80d76002404fcd15bb	26	event	71008			11																																																								
	0.0	approach	false	1.0	1.0	0.5037925766304819	1.0	1.0	1.0	1.0	1.0	1.0	1.0	1.0	1.0	1.0	1.0	1.0	1.0	0.4333456506198805	0.5	0.38940505351486426								0.3417085427135678	0.749179424049717	1.0	0.0	0.0	0.0						exact-replay	2					c44b479670ab23b6e334606a99194c7bb4aef56fbd5f5a80d76002404fcd15bb	27	tick	71008		false	11	0.3417085427135678	0.5069815496616167	0.32692307692307687	0.5	0.5779881904227551	0.18182465232685582	0.1538171403505249	0.512893402926253	0.1514648043963663	0.5	0.5	0.32946767411842387	0.3554395469032785	0.3150927789782976	0.907141154293348	0.548416792164728	0.5037925766304819	0.512893402926253	0.09285884570665204	0.593983400607384	0.5	0.8346365789892263	1.0	0.5424215783410413	0.1900580448171827	0.8094066342481228	0.5410798447530938	0.5278948549905714	0.3417085427135678	0.43480169885206965	0.5278948549905714	0.0	1.0	0.38825512078281876	0.3417085427135678	0.5278948549905714	0.0	1.0	0.38825512078281876	0.3417085427135678	0.5278948549905714	0.0	1.0	0.3	0.28	1.0	-36.328821949157344	-36.179511596003266	0.0	false	true	false	false	safe	low	adverse
["episode-state", "episode-main", "bundle-main", "context-main"]																							-1.3327416573455142	false	-1.8467046063905639	-1.8455784694558135	0.0	4	world								reduced-coupling	replay-episode-stream#11	emission:episode-emission;distribution:exact-replay/reliable-signal;scalar_ordinal=0	common-observation-update-v1	exact-replay	2	true	replay-episode-stream#11	16	observe	c44b479670ab23b6e334606a99194c7bb4aef56fbd5f5a80d76002404fcd15bb	28	event	71008			12																																																								
	0.25	approach	true	1.0	1.0	0.5037925766304819	1.0	1.0	1.0	1.0	1.0	1.0	1.0	1.0	1.0	1.0	1.0	1.0	1.0	0.4354723988922311	0.5	0.38940505351486426								0.32692307692307687	0.7936758398604777	1.0	0.0	0.0	0.0						exact-replay	2					c44b479670ab23b6e334606a99194c7bb4aef56fbd5f5a80d76002404fcd15bb	29	tick	71008		false	12	0.32692307692307687	0.515524083099444	0.3548387096774193	0.5	0.5600011966419212	0.18814113849346467	0.16146652353680263	0.1474412655281696	0.5029510724415631	0.5	0.5	0.32946767411842387	0.3554395469032785	0.3150927789782976	0.7573409151514451	0.548416792164728	0.5037925766304819	0.5029510724415631	0.24265908484855492	0.6228805813026025	0.5	0.8295905900410055	1.0	0.5421532316234519	0.2015534523193745	0.7590182711682791	0.5410798447530938	0.5278948549905714	0.32692307692307687	0.42740896595682415	0.5278948549905714	0.0	1.0	0.3771660214399505	0.32692307692307687	0.5278948549905714	0.0	1.0	0.3771660214399505	0.32692307692307687	0.5278948549905714	0.0	1.0	0.3	0.28	1.0	-38.17552655554791	-38.02509006545908	0.0	false	true	false	false	threat	low	adverse
["episode-state", "episode-main", "bundle-main", "context-main"]																							-1.461466459499816	false	-0.6401291549506594	-0.6487793758713629	0.0	4	world								full-coupling	replay-episode-stream#12	emission:episode-emission;distribution:exact-replay/reliable-signal;scalar_ordinal=0	common-observation-update-v1	exact-replay	2	true	replay-episode-stream#12	17	observe	c44b479670ab23b6e334606a99194c7bb4aef56fbd5f5a80d76002404fcd15bb	30	event	71008			13																																																								
	0.0	approach	false	1.0	1.0	0.5037925766304819	1.0	1.0	1.0	1.0	1.0	1.0	1.0	1.0	1.0	1.0	1.0	1.0	1.0	0.434018993688254	0.5	0.38940505351486426								0.3548387096774193	0.7711963249295206	1.0	0.0	0.0	0.0						exact-replay	2					c44b479670ab23b6e334606a99194c7bb4aef56fbd5f5a80d76002404fcd15bb	31	tick	71008		false	13	0.3548387096774193	0.530297103594759	0.34070796460176983	0.5	0.5628697211639777	0.15130888251013946	0.5801799562324989	0.12358408450121287	0.1449270767561488	0.5	0.5	0.32946767411842387	0.3554395469032785	0.3150927789782976	0.8507586579152249	0.548416792164728	0.5037925766304819	0.5801799562324989	0.14924134208477513	0.6013312045201231	0.5	0.8154761262664603	1.0	0.5419385542493803	0.017141104302023535	0.763303547243785	0.5410798447530938	0.5278948549905714	0.3548387096774194	0.4413667823339954	0.5278948549905714	0.0	1.0	0.3981027460057074	0.3548387096774194	0.5278948549905714	0.0	1.0	0.3981027460057074	0.3548387096774194	0.5278948549905714	0.0	1.0	0.3	0.28	1.0	-38.81565571049857	-38.673869441330446	0.0	false	true	false	false	threat	low	adverse
["episode-state", "episode-main", "bundle-main", "context-main"]																							-1.4448868151401333	false	-0.6663608925427614	-0.666799781291844	0.0	4	world								full-coupling	replay-episode-stream#13	emission:episode-emission;distribution:exact-replay/reliable-signal;scalar_ordinal=0	common-observation-update-v1	exact-replay	2	true	replay-episode-stream#13	18	observe	c44b479670ab23b6e334606a99194c7bb4aef56fbd5f5a80d76002404fcd15bb	32	event	71008			14																																																								
	0.0	approach	false	1.0	1.0	0.5037925766304819	1.0	1.0	1.0	1.0	1.0	1.0	1.0	1.0	1.0	1.0	1.0	1.0	1.0	0.43457875319696054	0.5	0.38940505351486426								0.34070796460176983	0.7823479564793252	1.0	0.0	0.0	0.0						exact-replay	2					c44b479670ab23b6e334606a99194c7bb4aef56fbd5f5a80d76002404fcd15bb	33	tick	71008		false	14	0.34070796460176983	0.5075516650863395	0.3276595744680851	0.5	0.5553143355046778	0.1662060887731951	0.5323740712078677	0.14256475752662676	0.15885508249231028	0.5	0.5	0.32946767411842387	0.3554395469032785	0.3150927789782976	0.8907678453462562	0.548416792164728	0.5037925766304819	0.5323740712078678	0.10923215465374381	0.5912081154931584	0.5	0.8050416104619252	1.0	0.541766812350123	0.07269300559379988	0.7451302958453351	0.5410798447530938	0.5278948549905714	0.3407079646017699	0.43430140979617066	0.5278948549905714	0.0	1.0	0.38750468719897024	0.3407079646017699	0.5278948549905714	0.0	1.0	0.38750468719897024	0.3407079646017699	0.5278948549905714	0.0	1.0	0.3	0.28	1.0	-39.48201660304133	-39.34066922262229	0.0	false	true	false	false	threat	low	adverse
["episode-state", "episode-main", "bundle-main", "context-main"]																							-1.4838564777465213	false	-2.049029921510091	-2.0490132334611797	0.0	4	world								reduced-coupling	replay-episode-stream#14	emission:episode-emission;distribution:exact-replay/reliable-signal;scalar_ordinal=0	common-observation-update-v1	exact-replay	2	true	replay-episode-stream#14	19	observe	c44b479670ab23b6e334606a99194c7bb4aef56fbd5f5a80d76002404fcd15bb	34	event	71008			15																																																								
	0.0	approach	false	1.0	1.0	0.5037925766304819	1.0	1.0	1.0	1.0	1.0	1.0	1.0	1.0	1.0	1.0	1.0	1.0	1.0	0.433117096797213	0.5	0.38940505351486426								0.3276595744680851	0.8532172027476614	1.0	0.0	0.0	0.0						exact-replay	2					c44b479670ab23b6e334606a99194c7bb4aef56fbd5f5a80d76002404fcd15bb	35	tick	71008		false	15	0.3276595744680851	0.5472757242171333	0.3155737704918032	0.5	0.5559580358232397	0.5620077682291408	0.13929976775969521	0.14328129217587723	0.15541117183528683	0.5	0.5	0.32946767411842387	0.3554395469032785	0.3150927789782976	0.7201965247311569	0.548416792164728	0.5037925766304819	0.5620077682291408	0.2798034752688431	0.6228984483276335	0.5	0.7930593475386072	1.0	0.5416294188307172	0.13086959352652505	0.7778476942269664	0.5410798447530938	0.5278948549905714	0.32765957446808514	0.4277772147293283	0.5278948549905714	0.0	1.0	0.3777183945987067	0.32765957446808514	0.5278948549905714	0.0	1.0	0.3777183945987067	0.32765957446808514	0.5278948549905714	0.0	1.0	0.3	0.28	1.0	-41.53104652455142	-41.38968245608347	0.0	false	true	false	false	safe	low	adverse
["episode-state", "episode-main", "bundle-main", "context-main"]																							-1.2908906491200807	false	-2.224715499072454	-2.210312543032488	0.0	4	world								reduced-coupling	replay-episode-stream#15	emission:episode-emission;distribution:exact-replay/reliable-signal;scalar_ordinal=0	common-observation-update-v1	exact-replay	3	true	replay-episode-stream#15	20	observe	c44b479670ab23b6e334606a99194c7bb4aef56fbd5f5a80d76002404fcd15bb	36	event	71008			16																																																								
	0.0	approach	false	1.0	1.0	0.5037925766304819	1.0	1.0	1.0	1.0	1.0	1.0	1.0	1.0	1.0	1.0	1.0	1.0	1.0	0.4347608271007417	0.5	0.38940505351486426								0.3155737704918032	0.9486058212963329	1.0	0.0	0.0	0.0						exact-replay	3					c44b479670ab23b6e334606a99194c7bb4aef56fbd5f5a80d76002404fcd15bb	37	tick	71008		false	16	0.3155737704918032	0.6139406686829898	0.30434782608695643	0.5	0.5751836525740548	0.1529911179498632	0.11213412767577598	0.07898941222332521	0.6558853421510356	0.5	0.5	0.32946767411842387	0.3554395469032785	0.3150927789782976	0.562014640533571	0.548416792164728	0.5037925766304819	0.6558853421510356	0.437985359466429	0.6539043760715801	0.5	0.790017016876279	1.0	0.5415195040151926	0.16733506335646853	0.8196814600660836	0.5410798447530938	0.5278948549905714	0.3155737704918032	0.42173431274118733	0.5278948549905714	0.0	1.0	0.3686540416164953	0.3155737704918032	0.5278948549905714	0.0	1.0	0.3686540416164953	0.3155737704918032	0.5278948549905714	0.0	1.0	0.3	0.28	1.0	-43.75576202362387	-43.59999499911596	0.0	false	true	false	false	threat	low	helpful
["episode-state", "episode-main", "bundle-main", "context-main"]																							-1.3138403392511495	false	-1.9501700716207724	-1.930040813213465	0.0	4	world								reduced-coupling	replay-episode-stream#16	emission:episode-emission;distribution:exact-replay/reliable-signal;scalar_ordinal=0	common-observation-update-v1	exact-replay	3	true	replay-episode-stream#16	21	observe	c44b479670ab23b6e334606a99194c7bb4aef56fbd5f5a80d76002404fcd15bb	38	event	71008			17																																																								
	0.25	approach	true	1.0	1.0	0.5037925766304819	1.0	1.0	1.0	1.0	1.0	1.0	1.0	1.0	1.0	1.0	1.0	1.0	1.0	0.43607109096598495	0.5	0.38940505351486426								0.30434782608695643	0.9277341963520382	1.0	0.0	0.0	0.0						exact-replay	3					c44b479670ab23b6e334606a99194c7bb4aef56fbd5f5a80d76002404fcd15bb	39	tick	71008		false	17	0.30434782608695643	0.5664875531499249	0.32824427480916024	0.5	0.5821971159928739	0.15328017738009722	0.11579994806840341	0.6237359152420741	0.10718395930942534	0.5	0.5	0.32946767411842387	0.3554395469032785	0.3150927789782976	0.8141842826086921	0.548416792164728	0.5037925766304819	0.6237359152420741	0.18581571739130787	0.6046394390136641	0.5	0.7959499055142399	1.0	0.5414315721627728	0.09353728219125834	0.8430657806138981	0.5410798447530938	0.5278948549905714	0.30434782608695643	0.41612134053876393	0.5278948549905714	0.0	1.0	0.3602345833128602	0.30434782608695643	0.5278948549905714	0.0	1.0	0.3602345833128602	0.30434782608695643	0.5278948549905714	0.0	1.0	0.3	0.28	1.0	-45.70593209524465	-45.53003581232942	0.0	false	true	false	false	safe	low	helpful
["episode-state", "episode-main", "bundle-main", "context-main"]																							-1.3107386987592766	false	-0.38995572604915196	-0.39219186660684974	0.0	4	world								full-coupling	replay-episode-stream#17	emission:episode-emission;distribution:exact-replay/reliable-signal;scalar_ordinal=0	common-observation-update-v1	exact-replay	3	true	replay-episode-stream#17	22	observe	c44b479670ab23b6e334606a99194c7bb4aef56fbd5f5a80d76002404fcd15bb	40	event	71008			18																																																								
	0.0	approach	false	1.0	1.0	0.5037925766304819	1.0	1.0	1.0	1.0	1.0	1.0	1.0	1.0	1.0	1.0	1.0	1.0	1.0	0.437317211184127	0.5	0.38940505351486426								0.32824427480916024	0.8961064595018113	1.0	0.0	0.0	0.0						exact-replay	3					c44b479670ab23b6e334606a99194c7bb4aef56fbd5f5a80d76002404fcd15bb	41	tick	71008		false	18	0.32824427480916024	0.5667326024661059	0.31734317343173424	0.5	0.5876087351915028	0.154236731919425	0.11588812651219378	0.6262734883668122	0.10360165320156894	0.5	0.5	0.32946767411842387	0.3554395469032785	0.3150927789782976	0.8122154746151384	0.548416792164728	0.5037925766304819	0.6262734883668122	0.18778452538486157	0.606903766519974	0.5	0.8053730805341716	1.0	0.5413612266808371	0.08547753379705081	0.8644351640631609	0.5410798447530938	0.5278948549905714	0.32824427480916024	0.4280695648998658	0.5278948549905714	0.0	1.0	0.37815691985451305	0.32824427480916024	0.5278948549905714	0.0	1.0	0.37815691985451305	0.32824427480916024	0.5278948549905714	0.0	1.0	0.3	0.28	1.0	-46.0958878212938	-45.922227678936274	0.0	false	true	false	false	safe	low	helpful
["episode-state", "episode-main", "bundle-main", "context-main"]																							-1.4526882421642136	false	-1.992425622372689	-1.9849056293512164	0.0	4	world								reduced-coupling	replay-episode-stream#18	emission:episode-emission;distribution:exact-replay/reliable-signal;scalar_ordinal=0	common-observation-update-v1	exact-replay	3	true	replay-episode-stream#18	23	observe	c44b479670ab23b6e334606a99194c7bb4aef56fbd5f5a80d76002404fcd15bb	42	event	71008			19																																																								
	0.0	approach	false	1.0	1.0	0.5037925766304819	1.0	1.0	1.0	1.0	1.0	1.0	1.0	1.0	1.0	1.0	1.0	1.0	1.0	0.43841123608486127	0.5	0.38940505351486426								0.31734317343173424	0.8602189597593004	1.0	0.0	0.0	0.0						exact-replay	3					c44b479670ab23b6e334606a99194c7bb4aef56fbd5f5a80d76002404fcd15bb	43	tick	71008		false	19	0.31734317343173424	0.5053427130241352	0.307142857142857	0.5	0.5738072866534056	0.16395175628789943	0.5383461024616308	0.14095432810720102	0.15674781314326874	0.5	0.5	0.32946767411842387	0.3554395469032785	0.3150927789782976	0.8868124565031829	0.548416792164728	0.5037925766304819	0.5383461024616308	0.11318754349681714	0.594335598206415	0.5	0.8171854972399695	1.0	0.5413049502952885	0.1199052584234801	0.8344588494572909	0.5410798447530938	0.5278948549905714	0.31734317343173424	0.42261901421115283	0.5278948549905714	0.0	1.0	0.3699810938214435	0.31734317343173424	0.5278948549905714	0.0	1.0	0.3699810938214435	0.31734317343173424	0.5278948549905714	0.0	1.0	0.3	0.28	1.0	-48.088313443666486	-47.90713330828749	0.0	false	true	false	false	safe	low	helpful
["episode-state", "episode-main", "bundle-main", "context-main"]																							-1.2979453490988226	false	-1.960385422306244	-1.9606089597314555	0.0	4	world								full-coupling	replay-episode-stream#19	emission:episode-emission;distribution:exact-replay/reliable-signal;scalar_ordinal=0	common-observation-update-v1	exact-replay	3	true	replay-episode-stream#19	24	observe	c44b479670ab23b6e334606a99194c7bb4aef56fbd5f5a80d76002404fcd15bb	44	event	71008			20																																																								
	0.0	approach	false	1.0	1.0	0.5037925766304819	1.0	1.0	1.0	1.0	1.0	1.0	1.0	1.0	1.0	1.0	1.0	1.0	1.0	0.4398798822453067	0.5	0.38940505351486426								0.307142857142857	0.9608199809914464	1.0	0.0	0.0	0.0						exact-replay	3					c44b479670ab23b6e334606a99194c7bb4aef56fbd5f5a80d76002404fcd15bb	45	tick	71008		false	20	0.307142857142857	0.5821693977172302	0.2975778546712802	0.5	0.5791328031210596	0.1623447680530198	0.12616760902132684	0.09826121129360436	0.6132264116320492	0.5	0.5	0.32946767411842387	0.3554395469032785	0.3150927789782976	0.6246782468057107	0.548416792164728	0.5037925766304819	0.613226411632049	0.3753217531942893	0.6474443700129144	0.5	0.8206401676834337	1.0	0.5412599291868496	0.050056602794227634	0.8469730001558479	0.5410798447530938	0.5278948549905714	0.307142857142857	0.41751885606671424	0.5278948549905714	0.0	1.0	0.3623308566047856	0.307142857142857	0.5278948549905714	0.0	1.0	0.3623308566047856	0.307142857142857	0.5278948549905714	0.0	1.0	0.3	0.28	1.0	-50.04869886597273	-49.867742268018944	0.0	false	true	false	false	safe	low	helpful
	0.0	approach	false	1.0	1.0	0.5037925766304819	1.0	1.0	1.0	1.0	1.0	1.0	1.0	1.0	1.0	1.0	1.0	1.0	1.0	0.4398798822453067	0.5	0.38940505351486426								0.2975778546712802	0.9830407936422301	1.0	0.0	0.0	0.0						exact-replay	3					c44b479670ab23b6e334606a99194c7bb4aef56fbd5f5a80d76002404fcd15bb	46	tick	71008		false	21	0.2975778546712802	0.5821693977172302	0.28859060402684555	0.5	0.5791328031210596	0.24069527890975123	0.23935038312620469	0.24813211707930313	0.2718222208847409	0.5	0.5	0.32946767411842387	0.3554395469032785	0.3150927789782976	0.6246782468057107	0.548416792164728	0.5037925766304819	0.613226411632049	0.3753217531942893	0.6474443700129144	0.5	0.8206401676834337	1.0	0.5412599291868496	0.050056602794227634	0.8469730001558479	0.5410798447530938	0.5278948549905714	0.2975778546712802	0.4127363548309258	0.5278948549905714	0.0	1.0	0.35515710475110296	0.2975778546712802	0.5278948549905714	0.0	1.0	0.35515710475110296	0.2975778546712802	0.5278948549905714	0.0	1.0	0.3	0.28	1.0	-50.04869886597273	-49.867742268018944	0.0	false	true	true	true	mixed	low	helpful
["episode-state", "cue-main", "bundle-main"]																							-0.5914215461430951	false	0.0	0.0	0.0	3	world								full-coupling	replay-corrective-probe#0	emission:cue-emission;distribution:exact-replay/reliable-signal;scalar_ordinal=0	common-observation-update-v1	exact-replay	3	true	replay-corrective-probe#0	25	probe	c44b479670ab23b6e334606a99194c7bb4aef56fbd5f5a80d76002404fcd15bb	47	event	71008			22																																																								
	0.0	approach	false	1.0	1.0	0.5037925766304819	1.0	1.0	1.0	1.0	1.0	1.0	1.0	1.0	1.0	1.0	1.0	1.0	1.0	0.4398798822453067	0.5	0.38940505351486426								0.28859060402684555	0.8852923561252963	1.0	0.0	0.0	0.0						exact-replay	3					c44b479670ab23b6e334606a99194c7bb4aef56fbd5f5a80d76002404fcd15bb	48	tick	71008		false	22	0.28859060402684555	0.46360198355927995	0.2801302931596091	0.5	0.5828519208629006	0.21748308781416142	0.3414825774044868	0.3308870154961154	0.11014731928523634	0.5	0.5	0.32946767411842387	0.3554395469032785	0.3150927789782976	0.6246782468057107	0.5483701033102768	0.5037925766304819	0.613226411632049	0.3753217531942893	0.6484904799344609	0.5	0.8259067341779166	1.0	0.5412239123000985	0.05334629743913344	0.8603095745156313	0.5410798447530938	0.5278948549905714	0.28859060402684555	0.4082427295087085	0.5278948549905714	0.0	1.0	0.34841666676777705	0.28859060402684555	0.5278948549905714	0.0	1.0	0.34841666676777705	0.28859060402684555	0.5278948549905714	0.0	1.0	0.3	0.28	1.0	-50.04869886597273	-49.867742268018944	0.0	false	true	true	true	safe	low	helpful
	0.0	approach	false	1.0	1.0	0.5037925766304819	1.0	1.0	1.0	1.0	1.0	1.0	1.0	1.0	1.0	1.0	1.0	1.0	1.0	0.4398798822453067	0.5	0.38940505351486426								0.2801302931596091	0.9048419574572011	1.0	0.0	0.0	0.0						exact-replay	3					c44b479670ab23b6e334606a99194c7bb4aef56fbd5f5a80d76002404fcd15bb	49	tick	71008		false	23	0.2801302931596091	0.46360198355927995	0.27215189873417717	0.5	0.5828519208629006	0.24376185521631777	0.2434999985564751	0.24802083102829106	0.2647173151989161	0.5	0.5	0.32946767411842387	0.3554395469032785	0.3150927789782976	0.6246782468057107	0.5483701033102768	0.5037925766304819	0.613226411632049	0.3753217531942893	0.6484904799344609	0.5	0.8259067341779166	1.0	0.5412239123000985	0.05334629743913344	0.8603095745156313	0.5410798447530938	0.5278948549905714	0.28013029315960913	0.4040125740750903	0.5278948549905714	0.0	1.0	0.3420714336173497	0.28013029315960913	0.5278948549905714	0.0	1.0	0.3420714336173497	0.28013029315960913	0.5278948549905714	0.0	1.0	0.3	0.28	1.0	-50.04869886597273	-49.867742268018944	0.0	false	true	false	false	safe	low	helpful
																																								typed-stop-check-v1	exact-replay	3	true	replay-stop#0	26	stop_check	c44b479670ab23b6e334606a99194c7bb4aef56fbd5f5a80d76002404fcd15bb	50	event	71008	stopping_rule:development-horizon	true	23																																																								
