seed,truth,nearest_family,nearest_complexity_gap,complexity_per_observation
781000,global_downweight,context_split,0.014562363494153907,"[0.28433626112041066, 0.37434812329618006, 0.29889862461456457, 0.3770016513208945, 0.1632569563682055]"
781001,global_downweight,context_split,0.02733233536322857,"[0.2588494705197542, 0.33195486793111095, 0.23151713515652564, 0.34131644618047435, 0.0791082154845966]"
781002,global_downweight,context_split,0.0619214892717736,"[0.32115596889826575, 0.4069704699334036, 0.25923447962649215, 0.39894705181337903, 0.15674973077839136]"
781003,global_downweight,change_point,0.009250560159983046,"[0.34070287240242464, 0.42995399757760283, 0.36577965185594774, 0.44956227809266197, 0.3314523122424416]"
781004,global_downweight,context_split,0.03762877611713766,"[0.25792443718614055, 0.33514602448572556, 0.2202956610690029, 0.35795638623972637, 0.16925415840154248]"
781005,global_downweight,context_split,0.0540105792634738,"[0.2053260144540239, 0.2881143073803362, 0.1513154351905501, 0.3189100948362453, 0.05267181789716338]"
781006,global_downweight,context_split,0.06673214851016424,"[0.25130666040445754, 0.3209406862975548, 0.1845745118942933, 0.3277620309347705, 0.0844763001069957]"
781007,global_downweight,context_split,0.025638131678259735,"[0.2874910795623102, 0.36504781021649646, 0.26185294788405045, 0.3909362454647181, 0.17760659198423356]"
781008,global_downweight,context_split,0.029508226699335144,"[0.2711534527339906, 0.3528376572171592, 0.24164522603465546, 0.36810644014460275, 0.11817028087820704]"
781009,global_downweight,cue_local_relearning,0.06171416756603473,"[0.23684843470891495, 0.2985626022749497, 0.16839266543746853, 0.31416316526354326, 0.12482720278896588]"
781010,global_downweight,context_split,0.08159557840983322,"[0.23166006196150765, 0.32364525171601627, 0.15006448355167443, 0.33701901108038035, 0.08606473469927661]"
781011,global_downweight,change_point,0.012612588057305862,"[0.29113397566448757, 0.3707495807444292, 0.30725145063063947, 0.3789636712098637, 0.2785213876071817]"
781012,global_downweight,context_split,0.012234639662523777,"[0.2400481360365727, 0.3176211306206746, 0.22781349637404893, 0.34121651879705467, 0.18367355083650885]"
781013,global_downweight,continuous_drift,0.06931670116556315,"[0.25093621103045244, 0.3273595570239592, 0.16751047397825466, 0.3202529121960156, 0.1004447891031694]"
781014,global_downweight,context_split,0.028969660373759143,"[0.380519817936445, 0.4590899447494221, 0.35155015756268587, 0.47414977639462347, 0.3480708251652957]"
781015,global_downweight,context_split,0.013742344757500358,"[0.30462676066750494, 0.38003460141012285, 0.3183691054250053, 0.4031772273311613, 0.26934708474394164]"
781016,global_downweight,continuous_drift,0.06295219910871969,"[0.278018176061523, 0.35315797908003027, 0.17991876791781256, 0.3409703751702427, 0.065214946621326]"
781017,global_downweight,cue_local_relearning,0.06762931876129236,"[0.249738993085855, 0.31736831184714737, 0.146925893749462, 0.32959462837804787, 0.040909628482295124]"
781018,global_downweight,context_split,0.07510801778160187,"[0.2399004572138205, 0.3207824532893009, 0.16479243943221863, 0.3179493829256317, 0.12941601707670689]"
781019,global_downweight,context_split,0.03548383381964104,"[0.3741654960008493, 0.4535044893258704, 0.33868166218120827, 0.4708739420688303, 0.2932415626334725]"
781020,global_downweight,context_split,0.029778046323494012,"[0.25468348869738744, 0.34425391341904893, 0.22490544237389343, 0.3618896374478937, 0.19732183434590225]"
781021,global_downweight,change_point,0.012670858409512487,"[0.2750970949743667, 0.34354239550654314, 0.24056070303630864, 0.32992114785208765, 0.28776795338387917]"
781022,global_downweight,cue_local_relearning,0.07909193552188998,"[0.28028001176961376, 0.35937194729150373, 0.1964433964813429, 0.388234906085098, 0.14268894394472367]"
781023,global_downweight,continuous_drift,0.06043523889775598,"[0.32247943089008213, 0.39732343495093875, 0.22903228700256265, 0.3829146697878381, 0.22486898545667092]"
781024,global_downweight,context_split,0.0017482574559144481,"[0.33092294053873855, 0.4168886205983313, 0.3291746830828241, 0.43809133080927015, 0.0969090803633656]"
781025,global_downweight,cue_local_relearning,0.08382388112412162,"[0.23829099985253357, 0.3221148809766552, 0.1504309746190856, 0.3300792758463099, 0.11085021802833789]"
781026,global_downweight,context_split,0.01664177078513268,"[0.3082107844413815, 0.3751675002576698, 0.3248525552265142, 0.37586621946966564, 0.14862516978670223]"
781027,global_downweight,context_split,0.05971073639707297,"[0.2675719337220046, 0.3549852459695005, 0.3272826701190776, 0.34752929059144094, 0.19972302552529597]"
781028,global_downweight,context_split,0.040376582903243224,"[0.2815572566222692, 0.34994982907690897, 0.241180673719026, 0.36589449309348465, 0.23932960370351417]"
781029,global_downweight,continuous_drift,0.05382919627468785,"[0.2579398100629194, 0.3274044162960575, 0.1426389665358708, 0.31176900633760724, 0.04149915498139437]"
781030,global_downweight,continuous_drift,0.052799380531891094,"[0.2979698642571505, 0.3794838259056233, 0.1299925112489665, 0.3507692447890416, 0.05361519322428287]"
781031,global_downweight,context_split,0.038688174382077334,"[0.2950794429398238, 0.3901601705195068, 0.25639126855774647, 0.3832649061088529, 0.1908015472536058]"
781032,global_downweight,context_split,0.04120568036716782,"[0.29216844985277163, 0.37559182060581103, 0.2509627694856038, 0.36804322112820786, 0.1345639049668388]"
781033,global_downweight,context_split,0.04934701393878746,"[0.2572900943762105, 0.33130601117216635, 0.20794308043742302, 0.3333102838829671, 0.1511868137252671]"
781034,global_downweight,context_split,0.02594792282273925,"[0.2273104593331133, 0.3122170198599283, 0.20136253651037406, 0.3130557344835826, 0.10839755576137468]"
781035,global_downweight,context_split,0.010103015796833426,"[0.2804688329967226, 0.3640401643347159, 0.27036581719988917, 0.3890626272102562, 0.09547334964314518]"
781036,global_downweight,context_split,0.020560553535516224,"[0.2753173950147994, 0.3581656081661324, 0.2547568414792832, 0.34068762045068607, 0.11149400602157239]"
781037,global_downweight,context_split,0.013397104109202196,"[0.31526364256218464, 0.3998900301482125, 0.30186653845298245, 0.38708804842148, 0.23699390050441235]"
781038,global_downweight,context_split,0.06680027588728213,"[0.3146455523638813, 0.38796679549131236, 0.24784527647659918, 0.4010966029674898, 0.1922083574028243]"
781039,global_downweight,context_split,0.001762916624365285,"[0.31703663340185034, 0.38819512274669776, 0.31527371677748506, 0.40270911846958474, 0.05639577700510203]"
781040,global_downweight,context_split,0.0012034238757823723,"[0.3054871046407241, 0.3868676232865363, 0.3042836807649417, 0.39699633936011, 0.21660895817786874]"
781041,global_downweight,context_split,0.004547286539621664,"[0.26169188122524906, 0.34312531037788085, 0.2662391677648707, 0.3498592681812102, 0.2052139775823535]"
781042,global_downweight,change_point,0.054085529050183184,"[0.2372130061530431, 0.32504713883979747, 0.1829447524204529, 0.3381947833416718, 0.18312747710285993]"
781043,global_downweight,continuous_drift,0.04604359013715634,"[0.2445975947561115, 0.31556014444081737, 0.18963247503111078, 0.29064118489326785, 0.06437824577057129]"
781044,global_downweight,context_split,0.04988198285095424,"[0.30724904299242833, 0.39052575056143785, 0.2573670601414741, 0.40451749852898433, 0.21767165949252001]"
781045,global_downweight,context_split,0.020691965836872606,"[0.22966101519791457, 0.31664202344525594, 0.20896904936104196, 0.3341346640155685, 0.12730022180238107]"
781046,global_downweight,context_split,0.053528293962895795,"[0.29784535216344854, 0.38927384156379646, 0.24431705820055274, 0.4122691858419773, 0.07812472381506955]"
781047,global_downweight,context_split,0.042570835392821305,"[0.2357064101826751, 0.31180282434021245, 0.1931355747898538, 0.3188682888965372, 0.17350631627514113]"
781048,global_downweight,context_split,0.03158890943421899,"[0.2791817788381361, 0.3680996657959055, 0.24759286940391712, 0.3779121163528664, 0.196461689908249]"
781049,global_downweight,context_split,0.01481735333832307,"[0.2863246111633646, 0.37138995028606575, 0.3011419645016877, 0.3720912251580896, 0.08522980617925345]"
781050,global_downweight,context_split,0.03113285568658619,"[0.35351080753288255, 0.4258590667452826, 0.32237795184629636, 0.41862538292310775, 0.25674961000001567]"
781051,global_downweight,cue_local_relearning,0.08129881643413811,"[0.3220383449300068, 0.40333716136414494, 0.2277119435861964, 0.41123112953590074, 0.06726590697757384]"
781052,global_downweight,continuous_drift,0.07469588456830412,"[0.36750063591627075, 0.451130575948993, 0.22484492572820167, 0.44219652048457486, 0.1824141511575699]"
781053,global_downweight,context_split,0.049124751004715694,"[0.2635303193263626, 0.3514531183071254, 0.3126550703310783, 0.3771305639037074, 0.31667673983352046]"
781054,global_downweight,context_split,0.0011084960262897625,"[0.28102712743447184, 0.3556538074272986, 0.2821356234607616, 0.3787799334185311, 0.2924202456999182]"
781055,global_downweight,context_split,0.029509832144031606,"[0.274246152646264, 0.3405689856169602, 0.2447363205022324, 0.3578585017793388, 0.15506483229273482]"
781056,global_downweight,cue_local_relearning,0.08162263496230399,"[0.27309279744490883, 0.3547154324072128, 0.1752580183418361, 0.3725935873638364, 0.07173030342960274]"
781057,global_downweight,context_split,0.042417316643081904,"[0.232591003902914, 0.3084184551816231, 0.1901736872598321, 0.3192924575446014, 0.18530295946788233]"
781058,global_downweight,continuous_drift,0.08011447531394994,"[0.3325493075247639, 0.4207749447071112, 0.22314098804139668, 0.41266378283871386, 0.20419172972250269]"
781059,global_downweight,context_split,0.07460244633465668,"[0.3133406224924636, 0.3943971779053698, 0.2387381761578069, 0.39609861324264467, 0.04739379385666153]"
781060,global_downweight,context_split,0.009692033738818828,"[0.28654305480347925, 0.37438325658767724, 0.2768510210646604, 0.3849416910501231, 0.20934018999227258]"
781061,global_downweight,cue_local_relearning,0.09271375110945385,"[0.23214048454218128, 0.3248542356516351, 0.13451106271837374, 0.3337831587596504, 0.10323214569953441]"
781062,global_downweight,context_split,0.01735184107807622,"[0.261728721761564, 0.3553182780223931, 0.24437688068348776, 0.37151639489856564, 0.30002050994297036]"
781063,global_downweight,context_split,0.05599355976004358,"[0.2831021141890464, 0.35674278323378195, 0.22710855442900282, 0.3647919290413059, 0.16916787692910162]"
781064,global_downweight,change_point,0.005731564174485448,"[0.2979371733522733, 0.3681372830523739, 0.31054413755986704, 0.3835118695291524, 0.2922056091777879]"
781065,global_downweight,cue_local_relearning,0.10115163922518267,"[0.2652853265676944, 0.36643696579287705, 0.13647158442825422, 0.3882530377656168, 0.07298123035917879]"
781066,global_downweight,context_split,0.057753609256009225,"[0.2634114135427739, 0.3450890001649609, 0.2056578042867647, 0.35729147590637783, 0.09998023405367919]"
781067,global_downweight,context_split,0.04264432393158685,"[0.349890265808037, 0.44347636957983244, 0.30724594187645016, 0.4527231706773333, 0.23047597384040364]"
781068,global_downweight,context_split,0.06423721994527712,"[0.21048511306226525, 0.29030955479647896, 0.14624789311698813, 0.3095056284007412, 0.06512358551249374]"
781069,global_downweight,cue_local_relearning,0.07400949949012936,"[0.3135392749739751, 0.38754877446410446, 0.20614738853005324, 0.4125149134108421, 0.17022177525858972]"
781070,global_downweight,context_split,0.030324528640171322,"[0.2665327773992253, 0.34911665567716704, 0.236208248759054, 0.36788793487299065, 0.1296411322144842]"
781071,global_downweight,change_point,0.010210340568730658,"[0.30962443897205383, 0.3956401498252691, 0.32137203426382827, 0.41322934297436714, 0.29941409840332317]"
781072,global_downweight,context_split,0.009191877816391858,"[0.28321292030678985, 0.3600798587412722, 0.274021042490398, 0.3894250772314165, 0.24397941204164195]"
781073,global_downweight,cue_local_relearning,0.07568108517127226,"[0.3450701033346993, 0.42075118850597154, 0.24579822060391687, 0.44616590729313144, 0.036881894612528894]"
781074,global_downweight,context_split,0.028596359801876303,"[0.3082654623137752, 0.3913502395227431, 0.2796691025118989, 0.41618292955448594, 0.07879256695390903]"
781075,global_downweight,continuous_drift,0.07066369032216935,"[0.30196537364417764, 0.37564083427760037, 0.20697696616836814, 0.372629063966347, 0.13307021151608867]"
781076,global_downweight,context_split,0.003228979301180379,"[0.23728089813283262, 0.317943241003696, 0.23405191883165224, 0.34042074842797243, 0.12508298785712274]"
781077,global_downweight,context_split,0.05034384421964805,"[0.2746327386631095, 0.36055485803307136, 0.22428889444346145, 0.3627984781930042, 0.06093117363714709]"
781078,global_downweight,context_split,0.02082431283645131,"[0.3280608897087732, 0.4255601069444464, 0.30723657687232186, 0.4494458187523836, 0.25875585676384055]"
781079,global_downweight,context_split,0.0018464929195426694,"[0.2505728338435842, 0.3253174266775206, 0.24872634092404153, 0.3307690102443744, 0.2472039107737827]"
781080,global_downweight,continuous_drift,0.053705661045495345,"[0.266597788100781, 0.3411805150320238, 0.18236599141789614, 0.32030344914627634, 0.10810899803782342]"
781081,global_downweight,change_point,0.00017938983761695004,"[0.2771534188349005, 0.3565533292499668, 0.26469984750148734, 0.34978557200766086, 0.2769740289972836]"
781082,global_downweight,change_point,0.005849274930905701,"[0.28079490507884314, 0.36184199116194643, 0.25209558134215443, 0.3558142286529453, 0.27494563014793744]"
781083,global_downweight,change_point,0.04409802804198937,"[0.3141305451044078, 0.3952483449092008, 0.2644759026116974, 0.40553964153163186, 0.27003251706241843]"
781084,global_downweight,context_split,0.07025074430067318,"[0.21189706763520574, 0.28891036045536495, 0.14164632333453256, 0.30623782218403245, 0.04200073839247637]"
781085,global_downweight,change_point,0.0054665809138198795,"[0.24564756865643242, 0.3288565610460898, 0.2670353652191697, 0.3433670300622258, 0.2511141495702523]"
781086,global_downweight,context_split,0.03301370237352247,"[0.2734111514199857, 0.35689642016632056, 0.2403974490464632, 0.3679768237633032, 0.1897158541383811]"
781087,global_downweight,context_split,0.004725540058782285,"[0.2354436544431097, 0.30995958987561095, 0.2307181143843274, 0.32881543892911924, 0.12954706759384021]"
781088,global_downweight,context_split,0.07476914227104334,"[0.314654837231467, 0.39904362670087207, 0.23988569496042364, 0.42148253073433195, 0.15692753637828716]"
781089,global_downweight,change_point,0.029245532925303436,"[0.27018115909842305, 0.3656685540342866, 0.2292782465081524, 0.3721485972735032, 0.24093562617311962]"
781090,global_downweight,context_split,0.025735514234168533,"[0.2623617652105129, 0.34273093412758077, 0.23662625097634438, 0.36591151310193964, 0.16912414783472254]"
781091,global_downweight,cue_local_relearning,0.07367362764838437,"[0.33202488262729324, 0.4056985102756776, 0.25595555976924006, 0.42156007197760986, 0.15726505737636684]"
781092,global_downweight,continuous_drift,0.0660887562131443,"[0.2820052016937588, 0.3712388135264635, 0.16263790928852753, 0.3480939579069031, 0.11094360436122798]"
781093,global_downweight,context_split,0.013765093246634108,"[0.3964398138592358, 0.4750968182368462, 0.3826747206126017, 0.46696181898841077, 0.3184777408877713]"
781094,global_downweight,change_point,0.05254897889375493,"[0.2072097583112432, 0.28330030267319334, 0.15305841768630632, 0.2983329436544329, 0.15466077941748826]"
781095,global_downweight,context_split,0.08886999263266901,"[0.28224371292561906, 0.3793971884004342, 0.19337372029295005, 0.3759455681650808, 0.06059119205225915]"
781096,global_downweight,cue_local_relearning,0.0832381830147334,"[0.36707585308410146, 0.45031403609883486, 0.20569237036571528, 0.45502783983461054, 0.11465689320204679]"
781097,global_downweight,context_split,0.050976823395778526,"[0.313797296928087, 0.3965357305062726, 0.2628204735323085, 0.40090475299642253, 0.23360049611920672]"
781098,global_downweight,context_split,0.034489183922717215,"[0.3056300284569508, 0.37922588787212086, 0.2711408445342336, 0.40423743961165154, 0.11030743746402094]"
781099,global_downweight,context_split,0.041468014104178,"[0.298647319048635, 0.38140258041660496, 0.257179304944457, 0.400594915137411, 0.1767439657418075]"
781100,cue_local_relearning,continuous_drift,0.01438972805435701,"[0.2679937386597216, 0.3461641292100312, 0.2070376690971252, 0.3605538572643882, 0.09700502306674912]"
781101,cue_local_relearning,continuous_drift,0.022859624880329665,"[0.3193874236982326, 0.40365051755391074, 0.2328483557307938, 0.4265101424342404, 0.0693987059745552]"
781102,cue_local_relearning,continuous_drift,0.015466544822431039,"[0.2620190957221522, 0.3402284562443974, 0.16507302703556095, 0.35569500106682844, 0.06441823955604037]"
781103,cue_local_relearning,continuous_drift,0.013440753222217883,"[0.3187609102793128, 0.3883950012590151, 0.30278150940080856, 0.401835754481233, 0.24166277810663353]"
781104,cue_local_relearning,continuous_drift,0.012926560281954269,"[0.2763258154235026, 0.3605202797387604, 0.18575975522505117, 0.37344684002071465, 0.031240832565100168]"
781105,cue_local_relearning,continuous_drift,0.009147049307670907,"[0.3860206711815568, 0.4647646747374321, 0.34096488608468084, 0.473911724045103, 0.3114117504032879]"
781106,cue_local_relearning,continuous_drift,0.0283833975542519,"[0.18322412265739937, 0.2633855752019672, 0.12634008303852615, 0.2917689727562191, 0.026342491184494287]"
781107,cue_local_relearning,continuous_drift,0.007439729510865467,"[0.2996058605625643, 0.39064707175632024, 0.2729159408667354, 0.3980868012671857, 0.16775849718948843]"
781108,cue_local_relearning,continuous_drift,0.01455613114625981,"[0.3422503084596383, 0.4212305630001254, 0.33117479675302414, 0.4357866941463852, 0.37921939724226594]"
781109,cue_local_relearning,continuous_drift,0.022699299409792373,"[0.24528217910617225, 0.3215490608258637, 0.24477782737689546, 0.3442483602356561, 0.1744126598505951]"
781110,cue_local_relearning,continuous_drift,0.024533598677412782,"[0.30566077767523, 0.3934716904734899, 0.14744840882064705, 0.4180052891509027, 0.0374888472651864]"
781111,cue_local_relearning,continuous_drift,0.014341235796529128,"[0.2298260625077602, 0.3115183900226924, 0.18923613832607267, 0.3258596258192215, 0.0935137912779165]"
781112,cue_local_relearning,continuous_drift,0.009312807263672562,"[0.25495226926234765, 0.3323092380085122, 0.2046056307730754, 0.34162204527218476, 0.11265819194836844]"
781113,cue_local_relearning,continuous_drift,0.016662752899454236,"[0.227890830688063, 0.3176499525826363, 0.25439935128996144, 0.3343127054820905, 0.18572505471784942]"
781114,cue_local_relearning,continuous_drift,0.011043576586767023,"[0.26757525757755557, 0.3493818112076033, 0.24239128711569316, 0.36042538779437033, 0.04911414128690556]"
781115,cue_local_relearning,continuous_drift,0.010757576303394467,"[0.4417211658483166, 0.5227511633755483, 0.4295563547897683, 0.5335087396789427, 0.3451568086507694]"
781116,cue_local_relearning,continuous_drift,0.025421358903615632,"[0.297898502136501, 0.36176256388094324, 0.20537569899957975, 0.3871839227845589, 0.06357435540058222]"
781117,cue_local_relearning,continuous_drift,0.028239880335181988,"[0.23070764354882103, 0.3116718980924769, 0.25038979914428344, 0.3399117784276589, 0.16480659955790414]"
781118,cue_local_relearning,continuous_drift,0.01397930035404954,"[0.2900518608224007, 0.3573266125562545, 0.220479042249042, 0.371305912910304, 0.04522654476632019]"
781119,cue_local_relearning,continuous_drift,0.011817078826564131,"[0.2517613167169963, 0.3359064350908951, 0.18617799987618155, 0.32408935626433094, 0.0810577275939109]"
781120,cue_local_relearning,continuous_drift,0.018319973941849976,"[0.27624708365243517, 0.3595039490250276, 0.2121923260807603, 0.37782392296687756, 0.1386722104223015]"
781121,cue_local_relearning,continuous_drift,0.03270004244984781,"[0.24755059228702933, 0.32415998051362876, 0.19373364626500186, 0.29145993806378095, 0.09183464786744595]"
781122,cue_local_relearning,continuous_drift,0.01432050722977618,"[0.3091013433768351, 0.394407374606406, 0.27349266274476586, 0.4087278818361822, 0.07872066454281758]"
781123,cue_local_relearning,continuous_drift,0.02130613650035884,"[0.27106136294929833, 0.3441134055113191, 0.22898727585750736, 0.3654195420116779, 0.11003680002130857]"
781124,cue_local_relearning,continuous_drift,0.01934793308473759,"[0.2736536264172719, 0.35779299772726375, 0.21652719038162768, 0.37714093081200134, 0.09672929873127577]"
781125,cue_local_relearning,continuous_drift,0.012647238246333459,"[0.2611494967770581, 0.33718114177272634, 0.16936595507797483, 0.3498283800190598, 0.06372829528088096]"
781126,cue_local_relearning,continuous_drift,0.007140892914283881,"[0.25897242179044266, 0.3242940555322497, 0.2062671999662977, 0.3314349484465336, 0.19906677359218514]"
781127,cue_local_relearning,continuous_drift,0.026474055542166253,"[0.3234544906557593, 0.4007933007536942, 0.22474209813844417, 0.42726735629586043, 0.08911530644107395]"
781128,cue_local_relearning,continuous_drift,0.021084317055996116,"[0.3519573609628615, 0.4195423693731763, 0.3625744672234328, 0.4406266864291724, 0.3275896353516204]"
781129,cue_local_relearning,continuous_drift,0.02054387893630405,"[0.26547952642875233, 0.3418289202681933, 0.17946430942724725, 0.36237279920449733, 0.029011161626613807]"
781130,cue_local_relearning,continuous_drift,0.003540753300217525,"[0.2906707137908932, 0.3832179709453611, 0.23846451424420687, 0.3867587242455786, 0.169706037762451]"
781131,cue_local_relearning,continuous_drift,0.0038520640210061574,"[0.1724661162531996, 0.2520975812292981, 0.11300263875313382, 0.24824551720829194, 0.07638614327653011]"
781132,cue_local_relearning,continuous_drift,0.008163527241736634,"[0.3183507753218448, 0.40777175194959986, 0.361200737550738, 0.4159352791913365, 0.1795765012384316]"
781133,cue_local_relearning,continuous_drift,0.031272572915298724,"[0.27167588873034554, 0.3492837309704831, 0.2461740619281263, 0.3805563038857818, 0.02743616281684379]"
781134,cue_local_relearning,continuous_drift,0.00019589774981465524,"[0.2920851349908644, 0.3762855549795794, 0.2516664059164358, 0.37648145272939404, 0.07322041614465861]"
781135,cue_local_relearning,continuous_drift,0.023790846328816118,"[0.3142700055375787, 0.3898383444587458, 0.3653384698056102, 0.41362919078756194, 0.18109202948011324]"
781136,cue_local_relearning,continuous_drift,0.005288385862404765,"[0.33468083353182326, 0.42759483411999005, 0.2879518788786096, 0.4223064482575853, 0.07311841073537272]"
781137,cue_local_relearning,continuous_drift,0.01464889508471956,"[0.2629202528767565, 0.3605423541242058, 0.21329399628311288, 0.3751912492089254, 0.13919056054336804]"
781138,cue_local_relearning,continuous_drift,0.020115463298366942,"[0.3206674011992576, 0.4139932294955086, 0.23266129410694916, 0.43410869279387554, 0.16474865595446977]"
781139,cue_local_relearning,continuous_drift,0.012432032827246475,"[0.2584555589551144, 0.3404092869954474, 0.13495560709005824, 0.3528413198226939, 0.030838547593970884]"
781140,cue_local_relearning,continuous_drift,0.012383970674239742,"[0.24372485253526477, 0.33203128288342665, 0.16470079565104626, 0.3444152535576664, 0.03138321145327037]"
781141,cue_local_relearning,continuous_drift,0.028616120409670487,"[0.273927984442444, 0.33786522617980985, 0.18855623122406065, 0.36648134658948034, 0.07564864343228389]"
781142,cue_local_relearning,continuous_drift,0.015073784149305824,"[0.26736878687759325, 0.34208977261674817, 0.27089334924842345, 0.32701598846744234, 0.07358476798395085]"
781143,cue_local_relearning,continuous_drift,0.027311965371962676,"[0.25605198245699573, 0.3320603498503915, 0.19548844060551285, 0.3593723152223542, 0.13158714839904728]"
781144,cue_local_relearning,continuous_drift,0.0025071147756406953,"[0.3002387395626722, 0.37250366451213873, 0.20817837406929152, 0.3750107792877794, 0.0691738306901531]"
781145,cue_local_relearning,continuous_drift,0.02302144096044928,"[0.3731620204633473, 0.4498432417337092, 0.30116080550228025, 0.4728646826941585, 0.28821880117987314]"
781146,cue_local_relearning,continuous_drift,0.01837671716785988,"[0.19326824657335848, 0.264057739879437, 0.11070918507291683, 0.2456810227115771, 0.02841440452248513]"
781147,cue_local_relearning,continuous_drift,0.0053304660476016785,"[0.32735386507013897, 0.40211237825658164, 0.24387965436612416, 0.4074428443041833, 0.16807373454158495]"
781148,cue_local_relearning,continuous_drift,0.0035860284133368836,"[0.24788193223810254, 0.333845219130568, 0.16790512480742129, 0.33025919071723114, 0.1493600554038076]"
781149,cue_local_relearning,continuous_drift,0.01897716399708177,"[0.3286102370829059, 0.40289171687091185, 0.3303404839993612, 0.4218688808679936, 0.2681951766567851]"
781150,cue_local_relearning,continuous_drift,0.002624410417378986,"[0.29230086767278823, 0.37458827189174765, 0.22285804691866995, 0.37721268230912663, 0.07788149002522025]"
781151,cue_local_relearning,continuous_drift,0.010542099215170575,"[0.24906744699039776, 0.323840488032397, 0.1773225140174627, 0.3343825872475676, 0.14795398139635624]"
781152,cue_local_relearning,continuous_drift,0.02580041833639568,"[0.3133055679019853, 0.39144406652066616, 0.3627317302215578, 0.41724448485706184, 0.24014643445214076]"
781153,cue_local_relearning,continuous_drift,0.03372809179571312,"[0.29971718449948753, 0.3711980676491787, 0.28443027369143575, 0.4049261594448918, 0.09345842074179506]"
781154,cue_local_relearning,continuous_drift,0.03431633186135591,"[0.30993550969426104, 0.38660959519565163, 0.33808261467403017, 0.42092592705700754, 0.16446302651384695]"
781155,cue_local_relearning,continuous_drift,0.006904667708631906,"[0.23075498529527627, 0.3105312157910814, 0.17064171073344578, 0.3174358834997133, 0.12280101897238994]"
781156,cue_local_relearning,continuous_drift,0.015950306340859366,"[0.2712685908677061, 0.35738560922112467, 0.21023399776819338, 0.37333591556198403, 0.1561242954095002]"
781157,cue_local_relearning,continuous_drift,0.0070221750735484645,"[0.23586655769954964, 0.3182295349436179, 0.19412522211375807, 0.32525171001716635, 0.1538917880967722]"
781158,cue_local_relearning,continuous_drift,0.02483986237767355,"[0.260524448081975, 0.3495280520772421, 0.2842586084550925, 0.37436791445491563, 0.07538862046411347]"
781159,cue_local_relearning,continuous_drift,0.02384456752682773,"[0.37118962937207295, 0.438148777048146, 0.3556236429510353, 0.4619933445749737, 0.05455741420591894]"
781160,cue_local_relearning,continuous_drift,0.026976402181311476,"[0.2666744960848015, 0.3397646400884326, 0.19687634675885937, 0.3667410422697441, 0.19580492764808333]"
781161,cue_local_relearning,continuous_drift,0.022559710574348246,"[0.19155110490050128, 0.26367655697876974, 0.17108864231081755, 0.286236267553118, 0.13944105425452566]"
781162,cue_local_relearning,continuous_drift,0.018930863653403796,"[0.31651405274332295, 0.4073878603703582, 0.2634664188341967, 0.426318724023762, 0.04036986092876695]"
781163,cue_local_relearning,continuous_drift,0.007277511866691622,"[0.1805371688322297, 0.26123269067667104, 0.14361611923305093, 0.26851020254336266, 0.0445566146477413]"
781164,cue_local_relearning,continuous_drift,0.029030299465546472,"[0.2596801911183678, 0.3258918436091343, 0.14269540595313748, 0.3549221430746808, 0.03865332763731625]"
781165,cue_local_relearning,continuous_drift,0.016186887364117053,"[0.3200187117311037, 0.40779008629142705, 0.2583686550935878, 0.4239769736555441, 0.12665512833008127]"
781166,cue_local_relearning,continuous_drift,0.024286073329448044,"[0.2430879335557655, 0.3178459730069663, 0.2632882675454862, 0.34213204633641436, 0.0836302225395442]"
781167,cue_local_relearning,continuous_drift,0.026487585275811742,"[0.24426405207307525, 0.3300479088315991, 0.14844960761928677, 0.35653549410741087, 0.11276334385148902]"
781168,cue_local_relearning,continuous_drift,0.02049410116699224,"[0.2944741844341153, 0.37896275107002336, 0.20093659592653365, 0.3994568522370156, 0.13353864537731186]"
781169,cue_local_relearning,continuous_drift,0.018928205856566294,"[0.24333583176861143, 0.32116146394679884, 0.23728988657916117, 0.34008966980336514, 0.2312819283713644]"
781170,cue_local_relearning,continuous_drift,0.0006640523919543284,"[0.3493469250960913, 0.42959924633464425, 0.35932818415970064, 0.4302632987265986, 0.403124827179886]"
781171,cue_local_relearning,continuous_drift,0.028207499955030635,"[0.30920725116391595, 0.389829520513888, 0.26810980603241663, 0.4180370204689186, 0.21147579335685654]"
781172,cue_local_relearning,continuous_drift,0.0279762817627347,"[0.3283704681271485, 0.40845301372704923, 0.3017266948640594, 0.43642929548978393, 0.13363130407840604]"
781173,cue_local_relearning,continuous_drift,0.006613533712327202,"[0.24899959504889013, 0.32337209284063057, 0.20910124701951527, 0.32998562655295777, 0.06705758552498269]"
781174,cue_local_relearning,continuous_drift,0.010108804378057001,"[0.2865803914140261, 0.372395116486326, 0.25305322394645957, 0.382503920864383, 0.1962642191394122]"
781175,cue_local_relearning,continuous_drift,0.016652183858336278,"[0.2948643289519817, 0.3714398365561422, 0.23799908576938175, 0.3880920204144785, 0.21444408410149185]"
781176,cue_local_relearning,continuous_drift,0.017396447884759414,"[0.2813743632326738, 0.35443193362254677, 0.21681729947711878, 0.3718283815073062, 0.04376407406440785]"
781177,cue_local_relearning,continuous_drift,0.0020952384238659416,"[0.28522243409039044, 0.36227475579096363, 0.17304121740834869, 0.3643699942148296, 0.043828685634381755]"
781178,cue_local_relearning,continuous_drift,0.030031112387810255,"[0.251370134551078, 0.3270320491214374, 0.18182184271536764, 0.35706316150924766, 0.08220600540918056]"
781179,cue_local_relearning,continuous_drift,0.01389972133812789,"[0.23990493705445248, 0.3240305922423548, 0.23021214560626813, 0.3379303135804827, 0.210090669843517]"
781180,cue_local_relearning,continuous_drift,0.02250880529267163,"[0.2968229994146984, 0.3745473830120651, 0.22470221714614294, 0.3970561883047367, 0.12154874724198379]"
781181,cue_local_relearning,continuous_drift,0.027010739061133993,"[0.2535750683127547, 0.33538861204120995, 0.17246055220228862, 0.36239935110234395, 0.054243348604905824]"
781182,cue_local_relearning,continuous_drift,0.007651852185920793,"[0.30872154178486094, 0.38205962349873784, 0.25032486242163726, 0.38971147568465864, 0.100294738771019]"
781183,cue_local_relearning,continuous_drift,0.008843219646225142,"[0.21479000267089346, 0.2999473208293297, 0.1993220043433336, 0.3087905404755548, 0.0567701484168569]"
781184,cue_local_relearning,continuous_drift,0.020947320560096072,"[0.30164578868268116, 0.3822487870077706, 0.23242084243514807, 0.40319610756786667, 0.06273881405447855]"
781185,cue_local_relearning,continuous_drift,0.012648474229795703,"[0.21532681628469605, 0.2998394937160837, 0.23466646180471895, 0.3124879679458794, 0.22913577947031596]"
781186,cue_local_relearning,continuous_drift,0.017701361454973863,"[0.2903371462268873, 0.3749759659371634, 0.29083450372966874, 0.3926773273921373, 0.15674939384238243]"
781187,cue_local_relearning,continuous_drift,0.02619697973264562,"[0.2866886544890709, 0.35826111628973845, 0.21458256921337168, 0.38445809602238407, 0.1819691095661522]"
781188,cue_local_relearning,continuous_drift,0.009027637136714839,"[0.4310723717316498, 0.5099687553040494, 0.343138988476078, 0.5189963924407642, 0.23865372041989494]"
781189,cue_local_relearning,continuous_drift,0.010267596488191533,"[0.27296491698671316, 0.33855465937214313, 0.2542873284702461, 0.34882225586033466, 0.20398961451013745]"
781190,cue_local_relearning,continuous_drift,0.007303462105392455,"[0.2622418041471167, 0.3466616200982378, 0.24602807519201988, 0.35396508220363027, 0.06870299363125289]"
781191,cue_local_relearning,continuous_drift,0.02313980392955517,"[0.2955873986503421, 0.37276865424818323, 0.23721635976356192, 0.3959084581777384, 0.19765232487974496]"
781192,cue_local_relearning,continuous_drift,0.022327456065105167,"[0.3844197078508733, 0.44427456368767554, 0.3334551124030296, 0.4666020197527807, 0.23870598880557733]"
781193,cue_local_relearning,continuous_drift,0.01649761115975079,"[0.2689342284537964, 0.33684415253825556, 0.16564019554682993, 0.35334176369800635, 0.07403404412481743]"
781194,cue_local_relearning,continuous_drift,0.028046086589560815,"[0.22227802879120215, 0.2781887728269043, 0.12365124252670039, 0.3062348594164651, 0.07094052405749886]"
781195,cue_local_relearning,continuous_drift,0.027373381216787895,"[0.2812813732174763, 0.37290609794381185, 0.21933015666643815, 0.40027947916059975, 0.16080856609885166]"
781196,cue_local_relearning,continuous_drift,0.0259163264226675,"[0.25488996227928, 0.33245213730467854, 0.23977620523827878, 0.35836846372734604, 0.1486146475049783]"
781197,cue_local_relearning,continuous_drift,0.030150430756596402,"[0.4277535907236824, 0.5058098257938303, 0.43869052684738025, 0.5359602565504267, 0.08915526830577097]"
781198,cue_local_relearning,continuous_drift,0.029875882357766115,"[0.3000734323569881, 0.3827729925732186, 0.2745416502677588, 0.41264887493098473, 0.1244920538311305]"
781199,cue_local_relearning,continuous_drift,0.010908009645133887,"[0.24294631287236138, 0.31704934425120235, 0.20878379931349492, 0.32795735389633623, 0.13730505329925163]"
781200,context_split,global_downweight,0.04274732247606389,"[0.2864087810513521, 0.36452929218434127, 0.2436614585752882, 0.378924675185294, 0.17948478140690027]"
781201,context_split,change_point,0.07343373686209925,"[0.2642376826049637, 0.3311100231533603, 0.1855820612075494, 0.3448381972270327, 0.11214832434545013]"
781202,context_split,global_downweight,0.049686529122438816,"[0.23410095198194084, 0.31646037013847045, 0.18441442285950202, 0.3258104700717942, 0.040138423225211974]"
781203,context_split,global_downweight,0.05432963513371969,"[0.24997905189448325, 0.32175427102213733, 0.19564941676076356, 0.34570325888370174, 0.07849330578584547]"
781204,context_split,global_downweight,0.002177899314197873,"[0.3626555351080576, 0.45425244737380277, 0.3604776357938597, 0.4742845404326106, 0.2675401028600047]"
781205,context_split,global_downweight,0.010174967182115136,"[0.2696782456800153, 0.34845175680103185, 0.27985321286213044, 0.37051773095558116, 0.2695223579100352]"
781206,context_split,change_point,0.04028143648299476,"[0.22175762727968504, 0.2975470027828678, 0.10460741969938514, 0.2690987878395394, 0.06432598321639038]"
781207,context_split,global_downweight,0.001582713440541339,"[0.3378391163588859, 0.426424115783918, 0.3362564029183446, 0.41699082563454953, 0.2884996518215698]"
781208,context_split,change_point,0.05896456158115196,"[0.22385316130104238, 0.3121080200106312, 0.13256986728308492, 0.26614054984168295, 0.07360530570193297]"
781209,context_split,global_downweight,0.052447533975804955,"[0.25531886332239523, 0.3371441740829945, 0.20287132934659027, 0.32510510926033986, 0.14623428305373856]"
781210,context_split,change_point,0.008075089807864089,"[0.29536507834875375, 0.3785292414658495, 0.3242012384869678, 0.39072687852599275, 0.3161261486791037]"
781211,context_split,change_point,0.037938311622287585,"[0.2841376409277772, 0.3689673363276969, 0.24234999546647573, 0.3951454428934682, 0.20441168384418815]"
781212,context_split,global_downweight,0.04902386417967941,"[0.33606333299756047, 0.43100589024670927, 0.28703946881788106, 0.4296058962761719, 0.05648800302516466]"
781213,context_split,global_downweight,0.03343543072824162,"[0.3550446910598457, 0.43808645545104313, 0.3216092603316041, 0.45045038188035075, 0.138194564936141]"
781214,context_split,change_point,0.02604729255621352,"[0.27534651549134437, 0.35989527997280946, 0.22004260490258268, 0.3807918296766461, 0.19399531234636916]"
781215,context_split,change_point,0.045473194623326996,"[0.23270213027703565, 0.31639845234333774, 0.1184984357363978, 0.3078068259043869, 0.07302524111307081]"
781216,context_split,cue_local_relearning,0.035726394724388266,"[0.37600079956187243, 0.46360859749379846, 0.4278822027694102, 0.4737990772300269, 0.3133627587474153]"
781217,context_split,global_downweight,0.04012064535764681,"[0.3649751710442084, 0.4527048770698337, 0.4050958164018552, 0.47731089828245743, 0.06001032406518344]"
781218,context_split,global_downweight,0.0214818588080109,"[0.3071460645089577, 0.38566566658118, 0.2856642057009468, 0.4130968282953064, 0.19730552295301593]"
781219,context_split,change_point,0.011497519781643095,"[0.31525336050130276, 0.407765400406334, 0.3516682340099791, 0.4063684330780602, 0.3631657537916222]"
781220,context_split,global_downweight,0.004887332147099244,"[0.3492667928831597, 0.4345182920631661, 0.35415412503025895, 0.4361774338806228, 0.31968521106371584]"
781221,context_split,global_downweight,0.03948516489904119,"[0.31577704122606026, 0.40850352036282067, 0.35526220612510145, 0.4235272199894122, 0.0739397949717542]"
781222,context_split,change_point,0.013010990797801603,"[0.3326386377132981, 0.42085777046377215, 0.3561238374675326, 0.43961044517283865, 0.343112846669731]"
781223,context_split,global_downweight,0.11987238556369187,"[0.28784976075424223, 0.35571952469647866, 0.16797737519055037, 0.33971417312487356, 0.0247601915181568]"
781224,context_split,global_downweight,0.0023994952826114635,"[0.3551914649620256, 0.4360714501619946, 0.35759096024463705, 0.45679984628832077, 0.3753064225818508]"
781225,context_split,global_downweight,0.05029022613567813,"[0.3377639059059773, 0.42979131163147244, 0.2874736797702992, 0.42838646042390044, 0.21193117252349022]"
781226,context_split,global_downweight,0.011822017432349341,"[0.3410428673444487, 0.4269436889163667, 0.35286488477679806, 0.4202441767638247, 0.07141028646156047]"
781227,context_split,global_downweight,0.016821252471113546,"[0.33491542443458405, 0.4360824492118658, 0.3517366769056976, 0.433485923398031, 0.28228491613425555]"
781228,context_split,global_downweight,0.05462659818899937,"[0.228314551622083, 0.31666670075927866, 0.17368795343308363, 0.33413463676401367, 0.10185437374751947]"
781229,context_split,continuous_drift,0.01897878736817693,"[0.29063316711735815, 0.3802876782096419, 0.41828026225757414, 0.3993014748893972, 0.22793510665114847]"
781230,context_split,change_point,0.020421840347010833,"[0.3056559585789508, 0.38944787017079224, 0.34114361472818144, 0.4008383577126508, 0.3207217743811706]"
781231,context_split,global_downweight,0.03205378439382145,"[0.33931250235982974, 0.42397321608554656, 0.3072587179660083, 0.42831749020923887, 0.2680993746518784]"
781232,context_split,global_downweight,0.02441026325157772,"[0.23603972828881528, 0.3346705821237022, 0.21162946503723756, 0.3412121149489364, 0.05195013608877013]"
781233,context_split,global_downweight,0.01141434963121285,"[0.37943627363081256, 0.4681550896346655, 0.3908506232620254, 0.4600068733659559, 0.32875275572655244]"
781234,context_split,global_downweight,0.02051411617204646,"[0.37267373646550844, 0.451529763067134, 0.3931878526375549, 0.46971510461816673, 0.21468863876282548]"
781235,context_split,global_downweight,0.04144632016070199,"[0.22088681565519078, 0.29714571405157064, 0.1794404954944888, 0.299839793796149, 0.10853246650362756]"
781236,context_split,cue_local_relearning,0.024549322425442388,"[0.3274924202451815, 0.4081138830440418, 0.3835645606185994, 0.41758366725887636, 0.037918678767058435]"
781237,context_split,global_downweight,0.0094118864904158,"[0.3551640502208267, 0.43871514947617984, 0.3645759367112425, 0.4603182706456624, 0.2570531654472282]"
781238,context_split,global_downweight,0.022157061205393846,"[0.35054721193866595, 0.43355717552422646, 0.3283901507332721, 0.45579778322302306, 0.06854472286874096]"
781239,context_split,change_point,0.03611573025531184,"[0.2811619131522438, 0.36682298187204937, 0.3187975881186293, 0.3626822679398806, 0.28268185786331745]"
781240,context_split,global_downweight,0.010635296650150755,"[0.24501719577125272, 0.32374744666111627, 0.23438189912110197, 0.3067861743083798, 0.20252215279071886]"
781241,context_split,global_downweight,0.04314483292475779,"[0.3093283645473021, 0.4013316036816075, 0.2661835316225443, 0.3999177081138186, 0.19003817272982262]"
781242,context_split,change_point,0.03975217772759368,"[0.21833040534422277, 0.32280539294626737, 0.17425411803183125, 0.3197429594756597, 0.13450194030423757]"
781243,context_split,global_downweight,0.0009620557700151244,"[0.31138283312538423, 0.3934795250080468, 0.31234488889539935, 0.40869174363212174, 0.3457191450273558]"
781244,context_split,global_downweight,0.019669807176692644,"[0.29129256520800056, 0.3709756501240378, 0.3109623723846932, 0.3829776600490456, 0.1382692726315992]"
781245,context_split,global_downweight,0.017560626116424227,"[0.3222590537732952, 0.40899883494558237, 0.304698427656871, 0.4048875768398315, 0.05119711554094037]"
781246,context_split,global_downweight,0.052926944468926124,"[0.29919223175124293, 0.4014488256289683, 0.2462652872823168, 0.41593235622868024, 0.0690010834721426]"
781247,context_split,continuous_drift,0.024986817244421256,"[0.35991388861454215, 0.44576082458402816, 0.4928832814122195, 0.46789646416779823, 0.10472941042439521]"
781248,context_split,cue_local_relearning,0.022458531742594823,"[0.3144972279856242, 0.38572996762017325, 0.36327143587757843, 0.3942547424861522, 0.0741869446618666]"
781249,context_split,global_downweight,0.03011863112766583,"[0.2724998761589903, 0.3574050090129835, 0.3026185072866561, 0.3650177373629737, 0.06854439461147883]"
781250,context_split,global_downweight,0.04205386917220025,"[0.28719902976005923, 0.36944745158511255, 0.24514516058785898, 0.3623793336521846, 0.16474562727355124]"
781251,context_split,global_downweight,0.07343272816130858,"[0.33992986292650346, 0.41397417129396685, 0.2664971347651949, 0.4436840331508585, 0.05286631128463821]"
781252,context_split,global_downweight,0.013315984248784385,"[0.26813914811620715, 0.34567339848619283, 0.28145513236499153, 0.3517288625326736, 0.10239276330901687]"
781253,context_split,global_downweight,0.061709094324328834,"[0.31026390380642344, 0.38617267621132917, 0.2485548094820946, 0.37732951190497444, 0.13928679458443058]"
781254,context_split,global_downweight,0.024143969779168856,"[0.2576859133355127, 0.33549731900307983, 0.23354194355634386, 0.33853505544309254, 0.027146741793421175]"
781255,context_split,change_point,0.0575235790048341,"[0.21410735673195272, 0.3004159417868081, 0.1353409979751018, 0.3132637651893161, 0.0778174189702677]"
781256,context_split,change_point,0.013481207117487959,"[0.41063748593739313, 0.4872296286485242, 0.3258053871410029, 0.46934186762671, 0.33928659425849084]"
781257,context_split,change_point,0.010018722994565243,"[0.3817996222316715, 0.45533608080539906, 0.3971116132297208, 0.4345663288068548, 0.38709289023515553]"
781258,context_split,global_downweight,0.10269567648368508,"[0.3083080893255698, 0.37493160383088747, 0.20561241284188472, 0.3662869039698038, 0.10272866265175634]"
781259,context_split,change_point,0.08044228492188964,"[0.26688552486895917, 0.338706989234906, 0.15128514408482915, 0.3183769481038581, 0.07084285916293952]"
781260,context_split,global_downweight,0.04437534353716996,"[0.2348134685429374, 0.3085803322813871, 0.19043812500576743, 0.2998371669524824, 0.12215351846103585]"
781261,context_split,global_downweight,0.027080225767476096,"[0.28428555049136334, 0.36791388149021215, 0.25720532472388724, 0.3695435219944683, 0.15954061953007206]"
781262,context_split,global_downweight,0.029571126338684306,"[0.2893213115165176, 0.37186866484934517, 0.25975018517783327, 0.36614569919852435, 0.08142499717302212]"
781263,context_split,change_point,0.038843818583850526,"[0.2793378926011641, 0.36188057421064057, 0.22245600452020828, 0.3605426337196018, 0.18361218593635775]"
781264,context_split,change_point,0.09943346411212332,"[0.2975061289920214, 0.36564853820818666, 0.17269955915120014, 0.3548712688686308, 0.07326609503907681]"
781265,context_split,cue_local_relearning,0.022431261657239077,"[0.3104501981672519, 0.38387007956518815, 0.3614388179079491, 0.38441357220364436, 0.09519962955399726]"
781266,context_split,change_point,0.09173705295232223,"[0.24157387814660647, 0.3082885732254464, 0.12829616099065516, 0.3226669339395396, 0.036559108038332934]"
781267,context_split,change_point,0.0542280473007658,"[0.19382692288478962, 0.29163870122842006, 0.11936703537968855, 0.2780940766422553, 0.06513898807892275]"
781268,context_split,global_downweight,0.04414848666791732,"[0.2699484216197687, 0.34575307226847074, 0.22579993495185136, 0.3509737222094635, 0.0289392714325413]"
781269,context_split,cue_local_relearning,0.02977506258858359,"[0.30515514521936876, 0.37690795496796303, 0.34713289237937944, 0.39438346812286235, 0.24909677536879382]"
781270,context_split,cue_local_relearning,0.008641638122210693,"[0.36849590472724353, 0.4437070411107397, 0.435065402988529, 0.4748629458602836, 0.472518504843041]"
781271,context_split,global_downweight,0.03250316324367181,"[0.3195503971291158, 0.40147514501428133, 0.3520535603727876, 0.4189647325606531, 0.10458639446977465]"
781272,context_split,global_downweight,0.008135295606051862,"[0.2852331639214179, 0.37327864352097473, 0.29336845952746976, 0.38520713511100285, 0.3372768666712955]"
781273,context_split,global_downweight,0.10622976138331361,"[0.2845168307780685, 0.35761560333135356, 0.1782870693947549, 0.374392527152353, 0.06358273996845121]"
781274,context_split,global_downweight,0.04030266775894298,"[0.32981765418152037, 0.4228031422800598, 0.2895149864225774, 0.4225815371829252, 0.1265818664371925]"
781275,context_split,global_downweight,0.01327675356562441,"[0.2839525210721951, 0.3743725588908686, 0.2972292746378195, 0.39460423170501074, 0.04276089667273384]"
781276,context_split,global_downweight,0.011549167202852484,"[0.29105633355397637, 0.37612944002364307, 0.30260550075682885, 0.38454362536921766, 0.14922942061392927]"
781277,context_split,global_downweight,0.023213691650542434,"[0.2881154339644129, 0.3675019489594429, 0.2649017423138705, 0.37678520932432336, 0.11148142294610836]"
781278,context_split,global_downweight,0.02571515249673656,"[0.23292799141426712, 0.32327521396944475, 0.2586431439110037, 0.3501365354682095, 0.08546899576633708]"
781279,context_split,global_downweight,0.05930220070264022,"[0.23562578603903583, 0.30746733092934836, 0.1763235853363956, 0.3184758985945255, 0.08767399072679567]"
781280,context_split,global_downweight,0.09251085566012676,"[0.2613067268612987, 0.3235783428460061, 0.16879587120117193, 0.31915689293761107, 0.06393041518566646]"
781281,context_split,global_downweight,0.011383097948706844,"[0.36373254027464585, 0.4463822612429163, 0.3751156382233527, 0.4541315587682168, 0.2382066452420755]"
781282,context_split,global_downweight,0.005878249006360858,"[0.2547066340283907, 0.3403964209636077, 0.24882838502202986, 0.3356937343969357, 0.22230659296271718]"
781283,context_split,global_downweight,0.019744257065614,"[0.3613028181981716, 0.4282471937703712, 0.3415585611325576, 0.4159023828282095, 0.26971088880029204]"
781284,context_split,change_point,0.07645489725806888,"[0.28294535008374855, 0.3654070790131548, 0.1427656270159452, 0.3593543137149726, 0.06631072975787632]"
781285,context_split,global_downweight,0.014516012432268466,"[0.3548382323919237, 0.4317286801675457, 0.3403222199596552, 0.44996233880005687, 0.20237962176545066]"
781286,context_split,global_downweight,0.02584846579269512,"[0.21837374417841424, 0.2988090996278465, 0.19252527838571912, 0.3046560151706839, 0.13473296957212136]"
781287,context_split,global_downweight,0.01367213902157749,"[0.19748635410791673, 0.27514766544194896, 0.18381421508633924, 0.2586118711991034, 0.10799037093503606]"
781288,context_split,continuous_drift,0.0006932824803576043,"[0.2967051787353718, 0.35571988055556275, 0.3654251556753409, 0.3647318731949833, 0.24954841708425443]"
781289,context_split,change_point,0.02609601284251295,"[0.2814409634507577, 0.36831889447205796, 0.25263299996659133, 0.3641858637189532, 0.2787290128091043]"
781290,context_split,global_downweight,0.05933335698670486,"[0.26118205752463985, 0.33653255878829264, 0.201848700537935, 0.30808677560042735, 0.10334611118071006]"
781291,context_split,change_point,0.02702760552221886,"[0.20808993660847652, 0.2855942258027089, 0.2575285290775482, 0.29260134811640615, 0.23050092355532933]"
781292,context_split,global_downweight,0.020120134620498498,"[0.3578657840869102, 0.4375472607060811, 0.3377456494664117, 0.4311323281768485, 0.26711646727448757]"
781293,context_split,global_downweight,0.03142542861193409,"[0.3424366463543314, 0.41544365918195564, 0.3738620749662655, 0.44559627584469946, 0.05772622023104507]"
781294,context_split,cue_local_relearning,0.004112467878990833,"[0.25529995070324407, 0.3378017304085292, 0.34191419828752, 0.34962042857571946, 0.19402128648407072]"
781295,context_split,continuous_drift,0.017927459447747263,"[0.32809837874958364, 0.4155328907219917, 0.39676949536472134, 0.4146969548124686, 0.15909894487727075]"
781296,context_split,change_point,0.024106891360849203,"[0.383711451643768, 0.4648933211961737, 0.41637039668082226, 0.48169283794381484, 0.44047728804167147]"
781297,context_split,global_downweight,0.07787177484361849,"[0.23658393605719263, 0.3223950478368167, 0.15871216121357415, 0.3123025096336619, 0.06314847233441857]"
781298,context_split,change_point,0.05186469704322416,"[0.2529275993761482, 0.32375223764360445, 0.19274259084373882, 0.3479785550833921, 0.14087789380051466]"
781299,context_split,global_downweight,0.000897221891925537,"[0.3318377573088058, 0.43166859264086654, 0.33273497920073136, 0.43404154768097264, 0.0786901655104021]"
781300,continuous_drift,cue_local_relearning,0.007056213357392815,"[0.25421554997953505, 0.32383598541671527, 0.2200895243294486, 0.31677977205932245, 0.16726069759269221]"
781301,continuous_drift,cue_local_relearning,0.0021872273872294845,"[0.27429779910184565, 0.35729780380944337, 0.27563639806258466, 0.35948503119667286, 0.16711981431531098]"
781302,continuous_drift,cue_local_relearning,0.02068210027726769,"[0.26145439191629954, 0.34076105355687586, 0.2491000515133811, 0.32007895327960817, 0.20510803248694875]"
781303,continuous_drift,cue_local_relearning,0.014720704902229598,"[0.21918238356590528, 0.2960419793862576, 0.20417007080995211, 0.281321274484028, 0.13353616273419147]"
781304,continuous_drift,cue_local_relearning,0.016170055820056373,"[0.32034905305238504, 0.4051611903240799, 0.2506171556085943, 0.42133124614413625, 0.04744026344695492]"
781305,continuous_drift,cue_local_relearning,0.023402001660012772,"[0.22656702817722865, 0.303852803929016, 0.17490311841009956, 0.32725480558902875, 0.06847684407953124]"
781306,continuous_drift,global_downweight,0.030530782817418334,"[0.286297119974886, 0.35829131787991436, 0.2380375036336845, 0.31682790279230433, 0.22638571560618356]"
781307,continuous_drift,cue_local_relearning,0.010520550080911517,"[0.2493402077848965, 0.33344097351027596, 0.2321555115756961, 0.3439615235911875, 0.15303144616383718]"
781308,continuous_drift,cue_local_relearning,0.010377187574814761,"[0.26118721805352735, 0.34192456244478536, 0.24335970955384886, 0.3523017500196001, 0.06762522384049328]"
781309,continuous_drift,cue_local_relearning,0.03599970535602154,"[0.23307193144571203, 0.3238376613307493, 0.20866823341890162, 0.2878379559747278, 0.10305294869716813]"
781310,continuous_drift,cue_local_relearning,0.020192276740404302,"[0.30065142437844833, 0.3825959561325465, 0.2960733192554637, 0.3624036793921422, 0.2281259379248136]"
781311,continuous_drift,cue_local_relearning,0.0041855910242926675,"[0.24522284103944167, 0.3297050319029001, 0.24418371445444462, 0.3338906229271928, 0.25548460362592335]"
781312,continuous_drift,cue_local_relearning,0.02122776893912881,"[0.21903094135706158, 0.29516478798280577, 0.16501350598029993, 0.27393701904367695, 0.029331580479293264]"
781313,continuous_drift,cue_local_relearning,0.0021744068448270037,"[0.2774084163918026, 0.3538189021804857, 0.13635489558114003, 0.3559933090253127, 0.06852003618574203]"
781314,continuous_drift,global_downweight,0.03111148163376526,"[0.23596711370973567, 0.3240002684750402, 0.15846369746184882, 0.2670785953435009, 0.04836437681990135]"
781315,continuous_drift,cue_local_relearning,0.012860795875229536,"[0.26430798728781896, 0.34195762398845436, 0.278793577654399, 0.3548184198636839, 0.08440118041459738]"
781316,continuous_drift,cue_local_relearning,0.008286829588327216,"[0.2262950810176468, 0.3213243663723474, 0.213605027033522, 0.3296111959606746, 0.10575434817325195]"
781317,continuous_drift,cue_local_relearning,0.006040451563797622,"[0.282133326810127, 0.37688713345161545, 0.1726830871171163, 0.3829275850154131, 0.08690356301912856]"
781318,continuous_drift,cue_local_relearning,0.008909898039417552,"[0.23716166701786986, 0.3066653782651236, 0.17964475435120172, 0.31557527630454113, 0.12261579399075466]"
781319,continuous_drift,cue_local_relearning,0.026178248758510547,"[0.3536938461162223, 0.4254149714840263, 0.25066561312136865, 0.45159322024253684, 0.03947531262593378]"
781320,continuous_drift,cue_local_relearning,0.007663627823140451,"[0.25006944223130295, 0.3201954728870388, 0.1665894985703804, 0.31253184506389836, 0.13708647163537832]"
781321,continuous_drift,cue_local_relearning,0.010894872097093167,"[0.3549665165422094, 0.4378907766255651, 0.29940226569122197, 0.4269959045284719, 0.3070866760970994]"
781322,continuous_drift,cue_local_relearning,0.007612202738872975,"[0.2605544222460476, 0.3456583360584113, 0.27044014587065773, 0.3380461333195383, 0.22486703466325683]"
781323,continuous_drift,cue_local_relearning,0.019751338012442665,"[0.30795922211760224, 0.40167933532339745, 0.26714582681501253, 0.4214306733358401, 0.30262359118400567]"
781324,continuous_drift,cue_local_relearning,0.00884902019755085,"[0.27621086329823696, 0.37074544641310875, 0.33708758346925255, 0.3618964262155579, 0.18204344999015845]"
781325,continuous_drift,cue_local_relearning,0.00459569458191722,"[0.20720462991940436, 0.29668402786158815, 0.19431951451254945, 0.29208833327967093, 0.1391613284789668]"
781326,continuous_drift,cue_local_relearning,0.016535430260190664,"[0.32160786187658, 0.40001084413562, 0.2536996591988859, 0.3834754138754293, 0.056753044708218396]"
781327,continuous_drift,cue_local_relearning,0.014083714049638207,"[0.1977726406690946, 0.28220252777821003, 0.14185902743463222, 0.29628624182784824, 0.05241499267896815]"
781328,continuous_drift,cue_local_relearning,0.021450038848534803,"[0.27667762700227455, 0.3643991522781846, 0.18415745698586009, 0.3429491134296498, 0.13040117264977]"
781329,continuous_drift,cue_local_relearning,0.030250910384838237,"[0.3206116983446106, 0.40188801144110964, 0.19227495415173246, 0.3716371010562714, 0.1574312336504735]"
781330,continuous_drift,cue_local_relearning,0.021752898403147647,"[0.24476637797353604, 0.3233643314697201, 0.22741868895550443, 0.30161143306657245, 0.05031040474155057]"
781331,continuous_drift,cue_local_relearning,0.00601748016295206,"[0.32235040368547013, 0.3851803278502807, 0.25431771584003554, 0.3911978080132328, 0.23676055037940788]"
781332,continuous_drift,cue_local_relearning,0.012181497151587672,"[0.263732185815264, 0.35907134925651535, 0.1940339846545577, 0.371252846408103, 0.13438153830868185]"
781333,continuous_drift,cue_local_relearning,0.006178888192802268,"[0.3012864828868642, 0.38193704887973307, 0.301638562439958, 0.38811593707253533, 0.20333118944236753]"
781334,continuous_drift,cue_local_relearning,0.022701823760941264,"[0.28290252943942873, 0.37148577137699607, 0.18943862664131586, 0.3487839476160548, 0.08716784389654669]"
781335,continuous_drift,cue_local_relearning,0.026439663970689142,"[0.337302708128314, 0.411150939436334, 0.1893199929193409, 0.43759060340702316, 0.11027622366044544]"
781336,continuous_drift,cue_local_relearning,0.008035275403868447,"[0.23718977829730195, 0.3327230177786035, 0.16614489307589106, 0.34075829318247197, 0.13057475667391819]"
781337,continuous_drift,cue_local_relearning,0.004980255085665353,"[0.2992009968052775, 0.3779600829899283, 0.25448959459952686, 0.38294033807559363, 0.06709831442711922]"
781338,continuous_drift,cue_local_relearning,0.02595043485027132,"[0.3149672793987039, 0.3925364140740579, 0.18010955533248144, 0.3665859792237866, 0.11313855688013151]"
781339,continuous_drift,cue_local_relearning,0.004587899249782146,"[0.22514822814019445, 0.3012543745250855, 0.15852052890539278, 0.2966664752753034, 0.019838117532771603]"
781340,continuous_drift,cue_local_relearning,0.010542456482441731,"[0.29526369079502546, 0.3738080549749209, 0.208819171454095, 0.38435051145736265, 0.07197004204175744]"
781341,continuous_drift,cue_local_relearning,0.01520185457715012,"[0.3930602496673276, 0.46749504821824894, 0.3210643665746797, 0.4522931936410988, 0.10278865519978135]"
781342,continuous_drift,cue_local_relearning,0.022956901823378395,"[0.2395274043118756, 0.332130674554126, 0.23139647841781122, 0.3550875763775044, 0.18630411362488922]"
781343,continuous_drift,cue_local_relearning,0.0220674775158142,"[0.14728673435520567, 0.2477183938218264, 0.1732798148010366, 0.2256509163060122, 0.08934464845888042]"
781344,continuous_drift,cue_local_relearning,0.01956954411215439,"[0.26121111400335206, 0.3364476771027787, 0.23608591834810408, 0.35601722121493307, 0.05749992777589077]"
781345,continuous_drift,cue_local_relearning,0.00876324524436467,"[0.3041866824062477, 0.3916484152306232, 0.2767443132199952, 0.4004116604749879, 0.030733007767168818]"
781346,continuous_drift,cue_local_relearning,0.007970922609380537,"[0.2444031370669212, 0.32871881184720897, 0.19041725711098265, 0.32074788923782843, 0.04654186699113386]"
781347,continuous_drift,context_split,0.007649827197024506,"[0.33869466316549635, 0.4044158786412537, 0.3853171244994466, 0.3929669516964711, 0.12963751528642184]"
781348,continuous_drift,cue_local_relearning,0.0025257888090831626,"[0.2512468419910286, 0.33096064730773816, 0.21851305040153893, 0.328434858498655, 0.13187016470709273]"
781349,continuous_drift,cue_local_relearning,0.013061865127907801,"[0.2852279448119603, 0.369233157187854, 0.21908742637931544, 0.3561712920599462, 0.15324472736416228]"
781350,continuous_drift,cue_local_relearning,0.014923800311880675,"[0.27490611600372306, 0.3790137545384345, 0.3092316841928046, 0.3640899542265538, 0.24858634548795308]"
781351,continuous_drift,cue_local_relearning,0.017137899711115567,"[0.335863548657755, 0.412714912742932, 0.3715512731412578, 0.42985281245404755, 0.4038858545126587]"
781352,continuous_drift,cue_local_relearning,0.006971961646395464,"[0.2942879215151717, 0.3834841735766236, 0.24975401843716663, 0.3904561352230191, 0.16048746708532816]"
781353,continuous_drift,cue_local_relearning,0.01264267707810618,"[0.23559820657741484, 0.313496093481023, 0.21196450711715675, 0.3008534164029168, 0.1647143737167798]"
781354,continuous_drift,cue_local_relearning,0.019546543842766162,"[0.3564076795711275, 0.43290854725941535, 0.25737277515526913, 0.4133620034166492, 0.0897929220077862]"
781355,continuous_drift,cue_local_relearning,0.012173801131908635,"[0.21518720943192168, 0.2997930104862334, 0.11834963137879617, 0.2876192093543248, 0.0720759503193575]"
781356,continuous_drift,cue_local_relearning,0.012410458262031132,"[0.2757677307998306, 0.35472956650514803, 0.23584025120571195, 0.36714002476717916, 0.16372512963737756]"
781357,continuous_drift,cue_local_relearning,0.02012587877249028,"[0.2549610951236723, 0.3350227160555626, 0.2098547400340699, 0.31489683728307233, 0.06551867097115609]"
781358,continuous_drift,cue_local_relearning,0.011618069802559583,"[0.3351131255050188, 0.4143605558385594, 0.32328501914528596, 0.4027424860359998, 0.1853072609815252]"
781359,continuous_drift,cue_local_relearning,0.009332869744358097,"[0.24326757720458203, 0.32982388500076615, 0.1482811808110578, 0.32049101525640805, 0.1246241948592463]"
781360,continuous_drift,cue_local_relearning,0.011241671197638026,"[0.2096283049124391, 0.2930872665618533, 0.17975077201178966, 0.2818455953642153, 0.13929553757255095]"
781361,continuous_drift,cue_local_relearning,0.028876837763728402,"[0.22950041360154852, 0.3150247941647208, 0.1570669605052631, 0.2861479564009924, 0.03002252798272598]"
781362,continuous_drift,cue_local_relearning,0.01976403717143016,"[0.2650344963794395, 0.3508117284911058, 0.1979821196810956, 0.33104769131967565, 0.12971780188534057]"
781363,continuous_drift,cue_local_relearning,0.02089422848364683,"[0.19018917745497754, 0.263836894853284, 0.09171892046600251, 0.24294266636963716, 0.016077064643080122]"
781364,continuous_drift,cue_local_relearning,0.005491365767193501,"[0.23423636173910736, 0.32858658621635695, 0.15055503468746537, 0.32309522044916344, 0.04763832588361314]"
781365,continuous_drift,cue_local_relearning,0.012351310944639482,"[0.27107840476771716, 0.34505583006483925, 0.2581021536493688, 0.33270451912019977, 0.163509582374501]"
781366,continuous_drift,cue_local_relearning,0.0037703610959357037,"[0.22602134871046928, 0.2961330848857865, 0.20685641879782443, 0.2999034459817222, 0.20040016490075718]"
781367,continuous_drift,cue_local_relearning,0.005717285130182326,"[0.2937267925719761, 0.36531429863468023, 0.24180123260782335, 0.3595970135044979, 0.18590256425642196]"
781368,continuous_drift,cue_local_relearning,0.004350509876822284,"[0.3342461821992526, 0.4293142888213703, 0.25629943838265706, 0.424963778944548, 0.2756990924712857]"
781369,continuous_drift,cue_local_relearning,0.010991703768872263,"[0.25816377494523196, 0.3339619837674195, 0.2361703837027372, 0.3229702799985472, 0.21463375017665942]"
781370,continuous_drift,cue_local_relearning,0.0012781384731613832,"[0.24038913733500253, 0.3169233945215293, 0.24680535990445096, 0.3156452560483679, 0.19324268668117486]"
781371,continuous_drift,cue_local_relearning,0.008367466295204018,"[0.253705364775255, 0.3515080432101905, 0.20857883135053243, 0.3431405769149865, 0.13232908359669626]"
781372,continuous_drift,cue_local_relearning,0.028711416289848635,"[0.19872378158592596, 0.2704927237954591, 0.14477189657142722, 0.24178130750561044, 0.07567363242817296]"
781373,continuous_drift,cue_local_relearning,0.017783863325387728,"[0.26419961262343417, 0.3456543661339872, 0.2678357815866131, 0.3278705028085995, 0.06772335918626522]"
781374,continuous_drift,cue_local_relearning,0.01935724564115343,"[0.26174323982452324, 0.3345862707582831, 0.16515158505738314, 0.3152290251171297, 0.11663963994861054]"
781375,continuous_drift,cue_local_relearning,0.005468954832452966,"[0.266117344104116, 0.3336952701454283, 0.2313069937504827, 0.3391642249778813, 0.13711029442344325]"
781376,continuous_drift,cue_local_relearning,0.011169428685537497,"[0.2569500760993686, 0.3237060598887142, 0.22424188479250984, 0.3125366312031767, 0.0808325782816079]"
781377,continuous_drift,cue_local_relearning,0.0008345951414493458,"[0.3162180375294992, 0.3807140915395098, 0.2912738265392793, 0.37987949639806046, 0.08436388660256368]"
781378,continuous_drift,cue_local_relearning,0.03168362891848525,"[0.2529725073197351, 0.3323945820475817, 0.13522773613423614, 0.30071095312909646, 0.07636960486898386]"
781379,continuous_drift,cue_local_relearning,0.018929866001259288,"[0.29087953035511915, 0.36998467612437286, 0.26814270377155874, 0.38891454212563215, 0.23897268597591884]"
781380,continuous_drift,cue_local_relearning,0.012344085838650987,"[0.22567899078513906, 0.3112881542404312, 0.20848875579788087, 0.3236322400790822, 0.11314558595563816]"
781381,continuous_drift,cue_local_relearning,0.007780136299231855,"[0.29039095518459734, 0.378253324499297, 0.20174620779176133, 0.37047318820006514, 0.08122735604810466]"
781382,continuous_drift,cue_local_relearning,0.0038341493798284,"[0.29047490860459385, 0.37511710761246747, 0.2953944475202477, 0.37128295823263907, 0.2814674258746685]"
781383,continuous_drift,cue_local_relearning,0.0063253680264164225,"[0.3737241128820125, 0.45030250272550704, 0.29244712576958815, 0.4439771346990906, 0.30763118917047794]"
781384,continuous_drift,cue_local_relearning,0.020916987918540686,"[0.30918074416040486, 0.4003968680556087, 0.23715836242934094, 0.4213138559741494, 0.1675188262387354]"
781385,continuous_drift,cue_local_relearning,0.026578551948784,"[0.2828952219498218, 0.35783531753349873, 0.23311456077802314, 0.33125676558471473, 0.02242950472318986]"
781386,continuous_drift,cue_local_relearning,0.004918338745155015,"[0.2883875387420755, 0.3655037272429553, 0.2570224711794875, 0.3605853884978003, 0.12634475869765208]"
781387,continuous_drift,cue_local_relearning,0.020965577650929546,"[0.20552588358664067, 0.2802937764226406, 0.12451372028949559, 0.25932819877171104, 0.09514580112384717]"
781388,continuous_drift,global_downweight,0.028834143240059396,"[0.28201197193077365, 0.34868249259708417, 0.21764350326568224, 0.31084611517083305, 0.06421003250013418]"
781389,continuous_drift,cue_local_relearning,0.009438548718715412,"[0.2250968492196045, 0.2883868753234295, 0.22353599966235216, 0.2978254240421449, 0.09401574722108824]"
781390,continuous_drift,cue_local_relearning,0.006386350867828405,"[0.2792006210429512, 0.359871195416122, 0.23010978449412733, 0.3662575462839504, 0.09784637267474243]"
781391,continuous_drift,cue_local_relearning,0.02029468044260868,"[0.2635931982424755, 0.34012287229778754, 0.19745306896183398, 0.31982819185517886, 0.14740602346089818]"
781392,continuous_drift,cue_local_relearning,0.020682122317108864,"[0.22948217155622416, 0.30094656178057444, 0.15375972787120668, 0.2802644394634656, 0.09302666269638458]"
781393,continuous_drift,cue_local_relearning,0.016776517898921706,"[0.30336170539655505, 0.3855133615912949, 0.27618513407502493, 0.3687368436923732, 0.1888989347774783]"
781394,continuous_drift,global_downweight,0.0398303748019459,"[0.3797676095179947, 0.4662206031494167, 0.3173223275812708, 0.4195979843199406, 0.06807384712227828]"
781395,continuous_drift,cue_local_relearning,0.0029199567933416715,"[0.38171419744258867, 0.4504480295366175, 0.3524512769945942, 0.45336798632995917, 0.2645877302953173]"
781396,continuous_drift,cue_local_relearning,0.012780415364583297,"[0.3119423841072811, 0.3995524129037948, 0.25996904402241855, 0.3867719975392115, 0.06482016067988995]"
781397,continuous_drift,cue_local_relearning,0.012002987148630462,"[0.3629992941330232, 0.44902750507194417, 0.3615202523169674, 0.46103049222057463, 0.2222246378426076]"
781398,continuous_drift,cue_local_relearning,0.006177046037557032,"[0.28754514821646526, 0.364550497120818, 0.2724222772439952, 0.37072754315837503, 0.2178968653084583]"
781399,continuous_drift,cue_local_relearning,0.02074963402688651,"[0.2448540388038429, 0.33398547955496344, 0.28562460230618497, 0.31323584552807693, 0.17665918772796044]"
781400,change_point,context_split,0.036536061651254004,"[0.2359636926297621, 0.2944083774759885, 0.19910471479431627, 0.27466372067034134, 0.16256865314306226]"
781401,change_point,context_split,0.09328565029456808,"[0.28756786593073663, 0.35248026363080287, 0.19109202198207018, 0.3366204444215044, 0.0978063716875021]"
781402,change_point,context_split,0.06845846828270284,"[0.20516162049285938, 0.26847671761231934, 0.11975964701440399, 0.26264347469481203, 0.05130117873170115]"
781403,change_point,context_split,0.05825095847423873,"[0.17900241237823114, 0.24576944746595908, 0.10208827925282099, 0.25909209532425825, 0.04383732077858226]"
781404,change_point,context_split,0.1074998253092787,"[0.23444610302948862, 0.3186026846091914, 0.18270487804915717, 0.3401555318258871, 0.07520505273987847]"
781405,change_point,context_split,0.0628489567407921,"[0.2133227796909888, 0.28905687837527355, 0.10544593731443547, 0.294792016399489, 0.042596980573643355]"
781406,change_point,context_split,0.10527824940011575,"[0.2149683575609076, 0.2970407277289294, 0.17939476581861072, 0.28421064155401815, 0.07411651641849497]"
781407,change_point,context_split,0.05959265752904724,"[0.1837198355937102, 0.2709667681135503, 0.10994443077091916, 0.2490169656841699, 0.05035177324187192]"
781408,change_point,context_split,0.11419252516477231,"[0.2963532837715452, 0.38654564348807346, 0.20722639758454875, 0.393528883870244, 0.09303387241977644]"
781409,change_point,context_split,0.17824069625761296,"[0.35734927310749603, 0.438621372735049, 0.24842331196847486, 0.4557037406602089, 0.07018261571086189]"
781410,change_point,context_split,0.05919447344718284,"[0.20205125891993905, 0.2893984616547603, 0.11762728860362927, 0.289758703248937, 0.05843281515644643]"
781411,change_point,context_split,0.1814238743142633,"[0.2533099429491455, 0.32769282684261924, 0.2445994641046919, 0.3372381072149544, 0.06317558979042862]"
781412,change_point,context_split,0.09073459036552683,"[0.19727834097958072, 0.2766521224301692, 0.1558727875061429, 0.26104884268488104, 0.06513819714061606]"
781413,change_point,context_split,0.06116279033191155,"[0.2629136231675948, 0.35707064618408624, 0.1504035416164076, 0.35362954565301896, 0.08924075128449604]"
781414,change_point,context_split,0.05876305622177451,"[0.26980515225826823, 0.33985206615665325, 0.12374607686978935, 0.32286690762660203, 0.06498302064801484]"
781415,change_point,context_split,0.08987741200113203,"[0.24480864744295372, 0.33594610088121035, 0.12335491286920756, 0.33830364604981256, 0.03347750086807553]"
781416,change_point,context_split,0.10483218508856118,"[0.2814627346616179, 0.36084267652636753, 0.18996925580555313, 0.37655169468647637, 0.08513707071699195]"
781417,change_point,context_split,0.10110610662739272,"[0.23998684630854852, 0.3138547413233827, 0.16327738912937892, 0.32127305281430124, 0.06217128250198619]"
781418,change_point,context_split,0.113256977968995,"[0.2677840604631601, 0.33616467116209087, 0.21924107422738473, 0.32608645010712495, 0.10598409625838973]"
781419,change_point,context_split,0.17805785757485984,"[0.31035533530186254, 0.37383598158334497, 0.23090978490089023, 0.3751970826714563, 0.05285192732603039]"
781420,change_point,context_split,0.14062669210887452,"[0.31728294650667993, 0.3829327509901738, 0.31056372427540696, 0.37946183718055065, 0.16993703216653244]"
781421,change_point,context_split,0.0938504032250134,"[0.3175432011565141, 0.40106289931451267, 0.2830784745639276, 0.40847270989396756, 0.1892280713389142]"
781422,change_point,context_split,0.0803932829412648,"[0.2744054953724975, 0.334545256163755, 0.2230741621165123, 0.3132411341072557, 0.1426808791752475]"
781423,change_point,context_split,0.10503149837953599,"[0.25931835579453727, 0.32167934993055064, 0.2021425546878449, 0.31055573652406576, 0.09711105630830891]"
781424,change_point,context_split,0.1269438379737575,"[0.2535871144651, 0.34081239312860334, 0.185958768064079, 0.357018627393767, 0.0590149300903215]"
781425,change_point,context_split,0.14515772639264413,"[0.2410776553056038, 0.30701030450570904, 0.1946150009435813, 0.3323831943204515, 0.04945727455093717]"
781426,change_point,context_split,0.09836851313871155,"[0.21987611143394273, 0.3063713428893436, 0.1635067072337123, 0.29798896339501313, 0.06513819409500075]"
781427,change_point,context_split,0.124045973376326,"[0.28201196093162023, 0.3600676140138825, 0.16704578166731032, 0.34485974936687386, 0.04299980829098433]"
781428,change_point,context_split,0.06881841960710564,"[0.31799931180283436, 0.39751524246838205, 0.3026167932778927, 0.41273796730572393, 0.23379837367078707]"
781429,change_point,context_split,0.059227378725675704,"[0.21479257374982672, 0.3026742395998624, 0.10639868293749553, 0.29862764832923355, 0.04717130421181983]"
781430,change_point,context_split,0.048765884749766966,"[0.18978985090326161, 0.2666944445920024, 0.119361770738862, 0.2573219202520207, 0.07059588598909504]"
781431,change_point,context_split,0.10640687083265282,"[0.2882109098733205, 0.3626585775881601, 0.148830396774229, 0.36030199633155763, 0.042423525941576175]"
781432,change_point,context_split,0.07954674963964753,"[0.2815329735355249, 0.36044829840804543, 0.14765405168984844, 0.35770994951109003, 0.06810730205020091]"
781433,change_point,context_split,0.14811962386496408,"[0.3435843318727863, 0.42278140383057305, 0.3182998438089076, 0.44607315431411826, 0.1701802199439435]"
781434,change_point,context_split,0.0973412673617747,"[0.22428195727842803, 0.30188354774360393, 0.15383769109994222, 0.28754700874624955, 0.05649642373816751]"
781435,change_point,context_split,0.07239756303879726,"[0.21714983398288068, 0.2840008152510912, 0.19413397378368502, 0.2840602290710155, 0.12173641074488777]"
781436,change_point,global_downweight,0.025624686734677965,"[0.24158934101425375, 0.32834542264639166, 0.274319578167997, 0.34618286670685294, 0.21596465427957579]"
781437,change_point,context_split,0.06535706809424892,"[0.2156869631507742, 0.2831784010240557, 0.13985605462170733, 0.258668863677586, 0.07449898652745841]"
781438,change_point,context_split,0.13165523656605993,"[0.23160336983023977, 0.3071398347250392, 0.19137728853082522, 0.33127496817429486, 0.05972205196476529]"
781439,change_point,context_split,0.10844665043325945,"[0.25227603700452744, 0.3198943090328804, 0.14288436443522698, 0.30455902734748147, 0.03443771400196753]"
781440,change_point,context_split,0.09613225502773928,"[0.23051565548586994, 0.3122773945054571, 0.1478897494808338, 0.33124846011967435, 0.05175749445309452]"
781441,change_point,context_split,0.08630483957923812,"[0.26779586862453586, 0.33628131432137626, 0.1855912413076236, 0.3458662964389032, 0.09928640172838549]"
781442,change_point,context_split,0.10789965143353807,"[0.2546503211434912, 0.3275996382547325, 0.18788905565642022, 0.3197711350702163, 0.07998940422288216]"
781443,change_point,context_split,0.1049928300180874,"[0.2108755947084386, 0.2804082024612598, 0.14281038105845772, 0.24557822418176348, 0.03781755104037032]"
781444,change_point,context_split,0.09689253657552646,"[0.2639293095154002, 0.3422353890110003, 0.22255652636404558, 0.3528357420513118, 0.12566398978851911]"
781445,change_point,context_split,0.09228041381049475,"[0.20504577300812052, 0.2813301502323426, 0.19559760508981264, 0.28711445072582475, 0.10331719127931789]"
781446,change_point,global_downweight,0.19105373504693218,"[0.2714338484885888, 0.3580316142905842, 0.2776331211811634, 0.3742892334169204, 0.08038011344165664]"
781447,change_point,context_split,0.06404738012170327,"[0.20466944673180273, 0.2716688575916105, 0.10351637395760514, 0.2553043491099072, 0.03946899383590186]"
781448,change_point,context_split,0.08514645859402097,"[0.23129508977813598, 0.32346340777452365, 0.15052053873375432, 0.3297412248687413, 0.06537408013973335]"
781449,change_point,context_split,0.0788698331195724,"[0.23593156053148565, 0.3113526581363306, 0.15163886423907064, 0.29832786314275855, 0.07276903111949824]"
781450,change_point,global_downweight,0.18465951381348727,"[0.25607237328593363, 0.34842176223399135, 0.2624306574143778, 0.3670138669078722, 0.07141285947244637]"
781451,change_point,context_split,0.11307996404521184,"[0.27059808363076415, 0.3365223007097176, 0.17111718357278483, 0.3414076155610067, 0.058037219527572986]"
781452,change_point,context_split,0.09929405986063775,"[0.2737416012210898, 0.3694060329190632, 0.13896991600055944, 0.36423515136731993, 0.039675856139921695]"
781453,change_point,context_split,0.05372773231778668,"[0.20188148478605736, 0.2742240274711238, 0.1105652643255376, 0.28217013409498226, 0.056837532007750914]"
781454,change_point,context_split,0.1254941146371661,"[0.33356448532503896, 0.41113851949982666, 0.24936304640197926, 0.4158222063610118, 0.12386893176481317]"
781455,change_point,context_split,0.06754779436685841,"[0.21600756957472414, 0.2868112912461808, 0.11048120586839781, 0.27734166501884866, 0.0429334115015394]"
781456,change_point,context_split,0.06769127975638903,"[0.31984936331216113, 0.3874180850892333, 0.2524056775516055, 0.38892408139184487, 0.18471439779521645]"
781457,change_point,context_split,0.091511042533645,"[0.31839874572147564, 0.37479071827922805, 0.3019348617025244, 0.38170560537001047, 0.21042381916887942]"
781458,change_point,context_split,0.060617156739052575,"[0.26028641211082765, 0.3447398124813606, 0.19933916242560845, 0.31360676132092286, 0.13872200568655588]"
781459,change_point,global_downweight,0.16917746639939085,"[0.26940555621370926, 0.3453079066477763, 0.2718028996439548, 0.3510808554690661, 0.10022808981431842]"
781460,change_point,context_split,0.10512866719361467,"[0.21321497635295383, 0.2899910384122543, 0.13555361140643815, 0.2926315709005796, 0.03042494421282348]"
781461,change_point,context_split,0.15333318043674465,"[0.29941420754361653, 0.3945830256026197, 0.22769617434112133, 0.37453246971127113, 0.07436299390437669]"
781462,change_point,context_split,0.05208795211506986,"[0.23896763022865894, 0.3100851412558651, 0.09144373298234058, 0.2824448779207624, 0.03935578086727072]"
781463,change_point,context_split,0.06688468667270467,"[0.18604333393130057, 0.26491087074835673, 0.11987251974019959, 0.2603610706862323, 0.05298783306749492]"
781464,change_point,context_split,0.14310247753876665,"[0.2731490964888228, 0.3486924185300497, 0.1873257593235065, 0.36567935421323544, 0.04422328178473985]"
781465,change_point,context_split,0.08508705635153004,"[0.22034181701280586, 0.2924286465879561, 0.17835909200232883, 0.29650655453749636, 0.09327203565079879]"
781466,change_point,context_split,0.07711989555897705,"[0.18991520433634448, 0.26381530314926294, 0.11496268063307319, 0.2590415666800712, 0.037842785074096136]"
781467,change_point,global_downweight,0.08320064065951295,"[0.2045651601341426, 0.29076527970469823, 0.22293835249902516, 0.2896738353973007, 0.12136451947462966]"
781468,change_point,global_downweight,0.19569453379479196,"[0.23670578914621787, 0.31809088036242494, 0.23682226819249194, 0.3274526943403775, 0.04101125535142592]"
781469,change_point,context_split,0.071231749182931,"[0.2224103028358663, 0.3027599885878319, 0.16969293849345826, 0.3316074456726504, 0.09846118931052726]"
781470,change_point,global_downweight,0.12509141914966884,"[0.2566101399912208, 0.3282065252364809, 0.26255813809713396, 0.3365253198180043, 0.13151872084155194]"
781471,change_point,context_split,0.07478777737775308,"[0.28514943116593156, 0.35596590900014696, 0.27686167204958984, 0.36438398001445843, 0.20207389467183676]"
781472,change_point,context_split,0.07263445360490638,"[0.2350706716873846, 0.3135641120320156, 0.1422163602900843, 0.3188927072623538, 0.06958190668517793]"
781473,change_point,context_split,0.06752878441304008,"[0.2377751979911886, 0.32117660211008664, 0.11712163250732398, 0.32092104301284924, 0.04959284809428389]"
781474,change_point,context_split,0.12082055190293729,"[0.24325214440910248, 0.31053825762236015, 0.21038442779711483, 0.3317074096456419, 0.08956387589417754]"
781475,change_point,context_split,0.16505809859500659,"[0.30715116774501766, 0.3951343805422371, 0.2378093263813956, 0.4073617444140801, 0.07275122778638901]"
781476,change_point,context_split,0.08287758324696433,"[0.27222921009357476, 0.3424389127829419, 0.17763228295066255, 0.32509726598075206, 0.09475469970369822]"
781477,change_point,context_split,0.15691017920394013,"[0.23440018212365574, 0.3025453399553361, 0.2241198446388684, 0.31021073918449565, 0.06720966543492825]"
781478,change_point,context_split,0.07298518720625649,"[0.28925342578066143, 0.3697266475911298, 0.26254537106121006, 0.3848839907415266, 0.18956018385495357]"
781479,change_point,context_split,0.1417568224844201,"[0.26881842906508385, 0.33299402254150096, 0.22282415080485352, 0.3517456303805555, 0.08106732832043342]"
781480,change_point,context_split,0.1084559827492646,"[0.2581172839255061, 0.323825073596033, 0.18860132038228347, 0.2934715325871551, 0.08014533763301887]"
781481,change_point,global_downweight,0.23004314854187102,"[0.2793650589735969, 0.3583103015560693, 0.28030085882109207, 0.3750686038556093, 0.04932191043172591]"
781482,change_point,context_split,0.03865227623805978,"[0.2929673873897009, 0.37321179185777004, 0.18313604141710785, 0.3676608433570092, 0.14448376517904807]"
781483,change_point,context_split,0.07627392268230662,"[0.21402305591835155, 0.28329798461779704, 0.15549901898105492, 0.2783327490067894, 0.0792250962987483]"
781484,change_point,context_split,0.09236362028574703,"[0.2339271588960794, 0.2984391150616012, 0.18095201008940873, 0.29827901236436083, 0.0885883898036617]"
781485,change_point,context_split,0.08048596579773701,"[0.25851329106303356, 0.33478329948446456, 0.12884336701398344, 0.3208452055615358, 0.04835740121624643]"
781486,change_point,context_split,0.09872406018937155,"[0.2515928321914402, 0.329555096448578, 0.18299791979089566, 0.3052334179409834, 0.08427385960152411]"
781487,change_point,context_split,0.05999675587217207,"[0.2667908704264243, 0.33629176003881384, 0.21330952508625908, 0.3431597148843761, 0.153312769214087]"
781488,change_point,context_split,0.056578880751513905,"[0.34462006738964446, 0.4260679171731092, 0.2810868855350512, 0.42045166624182767, 0.22450800478353727]"
781489,change_point,context_split,0.04929263664532436,"[0.17378470462365034, 0.2561537299110172, 0.08601892277925212, 0.26947450299474146, 0.03672628613392776]"
781490,change_point,context_split,0.07192513600840428,"[0.20553800749975268, 0.27067425707670884, 0.13180440628326226, 0.2729486546097915, 0.05987927027485798]"
781491,change_point,context_split,0.07447767200136615,"[0.23436792822404204, 0.3164849428364735, 0.12784365635844933, 0.29959998588121856, 0.053365984357083174]"
781492,change_point,context_split,0.1448805445974375,"[0.28217564777296916, 0.36710934807257684, 0.18764405053871472, 0.36237139569599813, 0.04276350594127722]"
781493,change_point,context_split,0.05872084440232633,"[0.22752732173837587, 0.30908622896573956, 0.19722472837460855, 0.32954123562881715, 0.13850388397228222]"
781494,change_point,context_split,0.12726750408003465,"[0.266980635902136, 0.3505672000339537, 0.24241129999891606, 0.3550919882053518, 0.11514379591888141]"
781495,change_point,context_split,0.21657456044901316,"[0.2804267435389017, 0.35219533051370316, 0.26662210275099096, 0.3640785471244546, 0.05004754230197781]"
781496,change_point,context_split,0.13325359691579008,"[0.26293202361039786, 0.32970816784508755, 0.19725322629121914, 0.3307232378243961, 0.06399962937542904]"
781497,change_point,context_split,0.0711513784103214,"[0.23894263102793448, 0.29590582180808306, 0.1521902652308323, 0.28061996041204335, 0.08103888682051089]"
781498,change_point,context_split,0.10432986844638911,"[0.22617131840157248, 0.30212569544651097, 0.13855244241445616, 0.29741042222036373, 0.03422257396806704]"
781499,change_point,context_split,0.10384408164080108,"[0.25200586136365116, 0.3331360496847629, 0.1625475622608057, 0.3277323180132335, 0.0587034806200046]"
